Date,Open,High,Low,Close,Volume
2015-01-02,0.48242300748825073,0.4860178389236067,0.47475407185142937,0.48242300748825073,113680000
2015-01-05,0.4824230215357024,0.48386095415171526,0.4721179139714885,0.47427478432655334,197952000
2015-01-06,0.474993790261219,0.47547309165022456,0.4594163094203207,0.45989561080932617,197764000
2015-01-07,0.46325072484129143,0.4673248578568716,0.4572593863700916,0.4586973190307617,321808000
2015-01-08,0.46396968038981273,0.47882822230826705,0.463730015428952,0.4759523570537567,283780000
2015-01-09,0.47762987429903825,0.48146434161408075,0.47115920713378534,0.47786951065063477,209540000
2015-01-12,0.4790678664893313,0.4793075314540888,0.4675644909911209,0.4718782603740692,190732000
2015-01-13,0.47547310874516935,0.48505925114576265,0.4678042005384863,0.47115933895111084,236720000
2015-01-14,0.46612652255469034,0.47451439519777594,0.46492825503424956,0.4730764627456665,155260000
2015-01-15,0.47643162100773634,0.4793074572950975,0.4694816523635835,0.46972131729125977,188932000
2015-01-16,0.4690023476275521,0.4788281524867948,0.4675644152099725,0.47834885120391846,181512000
2015-01-20,0.4817042578803491,0.4843404306934696,0.4737956823030547,0.47978705167770386,140308000
2015-01-21,0.4771505990576135,0.4876953704647702,0.4737954328316744,0.48649707436561584,144780000
2015-01-22,0.4874556985928156,0.49632293013390916,0.4824229918840101,0.49488499760627747,159712000
2015-01-23,0.4953641511036334,0.49728141305821855,0.4912900480147409,0.4963228106498718,120416000
2015-01-26,0.49416598677635193,0.4965625217269726,0.49105048562675496,0.49416598677635193,133240000
2015-01-27,0.4864969851585562,0.4869763149379057,0.46948157792214296,0.47044020891189575,357948000
2015-01-28,0.4761920250882738,0.47810925908067087,0.46253175074804154,0.4627714157104492,272728000
2015-01-29,0.4630110409657519,0.476671285565548,0.4608541421959194,0.4740351140499115,235340000
2015-01-30,0.47068002477969106,0.47619206222433336,0.4594163134782655,0.46013525128364563,298200000
2015-02-02,0.46301102289462487,0.4721178617953703,0.45390418399387944,0.47020062804222107,259604000
2015-02-03,0.47355585233264075,0.48242305649231826,0.47115931684493473,0.4819437265396118,183468000
2015-02-04,0.48050566860954347,0.48865387474798705,0.47906770786607444,0.48314183950424194,181516000
2015-02-05,0.48362135961935043,0.49129029704928423,0.4831420867411799,0.491050660610199,140448000
2015-02-06,0.4905714362497419,0.4963231691299181,0.4867369667089354,0.48889386653900146,210524000
2015-02-09,0.4860178713721574,0.48985228230866185,0.48290236963281424,0.4884144067764282,273944000
2015-02-10,0.48889362738079317,0.5023142356395227,0.4867367286058442,0.5020745992660522,226204000
2015-02-11,0.5032728004526207,0.5032728004526207,0.4953642293433398,0.4987194240093231,320832000
2015-02-12,0.5272383342095578,0.5392210119361106,0.5241228322868625,0.5344279408454895,676904000
2015-02-13,0.5332296188319455,0.535386517860257,0.5250814097977616,0.5346675515174866,310084000
2015-02-17,0.5337090710186161,0.5389814730272677,0.5303539320758035,0.5363452434539795,203340000
2015-02-18,0.5356261514582972,0.5365848113355812,0.5291555115451427,0.5301141142845154,170948000
2015-02-19,0.5368244172086709,0.5377830198935313,0.5291554814539721,0.5315520167350769,169432000
2015-02-20,0.5310725845726747,0.5356259602436498,0.52723811784615,0.535386323928833,157752000
2015-02-23,0.5351469000497096,0.5351469000497096,0.5284365663300373,0.5310727953910828,125008000
2015-02-24,0.5331177388492617,0.5367263555526733,0.5283062116727606,0.5367263555526733,149356000
2015-02-25,0.534561111029872,0.5369669317956418,0.5302307598389194,0.5326365232467651,123820000
2015-02-26,0.5331177345779309,0.5372075269093967,0.5297496196950228,0.5340800285339355,152864000
2015-02-27,0.5326364170617491,0.533839327204825,0.5287871849049842,0.530711829662323,157492000
2015-03-02,0.5292683818605439,0.5465898985882691,0.5285466472170625,0.5437029600143433,301512000
2015-03-03,0.5396132776955921,0.5422596003513988,0.5319148115140663,0.5335988402366638,160344000
2015-03-04,0.5316742220451955,0.5408160999261473,0.5295090178005267,0.5396132469177246,226840000
2015-03-05,0.5396131447529937,0.5509202247378496,0.5381696755298393,0.5499579310417175,323056000
2015-03-06,0.5468304890340148,0.5494768113065542,0.5420189627068968,0.5425001382827759,257392000
2015-03-09,0.5427408499336985,0.548033553324255,0.5415379393348716,0.5439437031745911,222388000
2015-03-10,0.5463493395932505,0.556934743905607,0.5453870457533784,0.5533260703086853,527212000
2015-03-11,0.5533260004943618,0.5605432894196636,0.5489956500823462,0.5504391193389893,262120000
2015-03-12,0.5451465896911519,0.5492363823022118,0.5350423590675187,0.5453871488571167,406972000
2015-03-13,0.542740725161683,0.5475522517349881,0.5352828188225155,0.5461087822914124,359288000
2015-03-16,0.5504392303062056,0.5559724920002205,0.5468305564370979,0.5526043772697449,236956000
2015-03-17,0.5514012765870755,0.5595808572064099,0.5475520453080064,0.5593402981758118,299900000
2015-03-18,0.5593406713635664,0.562227553730549,0.5451466466459371,0.5501987338066101,413844000
2015-03-19,0.5521232287007102,0.560543371670122,0.5480334367787213,0.5586187839508057,310756000
2015-03-20,0.563189540643124,0.5680010654980705,0.5578968403595226,0.5646329522132874,462084000
2015-03-23,0.5477927563329844,0.5550100454745857,0.5461087279357356,0.546349287033081,426012000
2015-03-24,0.5446653749535283,0.548514608122667,0.5364857903178135,0.5388915538787842,330480000
2015-03-25,0.5386508421958619,0.5386508421958619,0.5044889290028901,0.5061730146408081,542552000
2015-03-26,0.49582830283333673,0.5066542087355871,0.4922196292939733,0.504489004611969,311920000
2015-03-27,0.5073760661701903,0.5162773865764905,0.4991964806463396,0.5143527984619141,318288000
2015-03-30,0.5167584366951103,0.5191641999326196,0.5100222652153322,0.5165178775787354,253252000
2015-03-31,0.5150743240872512,0.5155554422414664,0.5030455098632103,0.5035266280174255,357276000
2015-04-01,0.5054512619972229,0.5071352902171121,0.4967905044678577,0.5054512619972229,330768000
2015-04-02,0.5083382912539662,0.5097817608230094,0.5023239111935214,0.5066542625427246,192204000
2015-04-06,0.5044890029396065,0.5230134314503978,0.49919635824331177,0.521329402923584,515864000
2015-04-07,0.5213295148017371,0.5316743046564015,0.5184425753602746,0.5259004831314087,413964000
2015-04-08,0.5263812189251209,0.5316739182687523,0.5213291359320344,0.5297492742538452,366432000
2015-04-09,0.5256598420538224,0.5437030980043462,0.5254192828975804,0.5420190691947937,379432000
2015-04-10,0.5425000834438873,0.5477927274539566,0.5405754386928429,0.5475521683692932,258728000
2015-04-13,0.5463493134581356,0.5494768113065542,0.5400943177612987,0.5425001382827759,236724000
2015-04-14,0.5403351200892534,0.5425003248886054,0.5326366523746272,0.537929356098175,220276000
2015-04-15,0.5393725682929051,0.5485144441485298,0.5367261890164025,0.5444246530532837,243560000
2015-04-16,0.5412971920886167,0.5458681590033155,0.5372074007178546,0.5410566329956055,155284000
2015-04-17,0.5297496196950228,0.5393727313288531,0.5295090605455035,0.5340800285339355,293636000
2015-04-20,0.5364854869053995,0.53985354251435,0.5304710527255063,0.5314334034919739,231624000
2015-04-21,0.5379291184470401,0.5379291184470401,0.5280654502907213,0.530711829662323,230456000
2015-04-22,0.5338394736615297,0.5374480903649413,0.5256598315751352,0.5367263555526733,207420000
2015-04-23,0.5268626893246587,0.5396132408022217,0.5208482522769378,0.5345610976219177,259380000
2015-04-24,0.5343206675657001,0.5345612267511834,0.5239758769367406,0.5299903154373169,240960000
2015-04-27,0.53167426496496,0.5434625236603188,0.5271032969765279,0.5340800285339355,248456000
2015-04-28,0.5331177388492617,0.5386510008380307,0.5280655951633857,0.5367263555526733,234484000
2015-04-29,0.5328770823801725,0.5381697848206026,0.5304713189723268,0.5326365232467651,195156000
2015-04-30,0.5299902362024699,0.5367263512524304,0.5287873257390181,0.5340800285339355,218844000
2015-05-01,0.538410464222043,0.5489958714674302,0.5360047002768071,0.5473118424415588,256968000
2015-05-04,0.5468306427254281,0.5504393171639744,0.5422596742225809,0.5439437031745911,200720000
2015-05-05,0.5420191350805329,0.5427408699949194,0.5275845515086737,0.5299903154373169,292928000
2015-05-06,0.5328769397505828,0.5379290817053516,0.5246973578248353,0.5316740870475769,316484000
2015-05-07,0.5295089361623526,0.5427406613625125,0.5278249077954454,0.5410566329956055,534564000
2015-05-08,0.5054513330016068,0.5254191727312021,0.4929413417731654,0.501120924949646,1146552000
2015-05-11,0.49414407688558293,0.5013614219186658,0.4902949026784771,0.4963092803955078,544144000
2015-05-12,0.4927007826673623,0.5052107165378863,0.4924601662036417,0.501120924949646,388800000
2015-05-13,0.5047296703022351,0.5085789033335845,0.4991964085742816,0.5040079355239868,308524000
2015-05-14,0.5054514842937171,0.5148339805234239,0.5042485736888105,0.5121876001358032,293052000
2015-05-15,0.5143526327674134,0.516758395814604,0.5093005475756879,0.5124280452728271,215824000
2015-05-18,0.5112250575449613,0.5148337302474635,0.5088192948625954,0.5117062330245972,324972000
2015-05-19,0.5123830055960729,0.5140748866138714,0.5075492080054241,0.5085160136222839,253808000
2015-05-20,0.5087576862147926,0.5147999620148099,0.508032610813854,0.5085160136222839,196824000
2015-05-21,0.5087578503673191,0.5109330772719796,0.5044073965579983,0.5048907995223999,239692000
2015-05-22,0.5060992033626204,0.5080326996877557,0.5029572286167087,0.5041656494140625,212592000
2015-05-26,0.5017486659707957,0.5051323127835039,0.49715654094017,0.5010235905647278,259732000
2015-05-27,0.5044071389686328,0.5302680030772182,0.50271531589235,0.5278511047363281,432332000
2015-05-28,0.5278512531078707,0.5367937737204402,0.5268845050244558,0.5351019501686096,327656000
2015-05-29,0.5351020452012546,0.5384856929058423,0.5341352969461478,0.534860372543335,335168000
2015-06-01,0.5382440423768031,0.5462198166503419,0.5348603945331032,0.5409026145935059,372660000
2015-06-02,0.5375188294815177,0.5404191312488452,0.5297847298509218,0.530268132686615,224304000
2015-06-03,0.5317181634181855,0.5358268849111764,0.5235006628088009,0.5244674682617188,250788000
2015-06-04,0.5213254531322404,0.5355851697594342,0.5213254531322404,0.533893346786499,323712000
2015-06-05,0.532201471939618,0.540418971984161,0.5266426002727501,0.538002073764801,313320000
2015-06-08,0.5363101702885861,0.5399354882618688,0.5196335577906709,0.5256757736206055,342812000
2015-06-09,0.5261594507266213,0.532201669708643,0.5251927026043082,0.5283346772193909,256888000
2015-06-10,0.5220507136185583,0.5254343607652213,0.516008437179444,0.5189087390899658,529460000
2015-06-11,0.518908596212754,0.5280927870282507,0.518908596212754,0.5244674682617188,283052000
2015-06-12,0.5210837866416823,0.524225760439128,0.5089992941989699,0.5102077722549438,323728000
2015-06-15,0.507549341871235,0.5116581227680462,0.5036823488775292,0.5092412233352661,306548000
2015-06-16,0.5082742282029435,0.5162499991236107,0.5031987585710304,0.5155249238014221,256892000
2015-06-17,0.5152831007672501,0.5244673470841402,0.5140746806654113,0.5215670466423035,233544000
2015-06-18,0.5259177376590397,0.5336517796662198,0.524467586775376,0.530268132686615,299404000
2015-06-19,0.5302681977513468,0.5346185933127224,0.523742575597572,0.5285763740539551,355656000
2015-06-22,0.5295430170733466,0.5324433186206555,0.5184252713065445,0.5264010429382324,514236000
2015-06-23,0.5273679536078978,0.5314766769852013,0.5087578332671362,0.5128665566444397,414064000
2015-06-24,0.5121414380020112,0.514800067558325,0.5053741430370475,0.5077910423278809,253368000
2015-06-25,0.5077910222346194,0.5148000471877167,0.5077910222346194,0.5116580724716187,350460000
2015-06-26,0.5075494171957299,0.508032820203398,0.49909029673731076,0.5012654662132263,421296000
2015-06-29,0.495464632139097,0.5005401591067911,0.4855553660030805,0.4862804412841797,391724000
2015-06-30,0.4891807783320674,0.49135600459133716,0.48265515717767227,0.48603880405426025,315916000
2015-07-01,0.4981234818731597,0.5051324499966968,0.48869755665725,0.49304795265197754,302892000
2015-07-02,0.49280618145609073,0.49667323135787456,0.49038928247040303,0.4935312569141388,145764000
2015-07-06,0.48942250892126193,0.49618980267951246,0.4838636357812358,0.4874889552593231,214776000
2015-07-07,0.4845886910755085,0.48652218703373085,0.46307824601737296,0.4783047139644623,594252000
2015-07-08,0.475646182743532,0.4785464557372504,0.4710540574260785,0.4749211072921753,332492000
2015-07-09,0.4824135053783639,0.48458873173141953,0.4662202592818804,0.4691205322742462,357588000
2015-07-10,0.4751627006350059,0.48168834979690117,0.47395425135490726,0.47733792662620544,216708000
2015-07-13,0.48217177909722697,0.48313852710760175,0.4773379814219396,0.4804799556732178,212472000
2015-07-14,0.4812049956844673,0.48168836965409273,0.4744376736745973,0.4807215929031372,249216000
2015-07-15,0.47951312380570155,0.48265509769629866,0.4729875034555098,0.47733792662620544,265732000
2015-07-16,0.48023833766249696,0.4879724383354187,0.4785465139446872,0.4879724383354187,282848000
2015-07-17,0.4862806143650572,0.486763959642224,0.4787881863347356,0.48507213592529297,220372000
2015-07-20,0.4850721125187316,0.4870056664043684,0.4749211418952562,0.47612959146499634,188412000
2015-07-21,0.4751627398147921,0.4850720362533582,0.4751627398147921,0.4783047139644623,149720000
2015-07-22,0.4749211070706862,0.4749211070706862,0.46331998628951454,0.4691205322742462,356472000
2015-07-23,0.47008730936540843,0.4819301027613039,0.4691205324930301,0.4749211072921753,169916000
2015-07-24,0.47830474941943557,0.4787881234448219,0.46742870419555704,0.4693622291088104,188844000
2015-07-27,0.4652534132421565,0.47202073509273873,0.4613863927644696,0.4667035639286041,192420000
2015-07-28,0.4679121903088217,0.4799966878968489,0.46307839127361083,0.47685474157333374,198308000
2015-07-29,0.47588778609999516,0.4865221572783564,0.47395426144832,0.4826551079750061,232680000
2015-07-30,0.48144672400112465,0.48869744963175044,0.48144672400112465,0.4838636517524719,190180000
2015-07-31,0.4857970620751907,0.48603873463945646,0.4792714418527678,0.4821717143058777,218340000
2015-08-03,0.48603865745151426,0.4908724537096083,0.47975473960301096,0.4903891086578369,397132000
2015-08-04,0.48869730520337257,0.49377277418959875,0.486763752049049,0.4923226237297058,260100000
2015-08-05,0.5044072232792888,0.5048906260776274,0.49643145165887714,0.4973982572555542,234628000
2015-08-06,0.49618981369696524,0.499815190878965,0.48603881521078146,0.49425631761550903,655676000
2015-08-07,0.542835933368466,0.5648296924368384,0.5288178874909847,0.5554038286209106,1405248000
2015-08-10,0.551536972508079,0.5788479408847117,0.5481532673243821,0.5747392177581787,662304000
2015-08-11,0.5662799820651817,0.5773977294216347,0.5662799820651817,0.5718388557434082,435008000
2015-08-12,0.5626548087034922,0.5773978797268696,0.5626548087034922,0.573289155960083,384048000
2015-08-13,0.5740141532394871,0.5752226317476572,0.5670051277130101,0.5684552788734436,276884000
2015-08-14,0.5679716881923257,0.5723221402355064,0.564588041685457,0.5689384937286377,214652000
2015-08-17,0.567971552135009,0.567971552135009,0.5583039600750181,0.5653129816055298,273880000
2015-08-18,0.5635657926517502,0.5674491134322461,0.5557991510907582,0.5601679086685181,287084000
2015-08-19,0.5594397103805797,0.5657500986032218,0.5519157592539538,0.5579834580421448,249248000
2015-08-20,0.551673037716474,0.5543427949376699,0.5351689419510598,0.5378387570381165,426932000
2015-08-21,0.5339554023147798,0.5429355468083379,0.5206065013437996,0.5210919380187988,382664000
2015-08-24,0.49196694730634377,0.5298292626584903,0.4854138720695008,0.5026460886001587,682284000
2015-08-25,0.5247325171982861,0.526674206057024,0.4922098219394684,0.4922098219394684,622684000
2015-08-26,0.508228479710627,0.5298293993500911,0.504345159862452,0.5293439626693726,614976000
2015-08-27,0.5349261785507633,0.5494885833419955,0.5317709850594111,0.5492458939552307,463764000
2015-08-28,0.549245986819565,0.555070938147747,0.5453626666454895,0.5516730546951294,320944000
2015-08-31,0.5490033627895302,0.5528866834261902,0.5434211002241819,0.5456054210662842,219352000
2015-09-01,0.5298295249925065,0.5388096717213952,0.5193931257419878,0.5232763886451721,353408000
2015-09-02,0.5375961146724845,0.5392950566780814,0.5286159678432408,0.5390523672103882,344044000
2015-09-03,0.5470617668722495,0.5497315828150011,0.5395378716378572,0.5405086874961853,262556000
2015-09-04,0.5312855251126278,0.5397802898011091,0.5276449530074575,0.5278876423835754,287972000
2015-09-08,0.5407512324082595,0.5526438826240913,0.5385669117775346,0.5504595041275024,238448000
2015-09-09,0.5521586262226474,0.5567700158059578,0.5383242838750865,0.5395378470420837,289392000
2015-09-10,0.5363825007813735,0.5548282275034759,0.5339554329986196,0.5480324029922485,357076000
2015-09-11,0.5419647929042509,0.5533720063372212,0.5397804144173426,0.549731433391571,301584000
2015-09-14,0.5524013352561733,0.5541002774573844,0.5477898876438123,0.5507023930549622,192460000
2015-09-15,0.5509447199333454,0.5596821725501557,0.5492457788503323,0.5567696690559387,327976000
2015-09-16,0.555799192028879,0.5638085236455049,0.5516731814787801,0.5606533288955688,173508000
2015-09-17,0.5703614507550049,0.5754583336139615,0.5645364996392007,0.5657500624656677,268712000
2015-09-18,0.5579832621545366,0.5701185976047799,0.5545853798016372,0.5652644634246826,326412000
2015-09-21,0.5659930362235621,0.5723034272132878,0.5630805302695688,0.5710898637771606,281840000
2015-09-22,0.5587116107728566,0.5625949312380105,0.5526439116962034,0.5555564165115356,228356000
2015-09-23,0.5560419083099142,0.5616241717622226,0.5538575871207473,0.5582262873649597,161632000
2015-09-24,0.5548282651274188,0.5747302454419362,0.5460908089438291,0.5689052939414978,382440000
2015-09-25,0.5759436931897064,0.5841957696824579,0.567448985151981,0.5730312466621399,369692000
2015-09-28,0.5730313034927281,0.5766718764797061,0.5618667793651644,0.5655073523521423,395584000
2015-09-29,0.5715750276691912,0.576429163362979,0.5635656979878553,0.5754583477973938,380736000
2015-09-30,0.5807979458923486,0.5990009862956012,0.5774000619910633,0.5982728600502014,556380000
2015-10-01,0.5982727359844038,0.5999716775827313,0.5696333024906363,0.5866228342056274,489296000
2015-10-02,0.5834678968186029,0.6019136309623718,0.57740019598744,0.6019136309623718,386144000
2015-10-05,0.6057967172391944,0.6244851336399362,0.6026415232911113,0.6169612407684326,482024000
2015-10-06,0.6104080905410063,0.627640252620382,0.607981023014368,0.6249704957008362,453216000
2015-10-07,0.6264269617879656,0.6378341772734767,0.6162332515474003,0.6315237879753113,310152000
2015-10-08,0.6288539321540386,0.6368632622666175,0.6181747867600234,0.6351643204689026,460068000
2015-10-09,0.6317663459008045,0.6378340444597017,0.6208445695069964,0.6327372193336487,423248000
2015-10-12,0.6334654618887591,0.6431737938271271,0.6288540722104409,0.6395331621170044,227588000
2015-10-13,0.6344361460357817,0.6446297960467735,0.6322517676623431,0.640746533870697,298444000
2015-10-14,0.6414744395263993,0.6744826225829189,0.6407463714523334,0.6640462279319763,612148000
2015-10-15,0.6652600599291288,0.6793370912062339,0.6584642916338881,0.6657454967498779,526048000
2015-10-16,0.6679296558277396,0.6824920612672088,0.6662306564471984,0.6761816740036011,448396000
2015-10-19,0.6783661242970846,0.6815213182643205,0.6672016007000751,0.6749681830406189,294712000
2015-10-20,0.6720558304054379,0.6771526562045587,0.6669589467404475,0.6739974617958069,264824000
2015-10-21,0.6781235450018523,0.6822496134164509,0.6640465712394974,0.6652600765228271,386280000
2015-10-22,0.6730267268296636,0.6914724587141988,0.6720559110180305,0.6892880797386169,306884000
2015-10-23,0.6953555857209013,0.6985107796273566,0.6849191884609014,0.6938993334770203,381776000
2015-10-26,0.694384852250473,0.6960837941138474,0.6844338326517364,0.6907442212104797,247436000
2015-10-27,0.6873463556789801,0.6946275600858454,0.6868609189055083,0.6902588605880737,208268000
2015-10-28,0.6946276300761345,0.6958411931991577,0.6844339197330631,0.6958411931991577,217036000
2015-10-29,0.6846765347506905,0.6917149911867635,0.6705995061468175,0.6718130111694336,327168000
2015-10-30,0.6790942466016642,0.693413964085119,0.6739973636786524,0.6885597705841064,301160000
2015-11-02,0.6907443704828188,0.6972974499050832,0.6866183596564256,0.6965693235397339,190088000
2015-11-03,0.6924430088965232,0.6963263285192449,0.6839483014710579,0.691714882850647,376768000
2015-11-04,0.6897733277033076,0.6948701527181738,0.6771525520102745,0.6803077459335327,442264000
2015-11-05,0.6837056655436236,0.6856473546040882,0.670599510315409,0.6725411415100098,478800000
2015-11-06,0.7390428865558295,0.7752062150228625,0.723752353254087,0.7657406330108643,1172272000
2015-11-09,0.7582166821616358,0.7645270696882148,0.7516635473615175,0.7623426914215088,492568000
2015-11-10,0.7523918312804256,0.7565178992716859,0.7317617806534739,0.747780442237854,552260000
2015-11-11,0.7482659019523877,0.7536054756790355,0.7378295018497647,0.7404993176460266,619896000
2015-11-12,0.7388001431590786,0.7455959679211629,0.734674133562678,0.737829327583313,291080000
2015-11-13,0.7385574933938676,0.7417126875839439,0.7196263282534091,0.7232669591903687,292940000
2015-11-16,0.7327325024111467,0.7383147643041271,0.7269074932248281,0.737829327583313,344280000
2015-11-17,0.7397710166007068,0.7441397156245833,0.734674133562678,0.737829327583313,257048000
2015-11-18,0.7408747309704368,0.7569542769606761,0.7328349870181167,0.7559797167778015,350216000
2015-11-19,0.7586596729383805,0.765724856733772,0.7525689331582438,0.7581723928451538,254072000
2015-11-20,0.7637757998043424,0.7691356481174185,0.7591468425378493,0.7647503018379211,239744000
2015-11-23,0.7710845306610036,0.7710845306610036,0.7506197588387342,0.7532996535301208,242552000
2015-11-24,0.7532996751862865,0.7659683742472033,0.7498888894654513,0.7593904137611389,195428000
2015-11-25,0.7579287154587517,0.7669429607519451,0.7557360423596741,0.758415937423706,138300000
2015-11-27,0.7598777335844322,0.7671865859646657,0.7559796673645219,0.7647503018379211,86996000
2015-11-30,0.7654812216931498,0.7762009187227343,0.7647503306190601,0.7727900743484497,327244000
2015-12-01,0.7796115327596391,0.7986145803161365,0.7788806418470365,0.7978836894035339,409496000
2015-12-02,0.7991017198551512,0.807385071896953,0.7900874769760636,0.7917928695678711,294240000
2015-12-03,0.7981273830718556,0.8064107368258089,0.7861895743761049,0.7900876402854919,246656000
2015-12-04,0.7900878118054135,0.8237085722263079,0.7900878118054135,0.822246789932251,458756000
2015-12-07,0.8220031702413724,0.8220031702413724,0.8042182880510148,0.8066545724868774,333588000
2015-12-08,0.7966654852010401,0.8210283209835622,0.7915493071123851,0.8176175355911255,314488000
2015-12-09,0.8173738611888306,0.8222464279669739,0.7886256823464387,0.7969090342521667,372676000
2015-12-10,0.7993455062524446,0.8078725291689953,0.796665611317799,0.803487241268158,236596000
2015-12-11,0.7954475102160234,0.8010509692250091,0.7898440512070378,0.7915494441986084,227320000
2015-12-14,0.7922804625343494,0.7978839224438652,0.7839970491340207,0.7934985756874084,275892000
2015-12-15,0.8025128651290112,0.8088472165040147,0.7981275762231806,0.8032437562942505,307296000
2015-12-16,0.8049488442861218,0.8107959713898713,0.7978836625117292,0.8081160187721252,236356000
2015-12-17,0.8093340854169536,0.8176174369667225,0.7954472765045587,0.7959344983100891,254160000
2015-12-18,0.7903311352328196,0.7983708768389528,0.7820477826948589,0.7830222845077515,395896000
2015-12-21,0.7915495404041695,0.8022691796907402,0.7844842985192391,0.8015382885932922,284216000
2015-12-22,0.8039745539061056,0.8103089045440212,0.7973965922699927,0.8022691607475281,130012000
2015-12-23,0.8034873090509863,0.8086034883811668,0.8020255269321929,0.8054363131523132,122524000
2015-12-24,0.8029998406419272,0.8100650805019026,0.8017816698001184,0.8081160187721252,52448000
2015-12-28,0.7995893098910566,0.8073853850364685,0.7883823901535756,0.8073853850364685,142024000
2015-12-29,0.8078723862078938,0.8229773673455189,0.8056797136026946,0.8205410838127136,203660000
2015-12-30,0.8198103162083747,0.8268755569414914,0.8132323554893175,0.8134759664535522,180344000
2015-12-31,0.8122580079340757,0.8159124054345541,0.8030000925064087,0.8030000925064087,148528000
2016-01-04,0.7866769514293674,0.7937421350456448,0.780586211803641,0.788625955581665,358076000
2016-01-05,0.8034872979533557,0.8146942165951886,0.7917930992501232,0.8012946248054504,490272000
2016-01-06,0.7881387345984707,0.7917931902650513,0.7591469326241395,0.7681612372398376,449344000
2016-01-07,0.7489144156541989,0.7540306529097975,0.7279623608357139,0.7377075552940369,645304000
2016-01-08,0.7472091402102525,0.7479400313618109,0.7204100109669944,0.7218717932701111,398472000
2016-01-11,0.7226025922043049,0.7282060515940786,0.7101775022990869,0.7230898141860962,409372000
2016-01-12,0.7360019274859836,0.74599073053029,0.7301548586829631,0.7352710366249084,469356000
2016-01-13,0.7408747248314103,0.7457473514486098,0.712126593729205,0.7128574848175049,481672000
2016-01-14,0.6982397384048808,0.7065231515819337,0.6777749616831742,0.698483407497406,600236000
2016-01-15,0.6704660261793515,0.6785057692742911,0.6490266918976483,0.6604772210121155,841452000
2016-01-19,0.6741204636582103,0.693123515054912,0.6631571558392522,0.6658371090888977,457140000
2016-01-20,0.6531683726015923,0.6780184930423742,0.6443977384409874,0.6694914698600769,481180000
2016-01-21,0.6768003566430096,0.6877636054001625,0.6629134858193761,0.6772875785827637,481456000
2016-01-22,0.6901999551609949,0.6977524768031707,0.6887381730311803,0.6931235194206238,257996000
2016-01-25,0.6928798677049081,0.7009196108607711,0.690930805617842,0.6923925876617432,270728000
2016-01-26,0.6938545478334631,0.7021379040946328,0.686789304864532,0.6992143392562866,227944000
2016-01-27,0.6982395151808832,0.7004321877990215,0.6777747450016705,0.6909306645393372,231700000
2016-01-28,0.6965342609666421,0.6989705449981196,0.6699787475978585,0.6833783388137817,276776000
2016-01-29,0.68922534026806,0.7150499600483087,0.6865454455258642,0.7135881781578064,310504000
2016-02-01,0.7128573995776185,0.71748629846922,0.7067666605986179,0.713831901550293,289884000
2016-02-02,0.7065232439378804,0.7101776418618555,0.6787495525218745,0.6836221218109131,341908000
2016-02-03,0.6889818213324466,0.6931234985182904,0.6711969414890969,0.6870327591896057,326772000
2016-02-04,0.6880073155971269,0.7028686905292251,0.6804548516713719,0.6872764825820923,348140000
2016-02-05,0.6826475863054845,0.6902000509097878,0.6419615824475545,0.6439105868339539,600428000
2016-02-08,0.6341655087449923,0.6373326847368205,0.6054173137685862,0.614431619644165,608852000
2016-02-09,0.6071224794555501,0.6468339080909842,0.604198915890504,0.6210092902183533,425372000
2016-02-10,0.6249076338893279,0.6429361290072128,0.6161369973740948,0.6195477843284607,335800000
2016-02-11,0.6037118110387879,0.6227148635521851,0.6037118110387879,0.616380512714386,340144000
2016-02-12,0.6261255552734702,0.6280746172825449,0.6029808287327493,0.6268564462661743,340816000
2016-02-16,0.6358708422877666,0.6585283522789241,0.6339218379007618,0.6575537919998169,485352000
2016-02-17,0.6658371376764978,0.6802112323369578,0.6631571843117889,0.6738768815994263,771468000
2016-02-18,0.7291803261118673,0.754761330912765,0.7284494352816493,0.7318602204322815,1068660000
2016-02-19,0.7279623185028611,0.7481835391945115,0.7223588596058381,0.7416055202484131,525628000
2016-02-22,0.7523251311221648,0.7764443569432858,0.7508633492992632,0.7679173350334167,449668000
2016-02-23,0.7618270777471493,0.7771756792358804,0.7581726211614433,0.7698668241500854,369380000
2016-02-24,0.7666993299718914,0.7764444660464734,0.7455036067326418,0.7752262949943542,336852000
2016-02-25,0.7781499338645501,0.7808298291170352,0.7630449482624738,0.7769317626953125,349616000
2016-02-26,0.7805861728249441,0.782535176879918,0.7640194060152868,0.7718155384063721,361964000
2016-02-29,0.772915776216405,0.7829409142063675,0.7663138503891409,0.7668028473854065,323344000
2016-03-01,0.7687589742845073,0.8007906079292297,0.7675363652566414,0.8007906079292297,348700000
2016-03-02,0.796389405326877,0.8083707074372719,0.7949222975913648,0.8054364919662476,233812000
2016-03-03,0.8044584369442545,0.8078816494511111,0.7875868146354694,0.7983455657958984,302004000
2016-03-04,0.8044584357072597,0.8051919895714891,0.7897874750171056,0.7959004044532776,175304000
2016-03-07,0.7914990181115743,0.7968783932542789,0.7804957693233364,0.7907654643058777,239968000
2016-03-08,0.7826963016968087,0.7873421222678575,0.7738937157769483,0.7763388752937317,274940000
2016-03-09,0.7831855378468869,0.7844080887391058,0.7658248604591021,0.7758500576019287,222788000
2016-03-10,0.7804958196550907,0.784897142773098,0.7589784342911047,0.7746274471282959,286084000
2016-03-11,0.7861198191689497,0.7880759825216633,0.776828232709538,0.7878314256668091,277400000
2016-03-14,0.7841636564068463,0.7929662451032149,0.7804958868261844,0.7897875308990479,190312000
2016-03-15,0.7856305239464911,0.7907653414916648,0.7719376188621593,0.7858750224113464,226216000
2016-03-16,0.7800069553214907,0.8120385985956738,0.7763391854324823,0.8093488812446594,363644000
2016-03-17,0.8064147217673399,0.8103269319102763,0.791499201982803,0.802502453327179,353680000
2016-03-18,0.8120383712281654,0.8374680215819326,0.8069034948212984,0.8267093300819397,545512000
2016-03-21,0.8193737343675136,0.8293988706723049,0.8105711486450919,0.829154372215271,337780000
2016-03-22,0.8264648914582668,0.8335558146098694,0.8174177470422549,0.8276874423027039,242012000
2016-03-23,0.8313552199747375,0.8479822847321273,0.8276874508093056,0.8418694138526917,429008000
2016-03-24,0.8342893180394088,0.8445590126795074,0.8315996597063484,0.8430919051170349,244956000
2016-03-28,0.8416246855974195,0.8553175905303159,0.840646633451613,0.8516498804092407,265388000
2016-03-29,0.8479821806957311,0.8672989599035908,0.8460260762456314,0.8653428554534912,261812000
2016-03-30,0.8685216339782001,0.8863713070371951,0.8680325786804318,0.8743900060653687,376700000
2016-03-31,0.8783025118852144,0.8802586170126606,0.8643651025347884,0.8712115287780762,379884000
2016-04-01,0.8658319815873742,0.8844152681217162,0.8592300552118657,0.8839262127876282,348292000
2016-04-04,0.8912613844021884,0.8959072044270846,0.8719446090012779,0.8753678202629089,393940000
2016-04-05,0.8675436410799002,0.8822146014509358,0.8641203703555538,0.8741455674171448,339568000
2016-04-06,0.8631420241162304,0.8758568754276539,0.8467594631094005,0.8753678202629089,453376000
2016-04-07,0.8697442396877707,0.8775687751628014,0.8626533163543142,0.8663210272789001,378104000
2016-04-08,0.8734119523164059,0.8790358258939548,0.8633867559578828,0.8719448447227478,255936000
2016-04-11,0.8770799050723712,0.8917509267608592,0.8743902459398077,0.8773244619369507,387524000
2016-04-12,0.8802583202334981,0.881480929248869,0.8592299348656557,0.8763461112976074,292764000
2016-04-13,0.8802583928276989,0.898597121490195,0.8802583928276989,0.8983526229858398,350716000
2016-04-14,0.8959074644504491,0.9047100518903122,0.8922396953933347,0.9007977843284607,416564000
2016-04-15,0.9005535858656618,0.9159581044435198,0.8976193696423628,0.9078890681266785,436972000
2016-04-18,0.9061772212231091,0.9061772212231091,0.8951739715996647,0.903976559638977,307320000
2016-04-19,0.9073996416794856,0.909111247677567,0.8822144903835332,0.8878383636474609,309152000
2016-04-20,0.8863716730306004,0.896641372146534,0.8853936203284245,0.8912619948387146,200172000
2016-04-21,0.8915061950936509,0.8956630197069602,0.8863713764026899,0.8902836441993713,178280000
2016-04-22,0.8932180382081032,0.8993309104961171,0.8839263930460937,0.8868606090545654,223540000
2016-04-25,0.887105227131541,0.8961523166468288,0.8846600662274839,0.8912619948387146,191972000
2016-04-26,0.8966411327498643,0.9069108291238637,0.8880830427219951,0.8919953107833862,214536000
2016-04-27,0.8897944836262326,0.912779032351869,0.888082877598346,0.9122899770736694,352396000
2016-04-28,0.9066662683569451,0.9120456442051708,0.8829482198527666,0.885148823261261,381224000
2016-04-29,0.8814809837360876,0.8834370883249463,0.8592299879774677,0.8687661290168762,321904000
2016-05-02,0.8770796082732489,0.8856376965040861,0.8729228425487418,0.880258321762085,256076000
2016-05-03,0.8702331772908358,0.8739008877192521,0.8621641443916727,0.8697441220283508,224024000
2016-05-04,0.859229976760758,0.8599635305463064,0.8411358055097884,0.8499383926391602,525764000
2016-05-05,0.8570294361850662,0.8650984701171814,0.8487158454417987,0.8550732731819153,246884000
2016-05-06,0.8536063471160411,0.8660767067355133,0.8518947405598833,0.8638760447502136,183240000
2016-05-09,0.8660764077887144,0.8697441182009907,0.8555622152178067,0.8626531958580017,333336000
2016-05-10,0.8680324638554153,0.8807473169433436,0.8597189329735556,0.8792802095413208,269676000
2016-05-11,0.881970225755456,0.8915063105165566,0.877079846653538,0.8817256689071655,328176000
2016-05-12,0.8880828490620506,0.8919951162703125,0.8540951114925095,0.8697441220283508,670540000
2016-05-13,0.9582590728646065,1.002516508606573,0.9536133097845637,1.0020275115966797,2110256000
2016-05-16,0.9944477207695072,1.0465297628122432,0.9912690062306705,1.0316141843795776,973032000
2016-05-17,1.0269682458352691,1.0411502103751782,1.0137643920408304,1.033814787864685,628392000
2016-05-18,1.0269683720278864,1.072203988310326,1.0269683720278864,1.0602226257324219,541072000
2016-05-19,1.0560654474702689,1.07244812857859,1.0545984565535733,1.0648680925369263,398880000
2016-05-20,1.0714701489110685,1.0883418290523599,1.0697585427047842,1.0839405059814453,391084000
2016-05-23,1.0885863283435147,1.0927430363069812,1.0790501866469566,1.0856521129608154,413636000
2016-05-24,1.088961649811544,1.1154380486744306,1.0860198147270892,1.1120058298110962,415788000
2016-05-25,1.115438312817759,1.1200960830910636,1.098522815525043,1.1073483228683472,458076000
2016-05-26,1.1093093130132536,1.1272053411597993,1.1061223442927504,1.1191153526306152,309964000
2016-05-27,1.1203408835062765,1.126959952906612,1.116663531808278,1.125243902206421,277416000
2016-05-31,1.1301467252245119,1.1477976128682625,1.1294112082533905,1.1453460454940796,412524000
2016-06-01,1.1399533636790902,1.1585847946061798,1.1365212610582374,1.1475530862808228,387132000
2016-06-02,1.1536812087264572,1.1654485455417258,1.1424042555432719,1.1556425094604492,329208000
2016-06-03,1.1443660850488366,1.14583688593318,1.1193605996594005,1.139462947845459,461076000
2016-06-06,1.1424045227193904,1.1512300273948781,1.1276954651574427,1.133579134941101,322512000
2016-06-07,1.1404433462666688,1.1468172829437324,1.1352951936191633,1.135785460472107,193400000
2016-06-08,1.1360305800875963,1.1401981989785477,1.1227924400414642,1.132108211517334,234616000
2016-06-09,1.1281857231567745,1.1632422538349474,1.1257341553877687,1.1615262031555176,472168000
2016-06-10,1.1477979611034117,1.1580942666456189,1.1311276018339123,1.1325985193252563,400024000
2016-06-13,1.1338240449193047,1.169370956246293,1.1338240449193047,1.1470621824264526,475588000
2016-06-14,1.1443658463020816,1.1546621517277371,1.131617972786203,1.1492688655853271,298344000
2016-06-15,1.1588295779511752,1.1710870656716583,1.1460817065559026,1.1610358953475952,301036000
2016-06-16,1.1524557398337274,1.1676550633011744,1.1411787847136245,1.1656938791275024,246456000
2016-06-17,1.1671645509150745,1.1674096842730595,1.1406881610008655,1.1453460454940796,471000000
2016-06-20,1.1637325369338867,1.1808930422448294,1.1629970199078892,1.1659388542175293,293768000
2016-06-21,1.1708419240639456,1.1740288918903923,1.157113402312644,1.1588295698165894,212508000
2016-06-22,1.1612812946428177,1.1688810159218164,1.1558880081626424,1.1578491926193237,202620000
2016-06-23,1.1688810150983906,1.1899640110115792,1.1681454978668984,1.188738226890564,297880000
2016-06-24,1.1399531422990634,1.1610361378022684,1.1105350253500155,1.1210764646530151,1017684000
2016-06-27,1.1117605673971487,1.1203409382142844,1.0926387584636814,1.109063982963562,449088000
2016-06-28,1.1301469209065653,1.1313725879087113,1.1097993290075132,1.125243902206421,381920000
2016-06-29,1.1350500121403113,1.1524557705521272,1.132108177352794,1.1436302661895752,318932000
2016-06-30,1.1455913678808263,1.1595650236661976,1.136275714254431,1.1524556875228882,430940000
2016-07-01,1.1460816755134402,1.1610358639000877,1.1399528733706112,1.143875241279602,218488000
2016-07-05,1.1375013748698843,1.162751985121937,1.1284308546927708,1.1607908010482788,371084000
2016-07-06,1.1527014306587373,1.1750102182773134,1.1468177583953443,1.1681458950042725,273104000
2016-07-07,1.1759901164705409,1.2027116438369385,1.1705968310770263,1.1985440254211426,395400000
2016-07-08,1.2112921637143705,1.252477622555456,1.2066342774825092,1.246593952178955,481932000
2016-07-11,1.264489734535501,1.2845920762597816,1.2630188172267505,1.2752764225006104,448776000
2016-07-12,1.2894956450510455,1.306165890953795,1.2733155492196129,1.2943986654281616,436760000
2016-07-13,1.2968498349579067,1.3042044223717473,1.291946815647747,1.2939079999923706,324604000
2016-07-14,1.3007724900798192,1.3189136522021092,1.2899857994327097,1.3071463108062744,316892000
2016-07-15,1.2904759704048616,1.2978305582304066,1.2708638920663526,1.2919468879699707,428616000
2016-07-18,1.307881876297555,1.3098430609700733,1.2936630828516613,1.2985661029815674,252992000
2016-07-19,1.297830360765724,1.3171973027129058,1.2953787928978122,1.312049150466919,382652000
2016-07-20,1.316461930769228,1.3363192586181143,1.3110686445211321,1.329209804534912,296460000
2016-07-21,1.3262682770774736,1.3304358971200738,1.3002822566514114,1.3046950101852417,361308000
2016-07-22,1.3093527522941841,1.34024178981781,1.2997918458110123,1.34024178981781,315768000
2016-07-25,1.3483316736522284,1.368188885464996,1.3424480033830197,1.365001916885376,312528000
2016-07-26,1.3770142838635975,1.3954005766802984,1.3750530995586638,1.3882912397384644,514508000
2016-07-27,1.4003039036643306,1.4027554722572275,1.365982761644345,1.3743178844451904,446676000
2016-07-28,1.3775041493915368,1.387555318311049,1.373091398318154,1.3772590160369873,221916000
2016-07-29,1.382407535728456,1.4034905295036386,1.3576473068603403,1.3998132944107056,409588000
2016-08-01,1.4056967262056719,1.410844877844049,1.3816719016627366,1.3907424211502075,301120000
2016-08-02,1.397361541558107,1.3980970586177086,1.360588961699089,1.3738270998001099,282748000
2016-08-03,1.372111419710407,1.3802014081675298,1.3645116981606211,1.3775047063827515,299828000
2016-08-04,1.384123677428783,1.4093742916915315,1.3814270927356338,1.4030003547668457,272712000
2016-08-05,1.4191802647780114,1.4275153857017777,1.4123160612992858,1.4267799854278564,371588000
2016-08-08,1.4463917546790206,1.4498238556887577,1.4248183813361397,1.440017819404602,305064000
2016-08-09,1.4471274083891277,1.4576689635353273,1.4400180717512956,1.443695306777954,372344000
2016-08-10,1.4564433432805362,1.458649661165106,1.429721810736621,1.4343796968460083,375740000
2016-08-11,1.4419789804528433,1.4696810383618673,1.4390371462347364,1.4635522365570068,681064000
2016-08-12,1.51748573065931,1.553768045224588,1.4863515681326909,1.5454329252243042,1425744000
2016-08-15,1.5471489697494845,1.5567098735963267,1.523124143434126,1.543962001800537,573304000
2016-08-16,1.5417564467272817,1.5442078988017598,1.5299892195958535,1.5346471071243286,287652000
2016-08-17,1.5346462842545046,1.5380783854568434,1.487086900399968,1.4990992546081543,595212000
2016-08-18,1.496893422710411,1.524840625062773,1.491009751942664,1.5223891735076904,331684000
2016-08-19,1.5216536302995065,1.5378336077380492,1.5150345592471222,1.5263115167617798,291560000
2016-08-22,1.5309688716856207,1.5348913564012074,1.5128277159554109,1.5326849222183228,244748000
2016-08-23,1.5482811326593162,1.5551579859901157,1.5406674066930024,1.545088291168213,339764000
2016-08-24,1.5504911667349695,1.5512279220360856,1.5141418782903404,1.5212643146514893,298448000
2016-08-25,1.5217561658175558,1.5224929213916605,1.4922838348259797,1.511195182800293,406032000
2016-08-26,1.5151248077680017,1.5320713560984458,1.5030901972002542,1.5234752893447876,300024000
2016-08-29,1.5296152020009983,1.5357551820172122,1.5200366785870574,1.5224926471710205,274652000
2016-08-30,1.5205279857729654,1.5286328819211596,1.5094758333685874,1.5136511325836182,285544000
2016-08-31,1.5165983079324437,1.5207734898121148,1.502107729706434,1.5065284967422485,388544000
2016-09-01,1.5077567952672823,1.5566317630047921,1.5065287521657411,1.55098295211792,428492000
2016-09-02,1.5541755692018822,1.5558947824504108,1.5183175590324325,1.5357552766799927,323148000
2016-09-06,1.5411585258516194,1.550245761871338,1.5332992155692873,1.550245761871338,306812000
2016-09-07,1.5453341519441695,1.5529478792683487,1.5185634893694635,1.5274051427841187,397988000
2016-09-08,1.5259310186449302,1.5409128832081451,1.5084933026985776,1.5384567975997925,315808000
2016-09-09,1.5215102295474425,1.530106294825007,1.4490573447433825,1.4618287086486816,697760000
2016-09-12,1.4424262935379462,1.4949852678336306,1.4077962078848354,1.4920380115509033,598260000
2016-09-13,1.4883535330231878,1.505545777872724,1.462074054116289,1.4704245328903198,471768000
2016-09-14,1.4738635429424867,1.4883541232746391,1.4615834635621445,1.4834420680999756,319048000
2016-09-15,1.4858981099917086,1.541404343523624,1.4824595660704785,1.5396851301193237,515212000
2016-09-16,1.545087790733021,1.5534382695176052,1.5256851628963803,1.5433685779571533,902444000
2016-09-19,1.5595787826602319,1.6028049329436203,1.5524563445561328,1.5637540817260742,417128000
2016-09-20,1.5816830459064475,1.5816830459064475,1.5409129825039676,1.549509048461914,331112000
2016-09-21,1.5541752457695732,1.5959277595951216,1.5539296606584079,1.5929805040359497,336212000
2016-09-22,1.60231357962971,1.6072256336159787,1.587823002803327,1.5969102382659912,308732000
2016-09-23,1.5988754886161716,1.6035418413353089,1.5880689207366792,1.5951913595199585,276132000
2016-09-26,1.5770166522549547,1.5865951764013453,1.5603156898465602,1.580209493637085,230040000
2016-09-27,1.5740694751686228,1.636698263017439,1.573332719633842,1.6342421770095825,402752000
2016-09-28,1.6366979350901538,1.64136440388001,1.619260102688607,1.6401363611221313,319788000
2016-09-29,1.6374350301808365,1.6605217937906604,1.6222076950069177,1.6553640365600586,336684000
2016-09-30,1.6644509337038673,1.6993265961626316,1.6546268265264175,1.6828712224960327,429932000
2016-10-03,1.6828713162309163,1.707186000416307,1.678204847494819,1.6811519861221313,242596000
2016-10-04,1.683608397660882,1.711852683560941,1.6649425191016174,1.6774682998657227,281624000
2016-10-05,1.6917131503496974,1.7089053992941716,1.670591304732974,1.6757489442825317,305440000
2016-10-06,1.6556098232014582,1.6659251039629424,1.6273654180346853,1.653890609741211,360212000
2016-10-07,1.6649424813031555,1.6693633656688198,1.6371893663807364,1.6418558359146118,286260000
2016-10-10,1.6504519176089198,1.6592936864219123,1.6325229119250786,1.647995948791504,287876000
2016-10-11,1.6425928630209836,1.6450488320467047,1.6116467866634154,1.624172568321228,388540000
2016-10-12,1.617541246630831,1.6401367230667026,1.6040331246510098,1.6315406560897827,419920000
2016-10-13,1.6123835378189044,1.6160675496361252,1.5644909157445361,1.6050153970718384,390116000
2016-10-14,1.6246633342535135,1.6357154848994728,1.6111552151932322,1.6207337379455566,330636000
2016-10-17,1.6204880755158377,1.6357154068735607,1.6091903402786243,1.6114007234573364,195328000
2016-10-18,1.6337509105871972,1.6452942330750613,1.6271196427135866,1.6359612941741943,269372000
2016-10-19,1.6249093317664334,1.640136666617554,1.6165587331475404,1.6325229406356812,199060000
2016-10-20,1.651679693256079,1.668871940645985,1.6283474662600537,1.663468599319458,312084000
2016-10-21,1.6575741089847462,1.661749290190948,1.6430835330961098,1.6588021516799927,279508000
2016-10-24,1.670100307402735,1.738623490899547,1.6698546051117338,1.7366586923599243,339836000
2016-10-25,1.7337117445310364,1.775709862435492,1.7253612614170906,1.7651488780975342,397460000
2016-10-26,1.7504120821904217,1.791673429611794,1.7486928691405816,1.7722707986831665,333792000
2016-10-27,1.7857790373261395,1.7892174636556761,1.7287991835132506,1.7359216213226318,388664000
2016-10-28,1.7442721462878579,1.770797215215535,1.7297815690111358,1.7329744100570679,290856000
2016-10-31,1.7386235884366263,1.7592542670416176,1.7376411305553854,1.747710943222046,252388000
2016-11-01,1.7540964189903154,1.7636749430259786,1.677222641541934,1.6958885192871094,473224000
2016-11-02,1.7089055089523226,1.7319921543866097,1.6858187464054135,1.6887660026550293,295848000
2016-11-03,1.696624853859453,1.6980984815849325,1.6366977557694558,1.6691173315048218,309664000
2016-11-04,1.6580654755217514,1.688029088425234,1.6352244174038841,1.6595391035079956,328780000
2016-11-07,1.708168417970028,1.7614642574808743,1.7069403751709045,1.750412106513977,487580000
2016-11-08,1.757043766086984,1.7626926939570107,1.7315011494136885,1.747710943222046,429884000
2016-11-09,1.7003095838683298,1.7413253582045916,1.687783918572133,1.7182385921478271,456532000
2016-11-10,1.7558158471794185,1.756061432372557,1.639645618715318,1.6644514799118042,869280000
2016-11-11,1.9527893746476086,2.180217649343312,1.9279833974203915,2.160569429397583,2175344000
2016-11-14,2.163516042413371,2.165972127732497,2.0537316519705433,2.054222822189331,1348796000
2016-11-15,2.0701871177568543,2.1477976415817674,2.06134535024858,2.116851806640625,626092000
2016-11-16,2.1450960385411486,2.2733006104421447,2.120781354122835,2.250459671020508,987984000
2016-11-17,2.267161737458384,2.32807132935384,2.226391541287343,2.2691266536712646,832988000
2016-11-18,2.2691254481258656,2.3167722401648074,2.2546348721522484,2.2929489612579346,576060000
2016-11-21,2.3108780054878104,2.3172636871225327,2.269370957749516,2.283616065979004,436436000
2016-11-22,2.2914758875173695,2.3022823385489417,2.268880410469345,2.300071954727173,330368000
2016-11-23,2.30523717741466,2.3428706618902813,2.2818701314228718,2.3113865852355957,443236000
2016-11-25,2.3224548315262186,2.339180795298546,2.297611604099099,2.3160595893859863,195564000
2016-11-28,2.3089267273381306,2.330326149609626,2.3022854140792948,2.3148300647735596,278736000
2016-11-29,2.312124129078461,2.3229469920887627,2.275966599397766,2.2936763763427734,444568000
2016-11-30,2.3022849439731132,2.3160594733684485,2.265389444399286,2.2678492069244385,440500000
2016-12-01,2.2653900449336306,2.2671118322424944,2.0850935794953926,2.155687093734741,1035524000
2016-12-02,2.121496931691799,2.18421947782136,2.093702267896081,2.1756105422973633,478292000
2016-12-05,2.213489809008673,2.277934140799128,2.1891387199681516,2.2599782943725586,602284000
2016-12-06,2.268095546859829,2.305483194914457,2.2523533916039815,2.2971200942993164,498796000
2016-12-07,2.2835921547916143,2.344100785804348,2.265390234166091,2.3384435176849365,480804000
2016-12-08,2.3413946725190264,2.376568389776538,2.288757014402109,2.2993335723876953,381544000
2016-12-09,2.31704347575751,2.3187652627520303,2.231199726982871,2.25850248336792,382312000
2016-12-12,2.210046193880821,2.212505956665766,2.153226987173576,2.203650951385498,601332000
2016-12-13,2.215950061086338,2.2700636824269025,2.2149662495672566,2.2425148487091064,387796000
2016-12-14,2.2762124571013977,2.388621230889203,2.252353272628307,2.372387170791626,983980000
2016-12-15,2.383455507456011,2.458230795617796,2.376076453599585,2.427976369857788,746548000
2016-12-16,2.455525923802098,2.4769253525647144,2.4038720574377184,2.469792366027832,1089528000
2016-12-19,2.452326964833111,2.519968786475869,2.435108863201112,2.4997992515563965,744656000
2016-12-20,2.572361732522498,2.610487126925379,2.561046961626086,2.586874008178711,848056000
2016-12-21,2.598434948835436,2.6060600756118144,2.550962635066608,2.6031084060668945,576136000
2016-12-22,2.6274590749093742,2.6778830499906707,2.6203258551257553,2.634592294692993,718612000
2016-12-23,2.616635820737218,2.701741835999237,2.61393022223875,2.700265884399414,647692000
2016-12-27,2.75634662582771,2.8867109782190075,2.7356849509174936,2.8857271671295166,1194272000
2016-12-28,2.941810023844844,2.949927056289076,2.6734560473667583,2.687230348587036,2295764000
2016-12-29,2.580232790914804,2.7423275926274195,2.5285789304436115,2.740851640701294,2175368000
2016-12-30,2.738883741355182,2.7529041103596503,2.61466851240196,2.625491142272949,1212932000
2017-01-03,2.56793303282222,2.6163893662375615,2.444455823813969,2.509146213531494,1501996000
2017-01-04,2.5433368963268674,2.5949907490703388,2.4973403111099484,2.56768798828125,1199220000
2017-01-05,2.5711319170382474,2.602862068162744,2.485533978191201,2.5025060176849365,984296000
2017-01-06,2.529808405519207,2.5642443851563477,2.4892232527142544,2.5359578132629395,822856000
2017-01-09,2.545796462800636,2.656483214536337,2.545796462800636,2.638773202896118,916248000
2017-01-10,2.651810021790602,2.6857538622703,2.598188310455977,2.618849992752075,880920000
2017-01-11,2.6072896445396734,2.6122089368068,2.5617849595450077,2.586627960205078,525664000
2017-01-12,2.5637523826738877,2.5753129873046032,2.4995538818778806,2.544320583343506,625616000
2017-01-13,2.548256089447979,2.5826920681371366,2.534973697493455,2.544074773788452,457820000
2017-01-17,2.5334975293130877,2.5384168199208146,2.4737266588724176,2.487009048461914,580612000
2017-01-18,2.465610715212129,2.5391559132162027,2.437816042503486,2.532268762588501,654424000
2017-01-19,2.5352201714050504,2.618604180957231,2.533006478156046,2.586627960205078,644872000
2017-01-20,2.609256902206624,2.62696691487039,2.5364496979024773,2.5583410263061523,492024000
2017-01-23,2.553175245048988,2.60482908829994,2.550715482376114,2.5849053859710693,369904000
2017-01-24,2.594990666555596,2.646152611962438,2.5802323228513475,2.640003204345703,428052000
2017-01-25,2.682310244352688,2.6884596522005673,2.615406375914419,2.651318073272705,522760000
2017-01-26,2.6540233037571612,2.704447268234254,2.62450685391027,2.697068214416504,458800000
2017-01-27,2.7039555656179335,2.752165841027187,2.6773907822186884,2.7492141723632812,471996000
2017-01-30,2.7283070057832743,2.730520698920901,2.654269913297215,2.706169605255127,496004000
2017-01-31,2.679850269317658,2.706906955612821,2.66140228342344,2.6855075359344482,362756000
2017-02-01,2.719944310020438,2.8070179733090854,2.7022345277024633,2.8028366565704346,590004000
2017-02-02,2.7868473922217056,2.8468643366358846,2.7563471316675408,2.8382551670074463,483240000
2017-02-03,2.8397311350052825,2.8507998328731956,2.801605750446854,2.8134121894836426,372744000
2017-02-06,2.8040647691932996,2.8859730247043944,2.8040647691932996,2.885481119155884,506768000
2017-02-07,2.919671943672788,2.9742774646626557,2.899994308037366,2.930248737335205,746224000
2017-02-08,2.9122926959847173,2.934675928799721,2.8626064699079588,2.9174580574035645,449580000
2017-02-09,2.923607286862362,2.9285268128286113,2.8434210309653154,2.8626065254211426,842568000
2017-02-10,2.949926372911236,2.96886603270157,2.7696299132529547,2.7947189807891846,1651092000
2017-02-13,2.7890610537186573,2.8035733253811363,2.6614022771093824,2.66582989692688,1180724000
2017-02-14,2.6562371559851132,2.709366956561339,2.6144221242131955,2.675668954849243,850632000
2017-02-15,2.678620336395831,2.7007574968062116,2.6505796048031165,2.681079864501953,373020000
2017-02-16,2.6906729542128573,2.6919028356037185,2.598925866722435,2.638035297393799,647176000
2017-02-17,2.62450735520154,2.6419712990807476,2.5775269558376817,2.6375436782836914,563740000
2017-02-21,2.6621402981663205,2.7359315390968164,2.661894228059426,2.7319960594177246,551952000
2017-02-22,2.7440637376528034,2.7534224446418536,2.708845396115706,2.727809190750122,433772000
2017-02-23,2.5982659723108745,2.6201849309070337,2.454930408929533,2.474879026412964,1592888000
2017-02-24,2.390650196988915,2.5120667671893995,2.3569096710711235,2.498767614364624,1029904000
2017-02-27,2.5169921554096977,2.5864433033853595,2.501230137778538,2.571420192718506,715400000
2017-02-28,2.581025692384673,2.5908771613927484,2.4820208245473925,2.499260425567627,625360000
2017-03-01,2.5561509534160876,2.570435393398635,2.4901477182716323,2.5315229892730713,504804000
2017-03-02,2.518716411268426,2.532754470881611,2.4354733412815506,2.4381823539733887,754332000
2017-03-03,2.4275921874074196,2.4325176858502244,2.3697159953191926,2.4241442680358887,864692000
2017-03-06,2.3879417107634335,2.4160178367351186,2.3438574156919465,2.4054276943206787,883568000
2017-03-07,2.405427456405435,2.451235707231836,2.392620828443478,2.431779384613037,603400000
2017-03-08,2.4800503168915022,2.4948272845373403,2.42512974312433,2.4273462295532227,638712000
2017-03-09,2.411338254085188,2.4492653767794295,2.398777771874124,2.426853895187378,478060000
2017-03-10,2.453206463658558,2.4650278057918507,2.4229138487365125,2.441138505935669,499740000
2017-03-13,2.451481637032486,2.5182237776418317,2.4507427300127476,2.5083725452423096,774136000
2017-03-14,2.521179365441611,2.5305378373023526,2.4743858317782754,2.5066487789154053,522016000
2017-03-15,2.5182242258005996,2.5364488798035385,2.4706917802700326,2.5256125926971436,615036000
2017-03-16,2.536203294594321,2.557137201154976,2.5221652299775994,2.5566444396972656,523100000
2017-03-17,2.5741299939301006,2.613535167519602,2.556644011271599,2.6123037338256836,1119688000
2017-03-20,2.629790223038527,2.6994877864102196,2.613781816805986,2.695547103881836,748568000
2017-03-21,2.67830684004042,2.7081069231789536,2.6004820197567367,2.608362913131714,913484000
2017-03-22,2.5972807640589384,2.666239651785733,2.593340316584492,2.661560297012329,616764000
2017-03-23,2.653678059882324,2.673626904526082,2.62781866392921,2.637423515319824,533940000
2017-03-24,2.683725422133769,2.6916063164516815,2.6209237088064854,2.6467831134796143,439500000
2017-03-27,2.6002368000040947,2.6699343773560735,2.5509806072393144,2.6659939289093018,506644000
2017-03-28,2.6672257294425172,2.6817563259193724,2.6418588395306144,2.652202606201172,432444000
2017-03-29,2.6595900383360065,2.6719041425886148,2.641365380124389,2.6435818672180176,349992000
2017-03-30,2.650722724383887,2.709091445602075,2.6450583187004058,2.694314479827881,525532000
2017-03-31,2.6847107911527397,2.706383605385506,2.6696876731167554,2.6827404499053955,440808000
2017-04-03,2.683232041807426,2.700471639437295,2.645550837903437,2.669193983078003,445232000
2017-04-04,2.5465462769203433,2.5716670040673018,2.471184330351397,2.482020616531372,1271280000
2017-04-05,2.463303471690987,2.521179679221296,2.4504968435020804,2.463549852371216,747048000
2017-04-06,2.468721417195302,2.4935957632243277,2.4236518436158088,2.4815280437469482,635120000
2017-04-07,2.4879316612737292,2.5054176433142326,2.4559150909792837,2.470938205718994,429068000
2017-04-10,2.4716770788560987,2.4783265386303523,2.403703492444902,2.4078903198242188,756332000
2017-04-11,2.37784407548092,2.435720287237883,2.372918575364226,2.4165103435516357,618148000
2017-04-12,2.4165099938041656,2.4307942004343586,2.391389265716094,2.3965611457824707,414092000
2017-04-13,2.372425971953983,2.3940985475602243,2.351738214492798,2.351738214492798,506892000
2017-04-17,2.3645443189088478,2.4440930867579578,2.3593724394083093,2.4438469409942627,497292000
2017-04-18,2.4295635868404903,2.4514827829445784,2.403704177781083,2.4453256130218506,370116000
2017-04-19,2.4628111998558007,2.4869466443917414,2.4482806100187,2.454930305480957,380828000
2017-04-20,2.4694605416081967,2.4985217171198597,2.448280259342568,2.493842363357544,404016000
2017-04-21,2.4834988702685314,2.50689564381171,2.4716775280088146,2.5041866302490234,341896000
2017-04-24,2.535710671093024,2.5485173025062218,2.514776998265465,2.5354645252227783,371820000
2017-04-25,2.549994653690903,2.594078948268915,2.5285682232736106,2.5795483589172363,388440000
2017-04-26,2.5930936395048456,2.595556271876876,2.5598456363269855,2.5618159770965576,327004000
2017-04-27,2.5692040877535467,2.6100865995157867,2.5512255814348435,2.601713180541992,319700000
2017-04-28,2.594818261695914,2.601714103841039,2.5630478298347183,2.5687124729156494,348248000
2017-05-01,2.5795487433183135,2.6315141746236863,2.572406520490901,2.6263420581817627,307732000
2017-05-02,2.5994968758847645,2.6007283094700258,2.525858650666583,2.5485165119171143,629972000
2017-05-03,2.5416213980184676,2.577085896843544,2.5268446605166903,2.56748104095459,336904000
2017-05-04,2.573637755333926,2.584720424947022,2.5497484557177845,2.5576295852661133,209788000
2017-05-05,2.546054291677543,2.565017855241396,2.5305384138896843,2.557875633239746,228428000
2017-05-08,2.569697407512665,2.571174987244706,2.519702319395996,2.531031370162964,365240000
2017-05-09,2.5366955764799815,2.5842277930597977,2.528321920714676,2.535217761993408,847672000
2017-05-10,2.814746786240692,3.00019652625086,2.8080973259094417,2.9871435165405273,2129096000
2017-05-11,2.956604223684555,3.212243996339975,2.9531563037944926,3.115455389022827,1939792000
2017-05-12,3.1186572028785102,3.191802663456647,3.097723302619802,3.149688482284546,962620000
2017-05-15,3.1908178702766903,3.3102641139026403,3.186384662235067,3.3078012466430664,1087540000
2017-05-16,3.3587815108643055,3.384887529056603,3.28440484262376,3.3693716526031494,1120700000
2017-05-17,3.3026290575282964,3.321346471155879,3.141315025060101,3.1455018520355225,1271368000
2017-05-18,3.189340479217032,3.2861291084895776,3.129001632581832,3.2772629261016846,1156032000
2017-05-19,3.378344405140926,3.4076825960127173,3.333720635931605,3.3529508113861084,1018372000
2017-05-22,3.396588244938052,3.4387465497366225,3.385740309750181,3.4244472980499268,836608000
2017-05-23,3.4441706560919036,3.446389477204487,3.3458009607729533,3.3783442974090576,681248000
2017-05-24,3.475233793199202,3.477945894018367,3.4042301238121535,3.4163107872009277,815996000
2017-05-25,3.4515662648441685,3.452305950139083,3.3637978787048115,3.408668279647827,608228000
2017-05-26,3.4005335423902956,3.58174074503539,3.380317273730341,3.4969308376312256,779140000
2017-05-30,3.5427862939424797,3.606640228233668,3.5267612678932183,3.571631669998169,989652000
2017-05-31,3.616502190512127,3.6241449791864877,3.5021074708039275,3.558811902999878,887316000
2017-06-01,3.574590650190337,3.5755769758445415,3.513695209954883,3.559058666229248,503340000
2017-06-02,3.556100224950482,3.582233505559965,3.5353909126212373,3.5413079261779785,487456000
2017-06-05,3.525035780117917,3.661865583310814,3.513448394768166,3.649045467376709,817376000
2017-06-06,3.644360663242379,3.690463792993007,3.6192137153050226,3.6325268745422363,758728000
2017-06-07,3.656934574651522,3.69514827893029,3.6414025938686745,3.6764111518859863,612612000
2017-06-08,3.783409770887546,3.9446472988222174,3.742237559848995,3.9431681632995605,1161744000
2017-06-09,4.061508561185832,4.154207656831671,3.5193656601801893,3.688246011734009,3692928000
2017-06-12,3.596532744954067,3.740019255725093,3.503587015872353,3.6973676681518555,1697532000
2017-06-13,3.8065853022694447,3.815707462736978,3.5908623599114966,3.732623338699341,1672504000
2017-06-14,3.735581921532419,3.798203139741625,3.6611266760537067,3.7405126094818115,1184640000
2017-06-15,3.6231594063523045,3.786862198017779,3.611818424245223,3.756537914276123,963824000
2017-06-16,3.7661518591279917,3.813980765847472,3.7040237024677047,3.738046169281006,924960000
2017-06-19,3.7821773378940327,3.883752175590543,3.7784793812368624,3.878574848175049,778176000
2017-06-20,3.9207336966107613,3.98754615218414,3.86871377507547,3.8729047775268555,1095444000
2017-06-21,3.9005170545393497,3.935279212289208,3.8386352928456047,3.9315810203552246,682652000
2017-06-22,3.9397173061002637,3.9530307045409057,3.8805476390902474,3.9044620990753174,469132000
2017-06-23,3.9121037590167425,3.9278823793529067,3.7774925585708723,3.792531728744507,1088588000
2017-06-26,3.825322496594565,3.860824343147609,3.6569354244476755,3.7511138916015625,1063960000
2017-06-27,3.7336087130082625,3.742237591428163,3.6081196630174825,3.6137900352478027,999492000
2017-06-28,3.6813428340994694,3.7459364666427075,3.5933277879136165,3.7412521839141846,994948000
2017-06-29,3.712900410158806,3.715858682030108,3.552155882516399,3.6162564754486084,1064424000
2017-06-30,3.63351371740465,3.6470735195796826,3.5378561221156817,3.5639894008636475,731060000
2017-07-03,3.5760693693672363,3.590861665171587,3.4165576160174305,3.4350481033325195,709072000
2017-07-05,3.498409198821919,3.555606674924944,3.4794256652149875,3.526761531829834,820188000
2017-07-06,3.497669968457925,3.5842056383027625,3.445649816431922,3.537362813949585,746284000
2017-07-07,3.5940673340488987,3.6364722820362543,3.571138966563489,3.6182281970977783,654972000
2017-07-10,3.69169690496112,3.7967230542961623,3.665563628924915,3.7893269062042236,958492000
2017-07-11,3.7930253945813677,3.850715918498617,3.7511134935822885,3.8430731296539307,757956000
2017-07-12,3.902735437994072,4.018609284166019,3.859837450895551,4.006528854370117,1145208000
2017-07-13,4.018609055438902,4.0999673832776,3.913829554669175,3.960179090499878,1369132000
2017-07-14,3.9764515769203514,4.06816457721264,3.9695484731477424,4.066685676574707,941948000
2017-07-17,4.100708944010895,4.129554332149248,3.987793323696368,4.049428462982178,930792000
2017-07-18,3.9885323639354753,4.106132484092921,3.976698336345437,4.091586589813232,776640000
2017-07-19,4.100706868864145,4.127086781652957,4.058302166542235,4.070382595062256,687044000
2017-07-20,4.0908460892615714,4.12979924622593,4.041044997461201,4.129552841186523,699596000
2017-07-21,4.109090554629179,4.173930827871632,4.0947910661383045,4.144345760345459,648332000
2017-07-24,4.151496348793714,4.161111320810862,4.085669975349175,4.09627103805542,652524000
2017-07-25,4.073341998949852,4.090846634090149,4.032909465886904,4.076547145843506,496556000
2017-07-26,4.1339909012936165,4.189462606282366,4.088873851870943,4.123636245727539,640404000
2017-07-27,4.148536138274292,4.160123757807409,3.88449128748743,3.9875452518463135,782856000
2017-07-28,3.9517968298129325,4.077286114603497,3.9268965200926926,4.052878379821777,513348000
2017-07-31,4.066438193290225,4.1024330776482305,3.9599329108716357,4.006528854370117,559672000
2017-08-01,3.9971610079276854,4.057070357598832,3.969302186936513,4.055344581604004,431384000
2017-08-02,4.086408273297855,4.090352634714849,3.9759581595657423,4.052878379821777,478444000
2017-08-03,4.05238479064642,4.108102881977157,4.035373442150098,4.104404926300049,442420000
2017-08-04,4.127090055838085,4.192916452411705,4.104408551303085,4.122406005859375,589096000
2017-08-07,4.151495469527373,4.249618290772647,4.141880029307964,4.2491254806518555,717412000
2017-08-08,4.287092404837844,4.303610477857931,4.159384522329569,4.19858455657959,755336000
2017-08-09,4.152481968738491,4.245674346755499,4.133744837053488,4.243208885192871,530784000
2017-08-10,4.244439396322756,4.256766698372136,4.051398501590518,4.061506748199463,1328088000
2017-08-11,3.874137353068691,3.9199938540704466,3.7698508739760883,3.845045566558838,1497196000
2017-08-14,3.9365111889789413,4.155438983938421,3.9249238052816384,4.151741027832031,1279020000
2017-08-15,4.156918718738203,4.183051759260188,4.082463488395804,4.116732597351074,764532000
2017-08-16,4.131772396618513,4.155193574635667,4.039319709895831,4.071616172790527,596632000
2017-08-17,4.063233011089507,4.080243890553686,3.9786695428124434,3.9808881282806396,525444000
2017-08-18,4.035127694282355,4.052139045548948,3.9357716877561653,3.981628179550171,601204000
2017-08-21,4.006035684874847,4.0173764283255045,3.879806960798516,3.9236910343170166,623672000
2017-08-22,3.9602116504407814,4.016965770877216,3.9409645456509406,4.011043548583984,450456000
2017-08-23,3.9777326157360853,4.102344993411134,3.969095666959945,4.091240882873535,579520000
2017-08-24,4.123319262043378,4.1277612828873735,4.0497858852047015,4.076188564300537,469700000
2017-08-25,4.100370514663828,4.110487664981904,4.035719777955031,4.042135715484619,357200000
2017-08-28,4.06113490960157,4.073966310674227,4.005614378935982,4.07075834274292,389496000
2017-08-29,4.0120323843262415,4.085812860889076,4.0038891493235615,4.064097881317139,324096000
2017-08-30,4.083835798414266,4.0993819213629346,4.053484830214973,4.088277816772461,384400000
2017-08-31,4.1085134344351095,4.185008149130149,4.101111008574349,4.181060314178467,612684000
2017-09-01,4.193643472040404,4.241761104100864,4.185006527461767,4.206227779388428,445432000
2017-09-05,4.154903616200155,4.1598388803364,4.035966856824408,4.093954563140869,695364000
2017-09-06,4.1267746077311624,4.140592974010621,4.056695346754362,4.091487884521484,397672000
2017-09-07,4.108265974556037,4.142811876601377,4.070265482306162,4.11048698425293,352868000
2017-09-08,4.09889051595403,4.113695840197598,4.014992894152529,4.039175033569336,498856000
2017-09-11,4.08482398588589,4.180812641145657,4.079395008213045,4.170201778411865,567444000
2017-09-12,4.194878964163865,4.194878964163865,4.1201115398196215,4.185255527496338,411488000
2017-09-13,4.160086332267157,4.232879845514355,4.1277614282272586,4.204009532928467,580960000
2017-09-14,4.165018946071594,4.25804670470398,4.140590199383871,4.1800713539123535,513712000
2017-09-15,4.265452294095202,4.444351673126221,4.260270406365284,4.444351673126221,1364792000
2017-09-18,4.568469884983056,4.718005202703507,4.561560702768155,4.627938270568848,1684460000
2017-09-19,4.577598195020766,4.684690945964515,4.555636605924571,4.623001575469971,874280000
2017-09-20,4.626703357350354,4.67408066041645,4.5455200190515335,4.5857415199279785,724920000
2017-09-21,4.482103637868586,4.508260158034046,4.382660384018477,4.460389137268066,1075600000
2017-09-22,4.4490385055449515,4.498636822570755,4.407089705956855,4.416959762573242,491232000
2017-09-25,4.386114599843208,4.387348650945643,4.19882593035556,4.219553470611572,874580000
2017-09-26,4.354037207567398,4.409064037369204,4.203514947142014,4.2432427406311035,1125620000
2017-09-27,4.33355560186904,4.349594972332799,4.262736032249857,4.336269855499268,713720000
2017-09-28,4.3434266161571795,4.3473749218148425,4.287659446164227,4.3350372314453125,435244000
2017-09-29,4.418933963831018,4.434972863986991,4.373777197721946,4.411284446716309,619092000
2017-10-02,4.461376193978597,4.49049359050854,4.367608538186016,4.416959762573242,503480000
2017-10-03,4.423128893844561,4.455947975556622,4.381920428192538,4.426090240478516,390332000
2017-10-04,4.43225860398216,4.4853115091058555,4.395738313594542,4.463103294372559,427848000
2017-10-05,4.487532038540155,4.490986628433252,4.430777456600264,4.460635185241699,437364000
2017-10-06,4.433000071527911,4.487039948991806,4.416960696650129,4.473714828491211,318800000
2017-10-09,4.510480403324936,4.607703111711555,4.49172677967013,4.574637413024902,563492000
2017-10-10,4.7236800345069,4.761187290244358,4.62078217390146,4.661990642547607,974876000
2017-10-11,4.678522680700664,4.71306905596208,4.632626046099398,4.711588382720947,529508000
2017-10-12,4.715043070828581,4.764641389559843,4.686666009933324,4.713809490203857,528292000
2017-10-13,4.775990586402942,4.811770531516979,4.729107007273353,4.8016533851623535,628728000
2017-10-16,4.831512160915083,4.887032696334766,4.768342108586349,4.884071350097656,576640000
2017-10-17,4.863345045992021,4.908008107656263,4.845085131945194,4.879631042480469,478596000
2017-10-18,4.888513370283382,4.889253236190173,4.770316497105285,4.875434875488281,567316000
2017-10-19,4.7979539723186315,4.8857994136257155,4.748849365587751,4.88086462020874,570772000
2017-10-20,4.897890955677958,4.925033966777259,4.849772836939612,4.858656406402588,451620000
2017-10-23,4.880370719317214,4.906773863364467,4.831512736458317,4.851747035980225,428696000
2017-10-24,4.860876651927827,4.904306125975059,4.83496722308686,4.902578830718994,407244000
2017-10-25,4.863098355682998,4.915904650176435,4.717264726082027,4.778707027435303,828160000
2017-10-26,4.806342981512302,4.840395168035618,4.782407472703444,4.828797817230225,322744000
2017-10-27,4.880864507969773,4.981294729149223,4.854954607526209,4.981048107147217,572192000
2017-10-30,4.9810473431084725,5.085425382920258,4.965254595001695,5.029905319213867,504056000
2017-10-31,5.061739610632664,5.129844489874278,5.056064007923842,5.103194713592529,411908000
2017-11-01,5.165869245370323,5.181168281445407,5.048659313449115,5.112816333770752,502576000
2017-11-02,5.083204839959226,5.1278678893756435,5.025216674046036,5.081724166870117,342308000
2017-11-03,5.112815475339216,5.149582386016846,5.066918845472598,5.149582386016846,353640000
2017-11-06,5.112816511363405,5.18141508342609,5.1004788215337555,5.172778606414795,389944000
2017-11-07,5.19547957856975,5.253467745481951,5.183388512989801,5.231999397277832,427700000
2017-11-08,5.227558048459335,5.231259731387411,5.113803190610119,5.16118049621582,522988000
2017-11-09,5.065192219688571,5.091348270892241,4.944281079402211,5.066425800323486,978564000
2017-11-10,5.25791014059188,5.395847618109438,5.222130182028636,5.333417892456055,1253256000
2017-11-13,5.33341703786811,5.358832749540778,5.2315061572511885,5.246805191040039,582376000
2017-11-14,5.255933956646908,5.300350376837859,5.212257872879478,5.285051345825195,529292000
2017-11-15,5.230026444931423,5.231260496305435,5.12762230156524,5.18141508102417,501948000
2017-11-16,5.255443295247785,5.285547657566101,5.212754148850714,5.22163724899292,441768000
2017-11-17,5.278637513278716,5.313923756026012,5.200415509912734,5.21546745300293,515664000
2017-11-20,5.231013859378572,5.294677643418057,5.194246938064573,5.282586574554443,396100000
2017-11-21,5.3223146384083,5.342795564020641,5.290482980123084,5.331197738647461,399176000
2017-11-22,5.358359259350775,5.358359259350775,5.274650158608363,5.307244777679443,356640000
2017-11-24,5.32354227229785,5.358359445644125,5.2990960716547875,5.3573713302612305,180752000
2017-11-27,5.366013224432125,5.3672476619487295,5.284526218948435,5.287736415863037,422896000
2017-11-28,5.292921377164338,5.302304702692142,5.142047788870571,5.203039169311523,512752000
2017-11-29,5.185754483332419,5.188470622521679,4.722021874427324,4.850178241729736,1396788000
2017-11-30,4.918825384343876,5.004756565350237,4.855858700600845,4.956111431121826,823768000
2017-12-01,4.92154275770453,4.941791120341668,4.7526432863984285,4.881293296813965,811548000
2017-12-04,4.9398137459395,4.9459873468586295,4.555839600338682,4.609176158905029,1240844000
2017-12-05,4.503984534332593,4.758321553039635,4.459043655943532,4.635844707489014,981488000
2017-12-06,4.585471052136598,4.695107578798248,4.564235050733378,4.673377990722656,467032000
2017-12-07,4.740048085684807,4.780544796670754,4.694613153463657,4.74078893661499,542600000
2017-12-08,4.790668978299987,4.809682898113768,4.72004746235049,4.728443145751953,466876000
2017-12-11,4.742517242996008,4.809682229896708,4.7267139937132505,4.806718826293945,372748000
2017-12-12,4.7632609779938075,4.786472271749457,4.688935196712779,4.712393283843994,455016000
2017-12-13,4.753384486057751,4.754618924147687,4.5899172835331505,4.597325325012207,554280000
2017-12-14,4.590902913340465,4.675352853610898,4.558308298705478,4.6044840812683105,438164000
2017-12-15,4.648438809323871,4.750420516997268,4.583496359015741,4.730172157287598,670036000
2017-12-18,4.770667090876548,4.889686927750271,4.741035881542919,4.88672399520874,477704000
2017-12-19,4.877342181633996,4.882527668424535,4.814128224681,4.842525005340576,373100000
2017-12-20,4.881785084824168,4.890921146319655,4.804002339590581,4.859561443328857,288820000
2017-12-21,4.86301983180473,4.887959619591962,4.828696715554806,4.837092399597168,300904000
2017-12-22,4.800299792777093,4.831165917139893,4.722517027508524,4.82178258895874,466276000
2017-12-26,4.766469589690461,4.88302008893235,4.7365911139468935,4.875365257263184,355080000
2017-12-27,4.862031879793944,4.937838882780134,4.847463065811417,4.868698596954346,329488000
2017-12-28,4.892403530705232,4.923269651424748,4.868204597560567,4.874377727508545,240248000
2017-12-29,4.900553025610104,4.900553025610104,4.778076171875,4.778076171875,279964000
2018-01-02,4.834375017324645,4.926232998453694,4.802768516998509,4.9225287437438965,355616000
2018-01-03,5.039819109590374,5.276871112529027,5.031176635257251,5.2464985847473145,914704000
2018-01-04,5.327738476561179,5.384285222335273,5.251931022416147,5.2741546630859375,583268000
2018-01-05,5.288972038755744,5.356136563849528,5.212176921617321,5.318850517272949,580124000
2018-01-08,5.442314845965731,5.555901948622903,5.397373497373646,5.481823444366455,881216000
2018-01-09,5.487254460383954,5.526763049689598,5.39885395648911,5.480340480804443,497000000
2018-01-10,5.387990627341934,5.526764791172021,5.33366641767401,5.523307800292969,582664000
2018-01-11,5.555901759718004,5.587261938234885,5.511701263608485,5.53318452835083,406032000
2018-01-12,5.521331161491889,5.555654268535847,5.465525263383712,5.506021499633789,359916000
2018-01-16,5.532444718032898,5.617881851524681,5.35070494899228,5.435154438018799,702348000
2018-01-17,5.449721377010482,5.5588638240049875,5.355888591405077,5.548986911773682,538408000
2018-01-18,5.529726520095098,5.596397447654057,5.498613608959416,5.5420732498168945,408632000
2018-01-19,5.632204027514249,5.706282545208724,5.6052889489269235,5.682083606719971,609380000
2018-01-22,5.689983649183062,5.772211035255632,5.632449252459123,5.770482540130615,550944000
2018-01-23,5.823819531545379,5.9220974386965155,5.805300141382632,5.899380207061768,475228000
2018-01-24,5.902589945397093,5.938394759156828,5.767025993334276,5.822585105895996,579972000
2018-01-25,5.876910378141895,5.920123238424829,5.8213517264605406,5.836167335510254,409884000
2018-01-26,5.879873943110128,6.00877073442002,5.867033622655135,6.008523941040039,516356000
2018-01-29,5.993954179465622,6.126555205457101,5.941358468062582,6.095441818237305,455116000
2018-01-30,5.953704311352254,6.084823626143927,5.887033377530123,5.993459701538086,570832000
2018-01-31,6.068774377166113,6.15519962744378,6.036179754408111,6.069515228271484,478576000
2018-02-01,5.889750569156849,6.096677388489884,5.878391951500347,5.938642501831055,519224000
2018-02-02,5.852217554755974,5.876169698170291,5.708257900909422,5.7662858963012695,718464000
2018-02-05,5.605290193287491,5.7591268073827875,5.062046039663389,5.276874542236328,1165204000
2018-02-06,5.047228245708797,5.57318674114251,5.037350860903087,5.570223808288574,1114800000
2018-02-07,5.66899568719736,5.802090300947284,5.597880113087888,5.649734973907471,802932000
2018-02-08,5.775173306890701,5.80826150108977,5.370950436259953,5.371197700500488,1144000000
2018-02-09,5.8830834821942375,5.898886734378586,5.371199687913183,5.7307281494140625,1674604000
2018-02-12,5.81172046764165,5.814683871700082,5.556643061315796,5.630721569061279,1093172000
2018-02-13,5.594423436273443,5.7904852159964895,5.5620756092920765,5.744309425354004,625524000
2018-02-14,5.704060004472654,5.990250813952045,5.692948180613447,5.961359977722168,744988000
2018-02-15,6.044574880316106,6.132975411384869,5.963829181989082,6.086799621582031,698900000
2018-02-16,6.059636730440942,6.173223822708572,6.011979246602118,6.021115779876709,637656000
2018-02-20,6.043586590630636,6.219399989606605,6.039882335841647,6.150506973266602,686240000
2018-02-21,6.2149551508922505,6.22186913163197,5.959877301517261,5.963581085205078,892292000
2018-02-22,5.997431811097101,6.0690854684715605,5.917624200039191,5.983100891113281,534364000
2018-02-23,6.042894427609289,6.076497554779053,5.992242554545335,6.076497554779053,415300000
2018-02-26,6.122703332679039,6.12715073010271,6.030294359867452,6.092559337615967,469312000
2018-02-27,6.065873456547653,6.150128938266392,6.056731715809551,6.079710483551025,455436000
2018-02-28,6.090580750527572,6.130113894779751,5.967780868176108,5.97939395904541,523116000
2018-03-01,5.9771709264830095,6.031034996811385,5.636444334778007,5.73750114440918,1040120000
2018-03-02,5.630021027743416,5.850913006314892,5.481524503696904,5.844488620758057,913428000
2018-03-05,5.79432989276352,5.86203051741551,5.671035629274928,5.822497367858887,620776000
2018-03-06,5.907740260386819,6.002620096098202,5.86474797473906,5.983347415924072,636808000
2018-03-07,5.8805620802642675,6.027576438597915,5.879326875382771,5.975441932678223,581208000
2018-03-08,6.002869144647334,6.002869144647334,5.914907555308875,5.95913553237915,411912000
2018-03-09,6.006573419720669,6.0745209900779376,5.9905134019466875,6.061673164367676,505524000
2018-03-12,6.102936137303769,6.251185216531933,6.094782183459162,6.171130657196045,605060000
2018-03-13,6.213875365215344,6.288247315204571,6.079215437364487,6.12047815322876,619772000
2018-03-14,6.163471023940503,6.190650241531687,6.083663411876089,6.145928382873535,505496000
2018-03-15,6.159518045344583,6.241796067659434,6.118749218602539,6.16075325012207,401952000
2018-03-16,6.17706093479271,6.207946239466674,6.139504298744164,6.188920974731445,399456000
2018-03-19,6.132093400894383,6.1610017240680195,5.85585517097443,5.95468807220459,713772000
2018-03-20,5.957653142664343,6.205476955227042,5.957653142664343,6.166685104370117,554696000
2018-03-21,6.160260203224655,6.226478692508028,6.111090936678486,6.141482353210449,438688000
2018-03-22,6.078229347549368,6.124680787800747,5.9383806619957715,5.975689888000488,551196000
2018-03-23,5.989278416009644,5.991749297014705,5.7451612164869434,5.756279945373535,735620000
2018-03-26,5.880561753784872,6.041906553384697,5.828674668740064,6.040671348571777,611424000
2018-03-27,6.121467314056925,6.177060956923708,5.432107556325861,5.572203159332275,1409000000
2018-03-28,5.537858984553236,5.66782412342045,5.3616893596201365,5.469170093536377,945904000
2018-03-29,5.537365723283357,5.818792675154338,5.453110688972184,5.722183704376221,916628000
2018-04-02,5.651763826874527,5.79778944981991,5.37404303062302,5.461757183074951,922092000
2018-04-03,5.6285385874770215,5.691544407182308,5.469170288265712,5.568003177642822,667432000
2018-04-04,5.312519614444952,5.60037089451131,5.287564328501111,5.589993476867676,789168000
2018-04-05,5.648305632525994,5.661400879524381,5.398505324909835,5.469912052154541,701240000
2018-04-06,5.367371394706079,5.47534648193211,5.2645850157665715,5.293740749359131,662988000
2018-04-09,5.356747398332987,5.484489069391184,5.302388959677883,5.3224029541015625,499524000
2018-04-10,5.552436743111283,5.658187905325075,5.495360475784139,5.631256103515625,761676000
2018-04-11,5.61643138569557,5.657694109546889,5.557378601052719,5.589993476867676,460244000
2018-04-12,5.682894984599744,5.814342714622635,5.638667025546148,5.796552658081055,593920000
2018-04-13,5.860053907226452,5.868454808084226,5.671777305690125,5.719958305358887,503036000
2018-04-16,5.726628149456822,5.753066049985541,5.625571361243571,5.719709873199463,350792000
2018-04-17,5.771845214741535,5.890444657744426,5.716251578561338,5.869195461273193,447224000
2018-04-18,5.818791538526428,5.911447457746737,5.751338323408006,5.840287685394287,391364000
2018-04-19,5.726134706965807,5.75949088912319,5.603829176994369,5.659175395965576,471996000
2018-04-20,5.65052806954587,5.734783081732713,5.6198901831966905,5.651022434234619,386200000
2018-04-23,5.6688128496987265,5.719958626574713,5.505738470305602,5.531682014465332,427508000
2018-04-24,5.557378239507013,5.653245873112171,5.400233890919394,5.465463638305664,414596000
2018-04-25,5.435814585573803,5.4748538513485965,5.196144748504307,5.3532891273498535,588492000
2018-04-26,5.514878736562618,5.572943247621174,5.448907691009311,5.564789295196533,375824000
2018-04-27,5.670540503192344,5.690307073673686,5.549964093365612,5.592215061187744,400848000
2018-04-30,5.608522986965027,5.658186599813355,5.537610650652489,5.556882858276367,327844000
2018-05-01,5.548731068939542,5.614949082504897,5.490172174409011,5.612231254577637,253788000
2018-05-02,5.6087712360513065,5.653245676682889,5.565531528912585,5.59172248840332,268248000
2018-05-03,5.623596617480026,5.782964910804997,5.578380389642029,5.756773948669434,443144000
2018-05-04,5.728112095618816,5.9099647785900515,5.710816400978454,5.906752586364746,400660000
2018-05-07,6.011268108792078,6.2015216788325995,6.00138458611721,6.144445419311523,687616000
2018-05-08,6.144693506921677,6.189662789406388,6.095771191650875,6.186944961547852,506616000
2018-05-09,6.206957436148472,6.322097743834752,6.17977821961558,6.319873809814453,596760000
2018-05-10,6.372749907244618,6.4364970300968425,6.3549598480978355,6.4273552894592285,994080000
2018-05-11,6.245748881878723,6.418953697195444,6.190402665527238,6.28898811340332,1214456000
2018-05-14,6.3270395144221085,6.386833602372193,6.28577679618445,6.3094964027404785,523140000
2018-05-15,6.245996601499489,6.248714900336522,5.967040608795675,6.067356109619141,963528000
2018-05-16,6.028810429912492,6.140491591104779,5.991995111059349,6.078474044799805,553828000
2018-05-17,6.080203695338439,6.214122311890762,6.064143207262939,6.12047815322876,519784000
2018-05-18,6.1723657023034235,6.235618454083097,6.071802795285256,6.076744556427002,483716000
2018-05-21,6.174095676278785,6.177801761741882,5.942085018079283,6.034740924835205,640624000
2018-05-22,6.048083460402511,6.073285689316128,5.936154874773719,5.996690273284912,518264000
2018-05-23,5.940567719184721,6.12129688402957,5.939825949406634,6.120060443878174,442956000
2018-05-24,6.1163520518220045,6.16604638276045,6.063196442969986,6.1237688064575195,437372000
2018-05-25,6.136377907833108,6.179396782056297,6.100776259758787,6.163079261779785,292112000
2018-05-29,6.145030589679519,6.214009513884725,6.099292211154969,6.146019458770752,352684000
2018-05-30,6.179642999079987,6.263455419849512,6.154919388897716,6.254802227020264,390996000
2018-05-31,6.222910932089949,6.309443359324026,6.212279997982969,6.235025405883789,493868000
2018-06-01,6.279774161543991,6.375454443154054,6.271120967026768,6.3692731857299805,421968000
2018-06-04,6.4033913457574085,6.57002781149854,6.371250978449719,6.5480241775512695,642024000
2018-06-05,6.551239579835776,6.591044753875298,6.506490059090202,6.553464889526367,391712000
2018-06-06,6.463470886733961,6.558656512108603,6.4471533644287025,6.5554423332214355,371356000
2018-06-07,6.551734644284208,6.563602020220037,6.409574175641179,6.499815464019775,369448000
2018-06-08,6.427126494753319,6.527009352109651,6.408336566259085,6.484485149383545,360456000
2018-06-11,6.471876245199073,6.513411580308076,6.430588009495123,6.44344425201416,265372000
2018-06-12,6.469899664971444,6.504017779962381,6.419710654500263,6.491903305053711,319160000
2018-06-13,6.493387148700687,6.568299311392896,6.478305593439592,6.487453460693359,338208000
2018-06-14,6.53245004787599,6.655573003442621,6.51761559322839,6.598956108093262,430016000
2018-06-15,6.541842310890596,6.613046065594663,6.510937914928572,6.558159828186035,432260000
2018-06-18,6.514154196775797,6.571512860974775,6.4869586402088615,6.553959369659424,356268000
2018-06-19,6.450862480404295,6.5181107874782995,6.30499410382464,6.4323201179504395,594932000
2018-06-20,6.473361162652067,6.538136587845209,6.435039526343012,6.485228538513184,369780000
2018-06-21,6.5171203519928484,6.535415610588816,6.349000332053163,6.356664657592773,359516000
2018-06-22,6.377431989047714,6.39078290107934,6.189038982088868,6.204367160797119,434160000
2018-06-25,6.098057763376705,6.101766141284527,5.823379381222565,5.911889553070068,665816000
2018-06-26,6.025122406003173,6.073333197549709,5.931419859492689,5.982844829559326,478884000
2018-06-27,6.026358646530971,6.092617600471763,5.822389396022876,5.827828884124756,453892000
2018-06-28,5.817938432911124,5.9667743126645325,5.810274108010983,5.954906940460205,338012000
2018-06-29,6.01993183011891,6.032540504475527,5.855767248384286,5.857003688812256,392300000
2018-07-02,5.787530159257591,5.99273540122519,5.7670095879044485,5.98902702331543,357572000
2018-07-03,6.023639820092612,6.029573507698457,5.8471136748373285,5.855519771575928,222732000
2018-07-05,5.910652225971076,6.006084940429795,5.871836398792618,6.001140594482422,306216000
2018-07-06,5.976663683229958,6.12327425896357,5.955401346587171,6.1148681640625,296352000
2018-07-09,6.189041043467061,6.198683110054865,6.0837186662877025,6.162339210510254,303880000
2018-07-10,6.174699951455548,6.283236013497181,6.134400582636994,6.261232376098633,360016000
2018-07-11,6.1685198661477685,6.2031326513136,6.109182989343728,6.119814395904541,367508000
2018-07-12,6.165059195931247,6.259255495078772,6.155169558300162,6.211291790008545,345508000
2018-07-13,6.22983442026624,6.22983442026624,6.12203963713282,6.164069652557373,246988000
2018-07-16,6.136380195617676,6.189288724431544,6.124018618991294,6.136380195617676,197036000
2018-07-17,6.087179634450596,6.2871929709993255,6.06171424327838,6.272111415863037,362136000
2018-07-18,6.264694270450621,6.27853938430519,6.1719810502626435,6.222911357879639,277640000
2018-07-19,6.20412110838301,6.2646939499617895,6.189040026518868,6.231069564819336,235752000
2018-07-20,6.228597638674499,6.267413469753372,6.192006645604569,6.202885150909424,222352000
2018-07-23,6.176428922765019,6.1781595613592994,6.014736820748645,6.166292190551758,301584000
2018-07-24,6.214257376922752,6.30078979914946,6.131433332134808,6.148987293243408,354620000
2018-07-25,6.158382832475902,6.239723345249112,6.100529498278359,6.227114200592041,319112000
2018-07-26,6.207087376228404,6.337379965364397,6.190275185855378,6.300541877746582,325124000
2018-07-27,6.337133309027177,6.344055865179182,6.176924705176644,6.2308220863342285,295420000
2018-07-30,6.24491539195008,6.250849079466511,6.000893848582832,6.035754203796387,340340000
2018-07-31,6.0253704923974,6.128467548823555,5.986554659084164,6.053802490234375,283988000
2018-08-01,6.085200847788866,6.140334197694458,6.029819926903251,6.093606472015381,283556000
2018-08-02,6.022401883522834,6.200163953398901,5.963560164099082,6.196208477020264,269668000
2018-08-03,6.2206845814258545,6.256533797954327,6.203872863522399,6.232799053192139,214288000
2018-08-06,6.220192300082987,6.283978856839479,6.173712136898888,6.280517578125,207508000
2018-08-07,6.329221640708941,6.371251646403029,6.3025202863527126,6.35270881652832,258132000
2018-08-08,6.353945886167342,6.43404995717187,6.319085532312254,6.389052867889404,262100000
2018-08-09,6.406854206079471,6.409573714626693,6.33293091860253,6.340595245361328,204280000
2018-08-10,6.25875945093944,6.331693856492725,6.24763384766644,6.2993059158325195,256396000
2018-08-13,6.30796013430305,6.452840099767012,6.306229495103313,6.332189083099365,375208000
2018-08-14,6.437511348221425,6.477563620207169,6.3544401963372685,6.463470935821533,466220000
2018-08-15,6.484239789289818,6.518111280632941,6.326751124209985,6.405372142791748,591136000
2018-08-16,6.475092934693549,6.47756534439411,6.3047475373672,6.36482572555542,801260000
2018-08-17,6.253568129968853,6.254309899799555,6.0258641260586865,6.0528130531311035,1143188000
2018-08-20,6.012267537774206,6.259997008578247,5.902000346212003,6.127479076385498,854388000
2018-08-21,6.143796757792996,6.267414396897227,6.124017954398875,6.262964248657227,673988000
2018-08-22,6.230328345923656,6.502781407875291,6.226867067592977,6.497836589813232,749856000
2018-08-23,6.4592673179771385,6.6624947963325365,6.445422205811384,6.597224712371826,720684000
2018-08-24,6.6056309993149815,6.7448243663700636,6.601180851927682,6.7302374839782715,531512000
2018-08-27,6.759905313460884,6.895390300265316,6.728506711388606,6.8212199211120605,505776000
2018-08-28,6.815285601111715,6.83803147745245,6.6637302066621995,6.783639430999756,475384000
2018-08-29,6.775971957096754,6.914004818889428,6.755192928225578,6.8890204429626465,420108000
2018-08-30,6.857850955777092,6.968920613673174,6.835340342716159,6.872198581695557,346608000
2018-08-31,6.852161580332045,6.95605718709204,6.842266535963625,6.9431939125061035,306592000
2018-09-04,6.930083120296011,7.055499932969545,6.901635574694479,7.017899990081787,391720000
2018-09-05,7.0003365746425885,7.035710463506061,6.806398036419235,6.8872880935668945,393156000
2018-09-06,6.870963448858135,6.873437210718369,6.713388640118075,6.746288776397705,322796000
2018-09-07,6.654265481017739,6.850430552376574,6.6094914867958945,6.725013732910156,295420000
2018-09-10,6.747523714343405,6.825692770961656,6.703739134381931,6.796008110046387,220140000
2018-09-11,6.749750576286906,6.837319746683039,6.728971547071906,6.748266696929932,243112000
2018-09-12,6.708439423219944,6.727981806708105,6.479126993875945,6.6344757080078125,419092000
2018-09-13,6.700277184038123,6.802688457167006,6.682961325274999,6.712151050567627,305536000
2018-09-14,6.802440684590151,6.904109774042702,6.7655824430713984,6.838061809539795,386936000
2018-09-17,6.812583141273332,6.8615624842390135,6.7569246897619335,6.776219367980957,205528000
2018-09-18,6.780177613294013,6.882836117583296,6.697555963212411,6.704234600067139,299520000
2018-09-19,6.685682284622454,6.74579332075343,6.63571352908889,6.727982521057129,224860000
2018-09-20,6.606027784289586,6.648328013817437,6.53305348337467,6.58698034286499,430584000
2018-09-21,6.598855835085795,6.6443720124459675,6.483828510832966,6.5169758796691895,435128000
2018-09-24,6.486053508190043,6.576096437906463,6.398979280763885,6.572633266448975,293912000
2018-09-25,6.638681915425343,6.664655704036087,6.553091558492672,6.639671325683594,280388000
2018-09-26,6.644619013107843,6.68494043101475,6.586981735698912,6.602813243865967,268548000
2018-09-27,6.637940715479712,6.659214690535358,6.583272134056915,6.614687919616699,214428000
2018-09-28,6.746535538948417,6.973868701782201,6.718582458478351,6.951605319976807,709396000
2018-10-01,7.029277621277324,7.224699998721584,6.990687803565062,7.157910346984863,622060000
2018-10-02,7.130455469167495,7.24201915535807,7.064407490874187,7.086670875549316,383964000
2018-10-03,7.156921737200125,7.164343020632747,6.988957460357177,7.09285306930542,320552000
2018-10-04,7.056738549681871,7.080980753648199,6.831878660972938,6.908811092376709,391220000
2018-10-05,6.884073392637456,6.946163248925775,6.618149930657913,6.675539970397949,426636000
2018-10-08,6.592423650802323,6.707698204267434,6.433611742656048,6.574365615844727,408612000
2018-10-09,6.553833901990986,6.6483294254898,6.5008969131554855,6.568676471710205,273500000
2018-10-10,6.462800430668301,6.508564304974288,6.075418298363033,6.0776448249816895,684940000
2018-10-11,5.990570441807956,6.123903487582544,5.794900781144436,5.816421985626221,725436000
2018-10-12,6.073193065888216,6.1728833434684125,5.928233848839464,6.098671913146973,608236000
2018-10-15,6.08531408934243,6.08531408934243,5.82161715333462,5.822606563568115,449760000
2018-10-16,5.9351590180081795,6.092239305179087,5.885932447295425,6.0811076164245605,408712000
2018-10-17,6.143197197421929,6.181292549564624,5.963606305902995,6.012585639953613,329668000
2018-10-18,6.081850186742388,6.120192305746902,5.864906095134859,5.925264358520508,524020000
2018-10-19,5.980429307895091,5.9999712224305055,5.632626353675516,5.668989658355713,613608000
2018-10-22,5.721184210752967,5.821121713091837,5.61704136141607,5.719699859619141,368844000
2018-10-23,5.45278760002083,5.545799241394186,5.360765840725064,5.468372344970703,626436000
2018-10-24,5.43002825560625,5.476533827594657,4.918960960993198,4.93281364440918,884288000
2018-10-25,4.835352532016852,5.18859756543892,4.791072990613356,5.141349792480469,951720000
2018-10-26,4.905603397827116,5.067136276704087,4.777218352825311,4.90510892868042,664784000
2018-10-29,5.046109000247917,5.049572170865699,4.353966514809163,4.591689586639404,758016000
2018-10-30,4.614696653597426,5.031515796486237,4.5916910961498605,5.021620750427246,807192000
2018-10-31,5.186121805010123,5.2588488760364624,5.0466045956017425,5.215311527252197,745772000
2018-11-01,5.251675099303029,5.40479776763911,5.125268865163143,5.395397663116455,566528000
2018-11-02,5.385997012579226,5.491624206588815,5.199974233183098,5.31648588180542,452960000
2018-11-05,5.303375339716033,5.3266286019097615,5.0780210135951505,5.238564491271973,379332000
2018-11-06,5.230649442131772,5.314755451588281,5.183896148686008,5.221002101898193,299012000
2018-11-07,5.287543323842536,5.378080715270347,5.223969126281624,5.288532733917236,483812000
2018-11-08,5.229412899747814,5.230155075512188,5.0421534144207465,5.095585823059082,511352000
2018-11-09,5.006778825868138,5.177959070926323,4.973136517386262,5.0876688957214355,413240000
2018-11-12,4.996387874034105,5.018404015671048,4.666890284037056,4.688659191131592,617116000
2018-11-13,4.786370518482442,5.051551263215428,4.780185880484235,4.930339813232422,644712000
2018-11-14,5.1032520397163585,5.117599665092707,4.770044494083222,4.8778977394104,526580000
2018-11-15,4.871961542286755,5.078516139035172,4.836092709345151,5.006531238555908,840708000
2018-11-16,4.040054377114323,4.2216241027539105,3.9977536752859915,4.067512512207031,1963520000
2018-11-19,4.002206866994581,4.002948570717526,3.5777190216361867,3.5794506072998047,1697820000
2018-11-20,3.316248565605062,3.8159367939608377,3.297695827476737,3.6877989768981934,1692032000
2018-11-21,3.824841761239901,3.8416629117220666,3.552486945159913,3.579697608947754,1025496000
2018-11-23,3.5450653910231487,3.700413835189528,3.532202118509476,3.5868709087371826,411968000
2018-11-26,3.707836891417966,3.7963954906072437,3.625462461010882,3.786005973815918,814832000
2018-11-27,3.7600314644551864,3.8839641820689237,3.7241628654717807,3.8028266429901123,738060000
2018-11-28,3.9203270967711465,3.9648538567933307,3.787983933272836,3.9596590995788574,804524000
2018-11-29,3.961888178171767,3.9990307853833524,3.8663077052187442,3.896517038345337,549172000
2018-11-30,3.9061734352238338,4.05746803205743,3.855906969630096,4.046820640563965,729564000
2018-12-03,4.273886762475256,4.325391352126382,4.143639451874544,4.210496425628662,890804000
2018-12-04,4.165924565853092,4.170877038586875,3.8752211229519062,3.8903260231018066,812112000
2018-12-06,3.7499267512291925,3.924497410513186,3.7343268862961385,3.9195451736450195,692308000
2018-12-07,3.92375518548507,3.933907615271316,3.6058137767639558,3.6550896167755127,681676000
2018-12-10,3.610270140791863,3.78508851645278,3.6065557860673674,3.760326623916626,629472000
2018-12-11,3.8519453332461033,3.8601167249023183,3.5904608002472256,3.6694509983062744,671912000
2018-12-12,3.6751457622945525,3.7831071606823317,3.5860033817538723,3.6870315074920654,654136000
2018-12-13,3.733832059604428,3.797965080222705,3.6508800174820264,3.686784505844116,471384000
2018-12-14,3.645184685706574,3.7288796474623247,3.602842122772373,3.626365900039673,471820000
2018-12-17,3.5964034794123507,3.6684601640487577,3.4973561485793327,3.5552988052368164,662868000
2018-12-18,3.5991269530294487,3.7224407310238683,3.5718890628796562,3.638498306274414,564372000
2018-12-19,3.60482174883943,3.658307359929611,3.3782513510627172,3.429755926132202,745364000
2018-12-20,3.4213375498695466,3.511222851201115,3.2856428206917148,3.3453187942504883,749588000
2018-12-21,3.3718142659664654,3.4047475530491926,3.180900807661958,3.2083864212036133,863740000
2018-12-24,3.132119766766623,3.2185384332547193,3.0828437015886583,3.1467292308807373,463840000
2018-12-26,3.19278626959552,3.2967858408120705,3.081853425117454,3.295795440673828,695100000
2018-12-27,3.2435478766439565,3.277966760350411,3.0996817507019645,3.248004913330078,637044000
2018-12-28,3.268557663232945,3.4020238963182474,3.226710301053238,3.3094146251678467,628728000
2018-12-31,3.3527471332816616,3.385184978013549,3.2749950625529487,3.3056998252868652,465140000
2019-01-02,3.2348820671794463,3.429014470259344,3.22027259921947,3.3730528354644775,508752000
2019-01-03,3.3128808158221736,3.34680449917898,3.161833936081145,3.169262409210205,705552000
2019-01-04,3.242310091713328,3.4104426909025465,3.211605559520312,3.372309684753418,585620000
2019-01-07,3.4295090569356015,3.5877369282498313,3.3782519546193495,3.550841808319092,709160000
2019-01-08,3.6323083116588215,3.634537066324582,3.389890270266063,3.462442398071289,786016000
2019-01-09,3.513699147202186,3.577832398815382,3.463185196648294,3.5305373668670654,617260000
2019-01-10,3.5112228156861867,3.6048222344457934,3.45080392460482,3.5961556434631348,523156000
2019-01-11,3.5738699331062063,3.7080790587125985,3.5461368423942865,3.685298204421997,874764000
2019-01-14,3.633050831449988,3.7504217433238005,3.6095270582266896,3.7251646518707275,730168000
2019-01-15,3.757849859751598,3.7972212114031887,3.692726455192462,3.711050271987915,617012000
2019-01-16,3.738288140373494,3.77122118343258,3.6800980083972665,3.6855454444885254,470104000
2019-01-17,3.652613659562339,3.796727298193083,3.6253755251364455,3.7568607330322266,493436000
2019-01-18,3.8066308788815384,3.9118685575601817,3.7551262986202842,3.885868549346924,651336000
2019-01-22,3.8556595552286868,3.867297583177716,3.653603289208936,3.6838126182556152,661552000
2019-01-23,3.739031685104363,3.827678875022303,3.6654891602247064,3.6966888904571533,591020000
2019-01-24,3.7811270421483245,3.9259833480829425,3.776422286838493,3.908402681350708,708972000
2019-01-25,3.848974150204566,3.9836782623502893,3.746460406726317,3.965602159500122,1154572000
2019-01-28,3.3812233631027357,3.5072608682035145,3.2437955483461773,3.4173755645751953,2511528000
2019-01-29,3.3713183594934417,3.4196040207088623,3.2440427472905946,3.2586522102355957,1153932000
2019-01-30,3.3346718522928787,3.4163857793900756,3.255186443907979,3.402024030685425,974228000
2019-01-31,3.398804902318965,3.5951660470436764,3.3770144428723934,3.559509038925171,842852000
2019-02-01,3.578079650274053,3.63478418856549,3.530537139421069,3.5837748050689697,625048000
2019-02-04,3.5996221501393917,3.7311073186872235,3.5775842144138106,3.693964719772339,528592000
2019-02-05,3.7058503012026587,3.749678691576921,3.6721743378964162,3.71303129196167,542424000
2019-02-06,3.746212351620541,3.852935876807486,3.740764914745462,3.788555145263672,702464000
2019-02-07,3.7422512638039143,3.744479782621204,3.6075471368194396,3.6503849029541016,637120000
2019-02-08,3.583280046178188,3.679603434088364,3.5689182983735197,3.6689560413360596,461604000
2019-02-11,3.6248800635033493,3.679108374140384,3.5780802271071166,3.626365900039673,495180000
2019-02-12,3.6647465418910627,3.758841412659197,3.650384557721107,3.743241310119629,591060000
2019-02-13,3.7727073505082047,3.8586308150604207,3.7590882867916373,3.78558349609375,605372000
2019-02-14,3.7845934521398967,3.8546693413233784,3.74150773868974,3.8264408111572266,827264000
2019-02-15,4.034935268337227,4.057715889737594,3.8732407469906733,3.896021604537964,1516748000
2019-02-19,3.885373888543268,3.959164132900291,3.8663073863818664,3.878688097000122,551892000
2019-02-20,3.907907088268035,3.9930876443945174,3.8967644957676106,3.925983190536499,540988000
2019-02-21,3.9386119879459383,3.963125928417421,3.8425360819180625,3.8571455478668213,448548000
2019-02-22,3.9088973501071083,3.9606494153333722,3.8952782861436073,3.9418303966522217,401740000
2019-02-25,4.025278219081672,4.092630154426869,3.9207832069845323,3.929450035095215,656020000
2019-02-26,3.9247446663612737,3.9807062824177173,3.8566495873057502,3.890078067779541,488464000
2019-02-27,3.875716927918622,3.9022119038952963,3.791279054489746,3.848231315612793,500256000
2019-02-28,3.8420343108237707,3.8643429349671288,3.801383218768535,3.8236916065216064,324944000
2019-03-01,3.8735143122949323,3.9201144040319287,3.8152641976236867,3.877976179122925,357188000
2019-03-04,3.916396067248157,3.9392004003948013,3.829640364654736,3.886155605316162,409992000
2019-03-05,3.870539680751214,3.917883454737757,3.816255487925633,3.879711151123047,362924000
2019-03-06,3.870786802670238,3.8792143509536334,3.766184359881702,3.7689108848571777,403524000
2019-03-07,3.745364345836841,3.7550315283201217,3.6536512809246053,3.6997556686401367,450104000
2019-03-08,3.610520242646083,3.7446197054725094,3.5892030423944234,3.7339611053466797,422416000
2019-03-11,3.757510176146809,4.0170331796441925,3.710414132772544,3.9942290782928467,859728000
2019-03-12,4.021988857115139,4.074785664491453,3.945891776115563,4.028433799743652,579576000
2019-03-13,4.06586280575644,4.20888551449857,4.058426441866489,4.179636478424072,768900000
2019-03-14,4.188808493413833,4.200706488078726,4.096103797162113,4.103787899017334,519384000
2019-03-15,4.146919484957192,4.251769956100465,4.1434492744807985,4.209136009216309,661484000
2019-03-18,4.240613916460844,4.294402629756358,4.160798635174207,4.187817096710205,486992000
2019-03-19,4.282257440795719,4.39974957567434,4.265402338243507,4.355380058288574,854972000
2019-03-20,4.3843807498112275,4.437673521455852,4.2882058347189105,4.322908401489258,719148000
2019-03-21,4.345960748082415,4.585653881326078,4.341003170959589,4.5593791007995605,824312000
2019-03-22,4.532114647894637,4.58069759358795,4.385869391069872,4.399750232696533,747644000
2019-03-25,4.35909712121291,4.423295984166942,4.241357285926929,4.307539463043213,525212000
2019-03-26,4.449076385380852,4.505095692844781,4.327866298455655,4.384133815765381,703508000
2019-03-27,4.409664902880499,4.456016791288849,4.305558129393823,4.374962329864502,474372000
2019-03-28,4.400988673936663,4.45923903008485,4.340507738765139,4.393552780151367,480264000
2019-03-29,4.460230117103884,4.47510284912212,4.409912078172584,4.45081090927124,456896000
2019-04-01,4.542524289975378,4.548473288345791,4.470889045273274,4.518232822418213,483824000
2019-04-02,4.542276137523133,4.580448440193339,4.499393994882644,4.536078929901123,440920000
2019-04-03,4.585654069826234,4.734378080160501,4.5806964924996185,4.675384044647217,783504000
2019-04-04,4.660016045538845,4.708847191535176,4.603749006002984,4.666460990905762,457376000
2019-04-05,4.709589354167434,4.750488646546143,4.673152163807849,4.733137130737305,481744000
2019-04-08,4.70265067230615,4.778995762583968,4.678606940157051,4.753960609436035,424192000
2019-04-09,4.720496982792374,4.73165129477477,4.649109480661156,4.691247940063477,439972000
2019-04-10,4.690504119471046,4.787422242324242,4.686042489364285,4.761643409729004,444772000
2019-04-11,4.76412326296289,4.795603363318447,4.698437008956737,4.747763633728027,374600000
2019-04-12,4.786431210547088,4.79039736695356,4.701162866442991,4.709838390350342,471708000
2019-04-15,4.702154587291515,4.707112164920692,4.538558307773687,4.57821798324585,440092000
2019-04-16,4.617381963527399,4.684059630158757,4.584662709190543,4.665221214294434,394964000
2019-04-17,4.70017232313052,4.720993584395809,4.62010927842184,4.642417907714844,351004000
2019-04-18,4.649109362959098,4.683067772083667,4.590115332177181,4.617877006530762,380988000
2019-04-22,4.594329640256938,4.687282088559057,4.56285001675358,4.671666145324707,279936000
2019-04-23,4.684803417118198,4.757430556442091,4.6751364719379405,4.726198196411133,346856000
2019-04-24,4.736609786430388,4.7792442051382675,4.675881104456656,4.738593101501465,318204000
2019-04-25,4.698435532353966,4.720744153643242,4.553429966754181,4.632997035980225,499296000
2019-04-26,4.479315954390358,4.483778057349987,4.295642123758112,4.414373397827148,868988000
2019-04-29,4.42230432475227,4.472870559501432,4.350173154603981,4.445108890533447,391920000
2019-04-30,4.412884595484892,4.512033739153804,4.393798450335933,4.4865031242370605,362920000
2019-05-01,4.53880668205535,4.580945147868897,4.473119958040308,4.473368167877197,354280000
2019-05-02,4.483035663531513,4.582432605052308,4.439905771422172,4.54079008102417,394684000
2019-05-03,4.549216779186023,4.559131460862227,4.474854539101852,4.536327362060547,336824000
2019-05-06,4.3501735919769935,4.470144483988638,4.312992714045154,4.457998752593994,422176000
2019-05-07,4.409663436571097,4.409663436571097,4.242844728286668,4.2909321784973145,555220000
2019-05-08,4.263419793633536,4.391074357246538,4.251521795248729,4.31101131439209,419168000
2019-05-09,4.2421013189180234,4.2517682624256565,4.099822273281469,4.218553066253662,660248000
2019-05-10,4.187816626065282,4.253255116963289,4.065119219241282,4.18459415435791,569500000
2019-05-13,4.052727029014775,4.07577933938644,3.911687113715555,3.927551031112671,656912000
2019-05-14,3.967209629629472,4.051734749753598,3.9285416198787013,4.016536712646484,524880000
2019-05-15,3.9610137359058957,3.9919978867927326,3.9017721963734298,3.9555606842041016,502320000
2019-05-16,3.9501062423841242,4.013313920098717,3.907720053600478,3.970679521560669,781088000
2019-05-17,3.9287902508678076,4.057932163280862,3.8405474063361402,3.8799591064453125,1022068000
2019-05-20,3.78130539858697,3.836333274940559,3.7366881504321063,3.7614755630493164,572064000
2019-05-21,3.8222041530704325,3.8593850325820225,3.78353590599983,3.8435211181640625,361848000
2019-05-22,3.8048539998931146,3.8308805743775762,3.7617238764197856,3.772630453109741,325868000
2019-05-23,3.7104134146446532,3.7104134146446532,3.5919301179758825,3.651667594909668,591844000
2019-05-24,3.670506072343846,3.705704114217534,3.5911867278095704,3.597879409790039,357584000
2019-05-28,3.6154783017294005,3.648197553821421,3.55078324499088,3.5527663230895996,428356000
2019-05-29,3.50517475942802,3.540124828463809,3.443950145259975,3.4786524772644043,559800000
2019-05-30,3.4818789866497557,3.517613485625066,3.41388415966478,3.4521002769470215,394300000
2019-05-31,3.4032129575069305,3.470463243115982,3.3597855892986193,3.361522674560547,389720000
2019-06-03,3.3726896529546333,3.4114020408869172,3.2905501343227805,3.3198325634002686,478644000
2019-06-04,3.3838566011741076,3.553843638882873,3.361770770092565,3.5486323833465576,641836000
2019-06-05,3.6223346757717674,3.627794187677335,3.469718728804367,3.5059494972229004,511616000
2019-06-06,3.5101685439330685,3.592556323518667,3.507686925854797,3.567988872528076,408140000
2019-06-07,3.5739440019215474,3.644916467249988,3.5548358302361285,3.610671043395996,348856000
2019-06-10,3.6667552374600256,3.751872898204287,3.6667552374600256,3.6833817958831787,402780000
2019-06-11,3.7431865683985013,3.7809064020945917,3.7014965248313723,3.740953207015991,383872000
2019-06-12,3.697526350066116,3.703730395492952,3.6129052057212294,3.628042697906494,358892000
2019-06-13,3.6501278572889824,3.6975256669567544,3.632508750188073,3.6791622638702393,308080000
2019-06-14,3.5861040439813654,3.6104232370452425,3.5446620185259192,3.589329957962036,394428000
2019-06-17,3.587593258472236,3.6359838666660242,3.5647628917155174,3.599008560180664,276040000
2019-06-18,3.6603025933790496,3.8491493120688105,3.6493838060369956,3.7938106060028076,581920000
2019-06-19,3.829048729718864,3.8404637930278342,3.7737097883346435,3.7997663021087646,331644000
2019-06-20,3.8903432021280926,3.904239883182645,3.8096925167306535,3.8240854740142822,350168000
2019-06-21,3.809196788362595,3.858331692009574,3.759565371755028,3.766017436981201,434428000
2019-06-24,3.787358983193938,3.817882224013038,3.740209184640813,3.788351535797119,282948000
2019-06-25,3.7933139109527065,3.8682570586619445,3.7563386132870105,3.759068250656128,311868000
2019-06-26,3.886373148924366,4.013181086360025,3.8734690190221097,3.952134370803833,584072000
2019-06-27,4.037746947876291,4.0697590054385415,4.001764208089538,4.0506510734558105,445440000
2019-06-28,4.09457600138995,4.103757940700078,4.028814780708891,4.075468063354492,397668000
2019-07-01,4.282429770761454,4.316675433416628,4.086138206588349,4.123610019683838,709756000
2019-07-02,4.106983918882038,4.128077436863435,4.012684794144779,4.025836944580078,400228000
2019-07-03,4.049162190065574,4.0548699572717775,3.9789342653880677,4.0387396812438965,246636000
2019-07-05,3.980424529216406,3.98489125243947,3.91292574796479,3.976205825805664,396552000
2019-07-08,3.91664803088725,3.935507948974914,3.8712355575910116,3.9012622833251953,329788000
2019-07-09,3.8590755684712126,3.9317853634338737,3.846419695875436,3.9037437438964844,342860000
2019-07-10,3.9471717760950926,4.029311306914646,3.9332750922092683,3.97198748588562,452076000
2019-07-11,4.044944453629627,4.1670374051469015,4.0077211313339385,4.126339912414551,682560000
2019-07-12,4.154132941084615,4.230317138074098,4.154132941084615,4.15934419631958,506392000
2019-07-15,4.180437000605939,4.196566803126031,4.122616689964118,4.150906085968018,289840000
2019-07-16,4.136018058733451,4.173241382538583,4.090605348098259,4.14619255065918,341444000
2019-07-17,4.1479286938305515,4.218405115242195,4.118646270379244,4.211456775665283,348204000
2019-07-18,4.221878686983386,4.285902799249958,4.1652989527403275,4.223119258880615,442192000
2019-07-19,4.261337115323473,4.267788943467835,4.17398586566886,4.179941654205322,344896000
2019-07-22,4.201282562002257,4.264314135155811,4.1938377091150825,4.251410007476807,315940000
2019-07-23,4.290619497940688,4.361095460427464,4.274985257379087,4.359110355377197,428176000
2019-07-24,4.402289025354331,4.439264324799109,4.326353321613568,4.43355655670166,366236000
2019-07-25,4.392114655728459,4.404770764474118,4.279203649431086,4.302530288696289,392700000
2019-07-26,4.32957936095483,4.3911218696456285,4.32957936095483,4.344468593597412,274160000
2019-07-29,4.337273819917522,4.354396656712668,4.250171043457255,4.338266372680664,248160000
2019-07-30,4.291859974102234,4.366058598546031,4.277466779509722,4.353899002075195,197772000
2019-07-31,4.322383253715491,4.323376279602597,4.144703564601696,4.186890125274658,359416000
2019-08-01,4.197312436118388,4.2876413418581345,4.040477778383073,4.092590808868408,421212000
2019-08-02,4.00002908706665,4.069264963677774,3.9526315000910976,4.00002908706665,428348000
2019-08-05,3.8166416092811564,3.8178824184283853,3.6950451527745103,3.7419466972351074,589156000
2019-08-06,3.8166409945805504,3.862053466086372,3.7330124121395962,3.78065824508667,361272000
2019-08-07,3.719860261890786,3.830786174869618,3.7024894088489604,3.8188745975494385,372560000
2019-08-08,3.876447061037143,3.9285598589107837,3.8191230070421525,3.927319049835205,309300000
2019-08-09,3.886372482917003,3.889846652936848,3.775694845156045,3.826070547103882,341816000
2019-08-12,3.7739576725787245,3.826070458327308,3.73648609919122,3.758323907852173,279200000
2019-08-13,3.7568354485894377,3.918385086800619,3.717875040369741,3.872476100921631,351956000
2019-08-14,3.7843803539722343,3.795547396900369,3.6804030341823624,3.724078416824341,419880000
2019-08-15,3.7429384749498853,3.7627909438749896,3.657572811239916,3.6918182373046875,477200000
2019-08-16,3.954367259111893,4.00871317017012,3.8930725347505315,3.959578514099121,1007960000
2019-08-19,4.072738797076498,4.253892668551874,4.056608515191072,4.238010406494141,815112000
2019-08-20,4.232551979966629,4.233048493041963,4.144704664660755,4.165798187255859,463188000
2019-08-21,4.231805651765932,4.304267184161182,4.21021609857475,4.249176502227783,427244000
2019-08-22,4.25885575491386,4.301290336647535,4.216172680040969,4.2553815841674805,303488000
2019-08-23,4.178950021509208,4.233296189711494,4.011196299667997,4.031048774719238,568056000
2019-08-26,4.109713614737591,4.133784788125039,4.067527056360016,4.105742931365967,318208000
2019-08-27,4.143958599338707,4.146688236942727,3.9858833782095293,4.01516580581665,290968000
2019-08-28,3.9888365276554643,4.0573951981108545,3.9495888054715174,4.004734039306641,255612000
2019-08-29,4.096145560926398,4.180602209505402,4.092667950942162,4.14831018447876,357976000
2019-08-30,4.194510693604485,4.244191219175843,4.142843098622627,4.160976409912109,290616000
2019-09-03,4.088196075544937,4.1212333644939685,4.055158786595906,4.078011512756348,296140000
2019-09-04,4.138622569852106,4.199481224530756,4.138622569852106,4.192028999328613,227728000
2019-09-05,4.294122028961083,4.470984081943929,4.292383223962203,4.464774131774902,695676000
2019-09-06,4.4414223309170975,4.498306344795361,4.399691025904709,4.43769645690918,376976000
2019-09-09,4.468748140146039,4.570096305349643,4.467257600537183,4.483652114868164,417524000
2019-09-10,4.4508622737446295,4.5768019505612365,4.441174715633058,4.550223350524902,352812000
2019-09-11,4.564878797911657,4.626979230477164,4.535815651439235,4.578789234161377,361512000
2019-09-12,4.625241335341929,4.679889556180352,4.5693508402862735,4.57729959487915,327840000
2019-09-13,4.510726602118263,4.547738497384656,4.475701776434779,4.519420623779297,324592000
2019-09-16,4.4444047777332525,4.5109763688048865,4.433971948267542,4.4764485359191895,231832000
2019-09-17,4.4831541821322025,4.502032765310931,4.436702993756735,4.497809886932373,223048000
2019-09-18,4.490854977858208,4.506504218565795,4.384290423817927,4.470734119415283,258152000
2019-09-19,4.476694370422586,4.495076418461659,4.384537286394333,4.395218849182129,245476000
2019-09-20,4.394226976885047,4.4178249719627845,4.279465397875577,4.289649486541748,350244000
2019-09-23,4.289898524535677,4.388513864421871,4.286172175945748,4.3430562019348145,249712000
2019-09-24,4.374354065601589,4.403913738875583,4.250153216254933,4.285674571990967,317268000
2019-09-25,4.285177831253533,4.446887589628111,4.24046544693266,4.4272637367248535,308432000
2019-09-26,4.417576506449211,4.426270529177949,4.354233799381316,4.405156135559082,234564000
2019-09-27,4.3634241897647055,4.414098253267089,4.205937321136508,4.266547679901123,362056000
2019-09-30,4.292383506119842,4.3341148288361575,4.261084540293746,4.323930263519287,186184000
2019-10-01,4.347030554081502,4.496071696407756,4.3174708751842825,4.322190284729004,366008000
2019-10-02,4.300331682329208,4.312255051152552,4.226059603195252,4.298344612121582,293372000
2019-10-03,4.302816605872232,4.509983640235588,4.272511647177593,4.5037736892700195,450588000
2019-10-04,4.506009123193644,4.549479728475312,4.440928058646057,4.520168304443359,265524000
2019-10-07,4.584999182660187,4.678398096787563,4.576305160004113,4.578789234161377,480984000
2019-10-08,4.487129238036931,4.487129238036931,4.38429101816831,4.402424335479736,444436000
2019-10-09,4.47917972567834,4.538299551257255,4.450365319380643,4.488867282867432,292412000
2019-10-10,4.486632713369001,4.597419687455007,4.481416299085726,4.546497344970703,309124000
2019-10-11,4.630457031874789,4.703238559929826,4.611578446526381,4.62002420425415,446404000
2019-10-14,4.611330653387778,4.654304246710248,4.580280429445844,4.633438587188721,200040000
2019-10-15,4.723608679696773,4.950399543155537,4.7096977661499775,4.877865791320801,664124000
2019-10-16,4.843833064710887,4.94865880010307,4.812782852757612,4.824209213256836,428944000
2019-10-17,4.868675647397018,4.913636315069785,4.771798617795629,4.826199054718018,263436000
2019-10-18,4.826693821535992,4.859234576136827,4.657532308727944,4.731804370880127,307440000
2019-10-21,4.793160569496206,4.882337095465651,4.774281981387723,4.868923187255859,261868000
2019-10-22,4.92580670192421,5.030880725953008,4.851286366161707,4.858986854553223,328720000
2019-10-23,4.7770146283676835,4.860228993304525,4.745219137599581,4.846070289611816,279916000
2019-10-24,4.887304722909807,4.923571359238547,4.853273895856996,4.890037536621094,232020000
2019-10-25,4.970519620279404,5.101675728362133,4.962819131070851,5.080810070037842,423092000
2019-10-28,5.124526619392563,5.1891111151828975,5.095215212602667,5.1366987228393555,330792000
2019-10-29,5.122788692384218,5.12924737996355,5.021192759747854,5.040567874908447,211236000
2019-10-30,5.067395601925326,5.073109020316152,4.9744932110349795,5.042555332183838,205960000
2019-10-31,5.021690802605391,5.042556463304775,4.913636149848689,4.993372917175293,209732000
2019-11-01,4.958098972971242,5.064663541790093,4.933010436546448,5.032371520996094,283640000
2019-11-04,5.1133497137797965,5.2412769351408395,5.090248722853118,5.228856563568115,376716000
2019-11-05,5.228608631295536,5.25469070257639,5.158807702113853,5.206749439239502,300868000
2019-11-06,5.182655086783872,5.208240156857396,5.070128820646721,5.157566547393799,269012000
2019-11-07,5.244010249079237,5.258665958605948,5.130490448135259,5.1752028465271,280340000
2019-11-08,5.158310517720232,5.1928383430746115,5.120801613860862,5.161291122436523,189100000
2019-11-11,5.160545888806701,5.194328444770476,5.074350457459104,5.17122745513916,243436000
2019-11-12,5.209481779022911,5.26263993040473,5.1744569448823645,5.206749439239502,283504000
2019-11-13,5.17545020261961,5.203022811864566,5.114592039558323,5.180915355682373,300188000
2019-11-14,5.189857129426733,5.2134555964181795,5.129992507282294,5.211219787597656,518080000
2019-11-15,5.208984947465319,5.260652561120242,4.983932909683737,5.072115898132324,1053628000
2019-11-18,5.064662552633288,5.299650362796563,5.061681948100534,5.273071765899658,574588000
2019-11-19,5.242022545733795,5.2656205425735925,5.108382371167746,5.166508197784424,414564000
2019-11-20,5.14365510051986,5.329459404346898,5.130986463740042,5.245748043060303,472588000
2019-11-21,5.241277291468851,5.296919043773521,5.199297238139873,5.220908164978027,288388000
2019-11-22,5.243513093405742,5.289964295422484,5.214946944987763,5.2385454177856445,224100000
2019-11-25,5.366470766397429,5.4998626526423084,5.3535538656231445,5.494894504547119,506476000
2019-11-26,5.477257177288771,5.481977059647323,5.38385827655539,5.390316963195801,385244000
2019-11-27,5.435810281424538,5.470114670923082,5.398771061465771,5.425120830535889,215784000
2019-11-29,5.3942956186363,5.422633919033561,5.363967833757931,5.387832164764404,141556000
2019-12-02,5.380870546472608,5.394294348036424,5.18647719119734,5.201640605926514,372036000
2019-12-03,5.018187079136687,5.166095031073407,4.980899411957676,5.162117958068848,465232000
2019-12-04,5.245641816283171,5.268014509863485,5.177281018849271,5.205868244171143,273424000
2019-12-05,5.227743187677746,5.2434039758007955,5.1583876592407085,5.188963890075684,184884000
2019-12-06,5.258071361957496,5.307042744570594,5.24812773184507,5.274229049682617,232236000
2019-12-09,5.251359459045446,5.3289180670241985,5.242659019766264,5.274229049682617,211880000
2019-12-10,5.304308434137687,5.370929624486733,5.251608422137787,5.319223880767822,256388000
2019-12-11,5.3296639403915655,5.408216817345285,5.327178032838414,5.402747631072998,233796000
2019-12-12,5.373911504079874,5.588191691238599,5.364962616953304,5.570044994354248,404348000
2019-12-13,5.573027443677887,5.692099685136238,5.514112444088463,5.568055629730225,454704000
2019-12-16,5.6155354687860095,5.669229732850712,5.587445146174056,5.596891403198242,320976000
2019-12-17,5.615535365278752,5.6975683989039565,5.606089108428681,5.674947261810303,321196000
2019-12-18,5.709750456453109,5.765682192204771,5.7012984654260315,5.705276012420654,343548000
2019-12-19,5.739829581300655,5.8666080300170345,5.734857765867444,5.853184223175049,445360000
2019-12-20,5.91955469427086,5.975734864041908,5.900413732209764,5.950379371643066,603044000
2019-12-23,5.97896696941142,6.011034365228068,5.926018522750285,5.936707496643066,355060000
2019-12-24,5.92129499046584,5.948887942345335,5.886990136964135,5.931735515594482,138864000
2019-12-26,5.93521671269074,5.973996015905677,5.916324195165126,5.945906162261963,182852000
2019-12-27,5.961069858692072,5.974493664872303,5.861884374139636,5.888234615325928,254644000
2019-12-30,5.86635874393249,5.871579007150527,5.743806308417609,5.77512788772583,258056000
2019-12-31,5.73982842397939,5.858652228527245,5.720687459973178,5.84920597076416,231004000
2020-01-02,5.934968570207183,5.963804244995117,5.8845060207937,5.963804244995117,237536000
2020-01-03,5.844233913695736,5.912097802856729,5.8193753167124,5.868346691131592,205384000
2020-01-06,5.775127201579622,5.898176519464269,5.74902588859055,5.892956256866455,262636000
2020-01-07,5.921296285635632,6.010041242778637,5.876302448700196,5.964301586151123,314856000
2020-01-08,5.960075367023141,6.016752920110511,5.920053346777654,5.97548770904541,277108000
2020-01-09,6.0617455010434655,6.113451228430026,5.987418636459854,6.041112899780273,255112000
2020-01-10,6.148254313226695,6.178581626426708,6.0592609099923775,6.073430061340332,316296000
2020-01-13,6.156457847574533,6.288953447003874,6.133836231355337,6.263846397399902,319840000
2020-01-14,6.221089716905771,6.2464456898529646,6.1338363992497795,6.147011756896973,359088000
2020-01-15,6.15968810642731,6.182060796386267,6.078649335978341,6.104502201080322,263104000
2020-01-16,6.157948994174717,6.1939939419440035,6.134582032493706,6.188027858734131,284192000
2020-01-17,6.207168278849511,6.2146260007402,6.149248013832999,6.196727752685547,253792000
2020-01-21,6.160186089168899,6.196976854432715,6.129361406762414,6.163417816162109,217916000
2020-01-22,6.208660534025002,6.303868469663997,6.189768016004906,6.217360973358154,239240000
2020-01-23,6.257382526569026,6.294172814743435,6.168637584590366,6.2857208251953125,244516000
2020-01-24,6.401063843902919,6.450781034287568,6.17236562158241,6.22655725479126,373512000
2020-01-27,5.922290610131101,6.0219734668079825,5.772891023514302,5.97101354598999,470536000
2020-01-28,6.0368887223115895,6.196480395425806,5.983691339894044,6.1641645431518555,310976000
2020-01-29,6.149744040520787,6.185788977238313,6.063981917010932,6.103755950927734,258848000
2020-01-30,6.006062657393327,6.123892191463495,5.9511256737179945,6.11046838760376,290504000
2020-01-31,6.064728033562404,6.07666019690818,5.835532919670474,5.877295017242432,370420000
2020-02-03,5.859148005273648,5.993632572841682,5.852933475492537,5.9742431640625,255564000
2020-02-04,6.115938379346584,6.162423853757808,6.0659727292741294,6.143282413482666,271544000
2020-02-05,6.264093880586738,6.274285957619516,6.150241893918573,6.233518123626709,208220000
2020-02-06,6.267823274549807,6.320274353027344,6.186784499679763,6.320274353027344,218284000
2020-02-07,6.2802521818150865,6.302376423964702,6.2287948985436135,6.254150867462158,189752000
2020-02-10,6.2767710500651255,6.537785102095705,6.2717992364303115,6.537039756774902,529608000
2020-02-11,6.645175046983783,6.7739420040767095,6.583277238541487,6.65934419631958,638556000
2020-02-12,6.7120441233812835,6.781399652596957,6.673264825343856,6.774936199188232,374644000
2020-02-13,6.717017237996871,6.798304473458511,6.689672728229465,6.731186389923096,528016000
2020-02-14,7.140852817508515,7.332511833755253,7.109531243405762,7.203744888305664,1041924000
2020-02-18,7.100583231884326,7.390682416654508,7.081193817797439,7.372286796569824,620164000
2020-02-19,7.494591162549413,7.8406216221615965,7.494591162549413,7.822971820831299,694332000
2020-02-20,7.7749935395709695,7.863241105185788,7.366816899872005,7.673819541931152,810052000
2020-02-21,7.561709929818263,7.58681698192374,7.225374147225295,7.310141563415527,768180000
2020-02-24,6.716520257731246,7.006867932102628,6.6620801576875674,6.793333053588867,856916000
2020-02-25,6.868403619519949,6.930301423578362,6.412498802092312,6.514170169830322,1055496000
2020-02-26,6.5144194445871815,6.847274989769168,6.512928279510308,6.653378486633301,747732000
2020-02-27,6.3402219811763265,6.641190006067523,6.190733068633484,6.283013343811035,906416000
2020-02-28,6.030797116537449,6.776998186127318,6.0141320997454795,6.717550754547119,1133252000
2020-03-02,6.887436955320719,6.904599643014992,6.491950295924303,6.875746250152588,890744000
2020-03-03,6.931463350129404,6.991159391430268,6.528265881212004,6.613581657409668,652792000
2020-03-04,6.720785660126154,7.086175484127031,6.646165254678037,7.076723575592041,597408000
2020-03-05,6.877486969671298,7.044138573937588,6.753120114977706,6.797643661499023,540328000
2020-03-06,6.618307294181749,6.675765011958639,6.417330292148614,6.617312431335449,515412000
2020-03-09,5.967123096403663,6.45215413856938,5.924341142174752,6.104921817779541,614160000
2020-03-10,6.381015119188688,6.493940353393555,6.118601425283802,6.493940353393555,580648000
2020-03-11,6.354152046429975,6.3825077726804995,6.033534363514282,6.130540370941162,499964000
2020-03-12,5.607949780649273,5.873099896236231,5.367673129494751,5.380358695983887,816540000
2020-03-13,5.733312524970292,5.99498043118963,5.4624417815793365,5.990503311157227,634836000
2020-03-16,5.28335358926961,5.623870451229937,4.825434836944395,4.885130882263184,726972000
2020-03-17,4.997308549659035,5.493532478151604,4.750813652361393,5.404236793518066,833632000
2020-03-18,4.977162031994791,5.221915838198457,4.494121265098619,5.0448174476623535,874268000
2020-03-19,5.02342686677516,5.390806930894805,4.810262418937481,5.297283172607422,765512000
2020-03-20,5.447267659587445,5.728834186154782,5.102274251473931,5.1176958084106445,804636000
2020-03-23,5.116700479033214,5.384587051709071,4.937860991668966,5.290316581726074,643876000
2020-03-24,5.696003311904587,6.284507700206213,5.672373774240404,6.197947978973389,1101644000
2020-03-25,6.3128613076656235,6.5123457531006785,6.060645342640623,6.1093974113464355,793432000
2020-03-26,6.316344419292104,6.522296211921472,6.218343548888782,6.3984270095825195,696108000
2020-03-27,6.21834371533813,6.54468246183584,6.185510868111897,6.286248207092285,638828000
2020-03-30,6.351663454114976,6.6153215121157185,6.307637578761108,6.606118202209473,602252000
2020-03-31,6.646164892139033,6.850126943033816,6.411111600364291,6.556621074676514,949960000
2020-04-01,6.358877795314713,6.505133062019152,6.001447365136863,6.045970439910889,656912000
2020-04-02,6.0750723908705835,6.367583396823031,6.0270670594457165,6.354400634765625,675764000
2020-04-03,6.316842669101764,6.3583811622855135,5.929564394605599,6.06686544418335,663212000
2020-04-06,6.348678972084709,6.712825281839305,6.291221263715193,6.6760125160217285,727884000
2020-04-07,6.897386723143072,6.921016732850142,6.3999192267850225,6.442950248718262,784520000
2020-04-08,6.551895173160466,6.664820405786756,6.482000959912944,6.639946937561035,542444000
2020-04-09,6.765558123153106,6.78844139261449,6.477524208175872,6.540453910827637,525564000
2020-04-13,6.480757091589397,6.720785167160998,6.392456735653417,6.7120795249938965,398408000
2020-04-14,6.840177411632227,7.096870512386343,6.812567953080137,7.062794208526611,530948000
2020-04-15,6.894898714057057,7.0682662463296895,6.849629373283734,6.985437870025635,366148000
2020-04-16,7.1406481386780065,7.4371386115629985,7.127465375917318,7.330183029174805,745620000
2020-04-17,7.412263676173463,7.433654883302121,7.137164469093302,7.2709832191467285,539120000
2020-04-20,7.144627352201528,7.30033451878303,7.095626685846547,7.139901161193848,449388000
2020-04-21,7.022002163547339,7.083190258887159,6.64392677965587,6.703622817993164,735160000
2020-04-22,6.8956450294305265,7.160297985277611,6.850127091236819,7.117515563964844,483356000
2020-04-23,7.159551578055297,7.291380147551621,7.039164167732887,7.064286231994629,424160000
2020-04-24,7.054087978242391,7.205068949035195,6.979467582590378,7.2030792236328125,352328000
2020-04-27,7.337397099199471,7.54906948075769,7.312772226192204,7.389382362365723,479388000
2020-04-28,7.53663104306545,7.566479296297554,7.241633139529117,7.247105121612549,442904000
2020-04-29,7.381670852745031,7.476438532098062,7.306553255548668,7.423707008361816,379160000
2020-04-30,7.369730999567452,7.423706453585619,7.25605998667929,7.269989013671875,375916000
2020-05-01,7.072742973426641,7.185916793498489,6.985437482195325,7.033691883087158,342096000
2020-05-04,6.98643322473106,7.259045574623268,6.98643322473106,7.245365142822266,317556000
2020-05-05,7.34933499237457,7.468727056760737,7.245364011573555,7.306303977966309,368896000
2020-05-06,7.385651764262597,7.511759773524971,7.347844126312237,7.407042503356934,323464000
2020-05-07,7.546083773903831,7.646323437213887,7.494844780887304,7.5831451416015625,373732000
2020-05-08,7.654780572992808,7.779147440058237,7.620952864853898,7.7729291915893555,339216000
2020-05-11,7.7679541359634445,8.071409584799568,7.739349814452519,8.02464771270752,469060000
2020-05-12,8.08235173052751,8.131103317225646,7.753277097049614,7.762977600097656,493060000
2020-05-13,7.8773948460477135,8.03757909539608,7.556279607445358,7.740591526031494,625852000
2020-05-14,7.802030552114325,7.99529675418394,7.648561706335305,7.9898247718811035,602312000
2020-05-15,7.8497872616478075,8.457443446163204,7.834117106027025,8.44774341583252,987660000
2020-05-18,8.716128885688486,8.871338897702698,8.636534153708487,8.705930709838867,774460000
2020-05-19,8.745724677106145,9.0414688152822,8.718363820712609,8.760897636413574,717320000
2020-05-20,8.945460766522393,8.997197432107013,8.843728564013752,8.924567222595215,587536000
2020-05-21,9.005654160074906,9.006648548506421,8.69324445182905,8.730803489685059,761068000
2020-05-22,8.780551415125013,9.046946047215028,8.66911916021186,8.980533599853516,1038764000
2020-05-26,9.110371082978151,9.135245028089948,8.628076531061675,8.67359447479248,770780000
2020-05-27,8.581314301909094,8.589024607829826,7.956246272031052,8.482069969177246,1175892000
2020-05-28,8.36964036521895,8.716126818247057,8.336807522343962,8.444012641906738,734896000
2020-05-29,8.511168430346617,8.83054256439209,8.442020499781519,8.83054256439209,745256000
2020-06-01,8.788509941773912,8.795971650904905,8.645487840751274,8.761646270751953,389876000
2020-06-02,8.7516956542315,8.792487396907989,8.614145567728748,8.780548095703125,391320000
2020-06-03,8.777562925778758,8.821339725699485,8.655931605904515,8.725079536437988,365440000
2020-06-04,8.687755724694108,8.90201324294868,8.637488658846792,8.726078987121582,424280000
2020-06-05,8.753948963501875,8.955514629700385,8.667847647401274,8.878870010375977,481748000
2020-06-08,8.836316752947287,8.84875892563933,8.645700047300858,8.764400482177734,387736000
2020-06-09,8.759421777812781,9.067743068921587,8.71089664893527,9.004286766052246,468488000
2020-06-10,9.125477940681284,9.456195581866325,9.111292895481155,9.323559761047363,632180000
2020-06-11,9.10780969358321,9.218546652685198,8.745488699129474,8.755691528320312,583652000
2020-06-12,9.12025061846293,9.144886249217148,8.663117846022635,8.891310691833496,570908000
2020-06-15,8.77460413262687,9.139911559125865,8.703433037578094,9.131450653076172,400004000
2020-06-16,9.182462012681775,9.22401944930365,8.797992597026973,9.02668285369873,535716000
2020-06-17,9.071724989420082,9.256120093438188,9.028424681181738,9.193410873413086,408304000
2020-06-18,9.184455382209771,9.23969950716199,9.07247391956649,9.175497055053711,254408000
2020-06-19,9.19988217763818,9.401447821597749,9.184702291926113,9.218544960021973,524160000
2020-06-22,9.257117593182326,9.487301102199996,9.230490376313739,9.482821464538574,398468000
2020-06-23,9.506962485497636,9.59804088396687,9.364124749110477,9.406428337097168,375108000
2020-06-24,9.43255127846547,9.512431953315335,9.102331181296769,9.192912101745605,449372000
2020-06-25,9.31260789639529,9.461169689973298,9.139907896509927,9.44623851776123,376072000
2020-06-26,9.45619379454365,9.45619379454365,9.082922986864295,9.112784385681152,592084000
2020-06-29,9.12746645295521,9.162056197776709,8.858959737939557,9.157576560974121,342248000
2020-06-30,9.271053714697091,9.48232479694981,9.22377307669493,9.453956604003906,367892000
2020-07-01,9.476848338743391,9.531595028681618,9.369595252046542,9.486055374145508,326648000
2020-07-02,9.594555539183766,9.692601616807512,9.534085643354649,9.5679292678833,364056000
2020-07-06,9.696828302232177,9.863058044346857,9.667713036457133,9.793878555297852,315892000
2020-07-07,9.90038756505966,10.023566685048234,9.805327925441164,9.826231002807617,357800000
2020-07-08,9.947668620000956,10.177853089859866,9.919549138442747,10.168893814086914,365480000
2020-07-09,10.332386498774396,10.521261277875176,10.186312717025418,10.460542678833008,494548000
2020-07-10,10.53992323755913,10.606116305406612,10.33089154771138,10.430928230285645,497676000
2020-07-13,10.546146184871182,10.74248607038914,9.978773838195186,10.005898475646973,457076000
2020-07-14,10.028542714415202,10.35478162287087,9.740377400008319,10.329150199890137,542676000
2020-07-15,10.366229867151485,10.384892650763021,10.009382445924082,10.180091857910156,403984000
2020-07-16,9.968822453903256,10.159687893830071,9.849873293685468,10.088020324707031,344964000
2020-07-17,10.17834754249951,10.201241247818436,10.041233071795403,10.154458045959473,266284000
2020-07-20,10.226874817153762,10.482689743606029,10.109916313278463,10.462284088134766,284852000
2020-07-21,10.464523249805001,10.511307409960915,10.239316810486173,10.280874252319336,277036000
2020-07-22,10.319698782585693,10.553614924330057,10.244048983799532,10.390620231628418,367292000
2020-07-23,10.401813069331192,10.498365907215756,9.98499418719761,10.083040237426758,411660000
2020-07-24,9.829467523808882,10.31695925240339,9.731919815684156,10.147494316101074,473292000
2020-07-27,10.185068171231439,10.393601505544966,10.170634417210804,10.373445510864258,292132000
2020-07-28,10.326413559651314,10.334127383052609,10.162174431448639,10.168395042419434,271636000
2020-07-29,10.342837732498475,10.467758773160696,10.29928965550237,10.417243003845215,284508000
2020-07-30,10.327158564119097,10.574015125170751,10.247776248378544,10.565056800842285,308880000
2020-07-31,10.514543531098658,10.716857247191735,10.384894123228854,10.56580638885498,386080000
2020-08-03,10.683011014623924,11.047572222526716,10.665840496037246,10.959480285644531,412720000
2020-08-04,10.999045814776927,11.175975799560547,10.855709782432935,11.175975799560547,310336000
2020-08-05,11.192153640280633,11.319314022602223,11.114761945386586,11.234705924987793,249924000
2020-08-06,11.297414876107878,11.305627070056174,11.127203842921766,11.283230781555176,244316000
2020-08-07,11.260335560815758,11.45169930416,10.986604026340867,11.147856712341309,342516000
2020-08-10,11.281987829661926,11.35564602075613,10.806439976810287,11.113517761230469,427796000
2020-08-11,11.022689045250187,11.085399231333554,10.745971010645114,10.799971580505371,354512000
2020-08-12,10.94007327043613,11.41412703456627,10.907722858272763,11.387500762939453,464412000
2020-08-13,11.492763540891325,11.66770392653257,11.303391294885305,11.390238761901855,374460000
2020-08-14,11.476833720238632,11.650778256595569,11.387746937929792,11.510677337646484,366436000
2020-08-17,11.79660376231853,12.352528815873693,11.762761090180327,12.28011417388916,621300000
2020-08-18,12.392592403457424,12.43838077420562,12.030520161674376,12.204215049743652,503448000
2020-08-19,12.239801481703257,12.258215556136781,12.042216127810235,12.08253002166748,622624000
2020-08-20,11.919784161685799,12.317939398909461,11.823977434765848,12.085018157958984,921388000
2020-08-21,12.145488010516427,12.749689506590398,12.139017738747308,12.625017166137695,999868000
2020-08-24,12.824343188832731,12.85296104070654,12.449827806001334,12.66159725189209,490564000
2020-08-25,12.572507468754125,12.702405554694398,12.515770144609954,12.691207885742188,289076000
2020-08-26,12.740233502188829,12.809164303214024,12.619293712172963,12.714104652404785,321244000
2020-08-27,12.722561844110212,12.790746493496862,12.50855309966064,12.570018768310547,317604000
2020-08-28,12.616555911556786,13.087374488755257,12.584205502883087,13.087125778198242,537160000
2020-08-31,13.12196361348135,13.51240499533192,12.977632707337218,13.312829971313477,500840000
2020-09-01,13.421857130089242,13.933391281331938,13.378544809007552,13.76138687133789,511316000
2020-09-02,14.640328637897767,14.663230147107154,13.840045378460548,14.28462028503418,874012000
2020-09-03,13.769104949191176,13.824614387808259,12.823202579111951,12.959362983703613,945128000
2020-09-04,12.728611687105868,13.11817478517767,11.65426602615585,12.568058013916016,1463684000
2020-09-08,11.683885878412541,12.495868665952957,11.653766757408798,11.861616134643555,795728000
2020-09-09,12.346515345038622,12.75400040657726,12.17899096545241,12.660157203674316,736200000
2020-09-10,12.933224521841012,13.008896928842086,12.114520712963447,12.258646965026855,698684000
2020-09-11,12.431646509399577,12.597926004409656,11.844439994967425,12.112030982971191,636928000
2020-09-14,13.024575049642655,13.257564939326768,12.576765112628731,12.81672477722168,1201744000
2020-09-15,13.222719102887627,13.241388418414578,12.7724202640412,12.934966087341309,727556000
2020-09-16,12.901361003410214,13.036276504289093,12.459774389516712,12.46052074432373,556384000
2020-09-17,12.079921843900053,12.535449042053106,11.982842526145728,12.409743309020996,792512000
2020-09-18,12.539432155276181,12.578014719586728,11.937042024151966,12.136676788330078,698460000
2020-09-21,11.873567998481459,12.468490845765102,11.853156232092287,12.463263511657715,721044000
2020-09-22,12.520761299174337,12.593446389874005,12.103071287394512,12.583240509033203,646452000
2020-09-23,12.521261166367422,12.672108442868153,12.027152299670087,12.071459770202637,647012000
2020-09-24,12.020180820740766,12.515285706992461,11.962181636898192,12.294740676879883,731240000
2020-09-25,12.393811984118468,12.827931310749506,12.19293236465039,12.818222999572754,588016000
2020-09-28,12.984004264530533,12.995455019452848,12.695006353439096,12.978776931762695,573808000
2020-09-29,12.88169735695408,13.384768065727984,12.877466113660384,13.16870403289795,621460000
2020-09-30,13.100749000983756,13.563743503042675,13.093530438991557,13.472140312194824,689184000
2020-10-01,13.698657000160974,13.70338581276722,13.402688405534297,13.55577564239502,525004000
2020-10-02,13.167959153584208,13.46118833485087,12.994708902423616,13.005910873413086,552496000
2020-10-05,13.17891163738902,13.585400662831656,13.165718436757597,13.583658218383789,479820000
2020-10-06,13.770349630542391,14.081004214097689,13.60606133146238,13.677252769470215,784420000
2020-10-07,13.93936472563544,14.05834944334115,13.803701921805605,13.903768539428711,418084000
2020-10-08,14.014292260405256,14.023751786873135,13.698660090271776,13.779061317443848,378900000
2020-10-09,13.707619453210627,13.764622541474697,13.601827927722326,13.703387260437012,346892000
2020-10-12,13.929160708195548,14.285118819607398,13.852493157883188,14.164640426635742,434744000
2020-10-13,14.23483827983063,14.286614045333017,13.958286222161872,14.186796188354492,344604000
2020-10-14,14.228864651367555,14.280889205555026,13.899790449865685,14.034457206726074,276100000
2020-10-15,13.751179945542122,13.945338546007145,13.70836519762374,13.909743309020996,267224000
2020-10-16,13.976205093854658,14.060589716200548,13.73300832168819,13.75192642211914,242392000
2020-10-19,13.843034950198934,13.923187396795523,13.348925170537576,13.439533233642578,298068000
2020-10-20,13.524912268022215,13.740229967654253,13.448742284587745,13.586645126342773,229212000
2020-10-21,13.56623229376561,13.732014232770208,13.419368456639658,13.466414451599121,219596000
2020-10-22,13.464171929657988,13.553036570252154,13.17467555271184,13.30336856842041,290480000
2020-10-23,13.391986202058305,13.534618788168892,13.233921352971006,13.531631469726562,233484000
2020-10-26,13.369086871327628,13.633690573268522,12.98226233213433,13.084568977355957,336896000
2020-10-27,13.248609003917073,13.384023046239228,13.134602813833258,13.338968276977539,250520000
2020-10-28,13.14107170884122,13.20280455155051,12.554612551785185,12.572534561157227,376520000
2020-10-29,12.783123951718173,13.135845925987597,12.695005654386499,12.96782398223877,320080000
2020-10-30,12.794576492375915,12.88070262306885,12.246948531109375,12.479939460754395,416820000
2020-11-02,12.603153941396506,12.781381768805504,12.341537577545923,12.52648639678955,299652000
2020-11-03,12.653685165437649,13.048474603240864,12.548391206447642,12.963343620300293,272900000
2020-11-04,13.331496975863299,13.767857179588608,13.279472440749407,13.734749794006348,410228000
2020-11-05,14.101413431699372,14.277151505773915,13.930652955568876,14.098923683166504,319028000
2020-11-06,14.048891455608413,14.525825518344906,13.835068378723031,14.499191284179688,383348000
2020-11-09,14.489730948690765,14.628131343754319,13.55204339364055,13.571956634521484,582976000
2020-11-10,13.547812230313847,13.547812230313847,12.573782058299438,12.714920997619629,644068000
2020-11-11,12.997444591271169,13.377050504826503,12.892399429835695,13.360123634338379,404744000
2020-11-12,13.420860639156922,13.706622415545912,13.25856360652643,13.398706436157227,365812000
2020-11-13,13.568470299974223,13.609791386132025,13.002920455645425,13.239645004272461,346312000
2020-11-16,13.11568372017377,13.590626548003572,13.099255366942009,13.456955909729004,413776000
2020-11-17,13.49404517800945,13.537606285755135,13.246368351488899,13.364356994628906,312028000
2020-11-18,13.407171172523759,13.547065230799866,13.128130360392811,13.370828628540039,510924000
2020-11-19,13.15575975818555,13.429324433422689,13.043496030611196,13.382278442382812,565936000
2020-11-20,13.39597185904133,13.436296866540008,13.00864877090965,13.031301498413086,341088000
2020-11-23,13.114436775948434,13.324774913331916,12.95935832275685,13.083321571350098,361356000
2020-11-24,13.085812968215139,13.105228639441574,12.829423935275962,12.901860237121582,346500000
2020-11-25,12.976288525531565,13.212265811659313,12.963842630406676,13.177665710449219,259916000
2020-11-27,13.317309884312802,13.34966996860032,13.113691752498204,13.204050064086914,167276000
2020-11-30,13.207784048659422,13.354647870792293,12.916296418336144,13.343694686889648,286952000
2020-12-01,13.434054894917562,13.470397438236995,13.171192706053294,13.332245826721191,296948000
2020-12-02,13.29291480796753,13.614521552293276,13.177166196219103,13.486078262329102,283360000
2020-12-03,13.532892215696354,13.605101070203562,13.275431963831027,13.342162132263184,199520000
2020-12-04,13.394448782293157,13.505501389453034,13.334939318795286,13.503758430480957,202244000
2020-12-07,13.546585252766883,13.676062887003207,13.445742488055723,13.55206298828125,223244000
2020-12-08,13.530399915409005,13.544094728114345,13.228119551989275,13.296344757080078,271920000
2020-12-09,13.247043357447485,13.360086828024684,12.816530607506692,12.878779411315918,401300000
2020-12-10,12.817278981162264,13.01622611811567,12.797856623609862,12.920113563537598,207764000
2020-12-11,12.915134293753066,12.967672875794605,12.771464120306371,12.960949897766113,209264000
2020-12-14,13.035397836313285,13.334938860612665,13.024940082840144,13.255260467529297,270156000
2020-12-15,13.385732658762745,13.409885223527201,13.133750208165058,13.306801795959473,193016000
2020-12-16,13.368552602157862,13.383243798398896,13.159396585899268,13.189276695251465,223116000
2020-12-17,13.31302693964413,13.325726318719184,13.12553395287217,13.287630081176758,231384000
2020-12-18,13.325227800290302,13.351123325763458,13.017968362309006,13.218658447265625,342064000
2020-12-21,13.022200773575815,13.316264063450639,12.915381612940775,13.278665542602539,302332000
2020-12-22,13.26571770440206,13.283645009703203,13.001533585511854,13.224882125854492,185580000
2020-12-23,13.20272072009753,13.221644408013391,12.95273009268442,12.956962585449219,179144000
2020-12-24,12.984851528834119,13.079718838543478,12.886748109468082,12.941526412963867,97884000
2020-12-28,13.010000389047383,13.010000389047383,12.711953456949022,12.848153114318848,212564000
2020-12-29,12.873053464210267,13.019960686571482,12.790635724681074,12.891229629516602,170372000
2020-12-30,12.93804292692024,13.160644950214424,12.844919508521023,13.092918395996094,225396000
2020-12-31,13.083702589161886,13.098143976917555,12.863092439192675,13.002530097961426,192424000
2021-01-04,13.05158327179001,13.597630023242596,12.910402638287994,13.060795783996582,560640000
2021-01-05,13.047100420987022,13.389468856919152,13.03440199119971,13.350874900817871,322760000
2021-01-06,13.16935698709165,13.191766594805781,12.535415751922324,12.563800811767578,580424000
2021-01-07,12.915381167862042,13.323982965116926,12.834707343598083,13.29036808013916,461480000
2021-01-08,13.308795569096715,13.367059793296423,12.989583303848809,13.223389625549316,292528000
2021-01-11,13.364816182655547,13.904887362250381,13.308792646731021,13.566751480102539,518344000
2021-01-12,13.697228086074581,13.699220853511294,13.291366518342056,13.430554389953613,291476000
2021-01-13,13.435781431552286,13.570239074194301,13.331203898280512,13.477363586425781,210028000
2021-01-14,13.520442716544837,13.545093004651417,13.127528408243663,13.147198677062988,283120000
2021-01-15,13.17483621037775,13.271695346356372,12.796861987374657,12.807817459106445,277780000
2021-01-19,12.963935787634238,13.041373506221632,12.79237828621631,12.972900390625,226188000
2021-01-20,13.059052877089373,13.376522184971396,13.004274570708622,13.312032699584961,258572000
2021-01-21,13.36456988189232,13.942986262976488,13.199735351672873,13.811765670776367,337780000
2021-01-22,13.684778315815404,13.786119751969078,13.572481408125672,13.657388687133789,246820000
2021-01-25,13.72635884482473,13.772921018082734,13.183300345613404,13.59837532043457,251112000
2021-01-26,13.52591884373518,13.589910611709367,13.33369468135409,13.381253242492676,163980000
2021-01-27,13.176826544521976,13.17956588706727,12.742330152960971,12.865832328796387,371272000
2021-01-28,12.944014305189453,13.286133811910172,12.908407607681944,12.998543739318848,228316000
2021-01-29,13.022454028745182,13.28116051075482,12.859611269358265,12.937546730041504,271552000
2021-02-01,13.000787159383922,13.21741272526366,12.850891747211746,13.183798789978027,217204000
2021-02-02,13.3448990521838,13.517451986494493,13.232103488617547,13.502264022827148,220440000
2021-02-03,13.581193328503652,13.875755253863847,13.46217441791399,13.476118087768555,245408000
2021-02-04,13.476619285849223,13.618546504869126,13.284146250549627,13.609333992004395,201340000
2021-02-05,13.66984110418182,13.682041819578815,13.491310776070629,13.536378860473633,169152000
2021-02-08,13.67207771550362,14.415577407685298,13.67207771550362,14.380718231201172,434624000
2021-02-09,14.283113858860963,14.524639548402014,14.165339215361854,14.205925941467285,287560000
2021-02-10,14.405121329535092,14.845095479349197,14.283860773020809,14.704911231994629,485352000
2021-02-11,14.920043907883057,15.21087016144193,14.865015793501902,15.18945598602295,450828000
2021-02-12,14.989514339884593,15.229794795729902,14.715618993153976,14.901121139526367,374756000
2021-02-16,15.003706913820904,15.310718485509026,14.889915901123095,15.268637657165527,321960000
2021-02-17,15.11002559817303,15.162315316732863,14.720597275681127,14.846091270446777,274756000
2021-02-18,14.669803078245188,14.813473242529565,14.51642173524086,14.769401550292969,233868000
2021-02-19,14.964115141640802,15.116002383057575,14.7870798988498,14.866509437561035,271724000
2021-02-22,14.715367473678917,15.072427078711511,14.26742515013621,14.298051834106445,325884000
2021-02-23,14.018679913027913,14.181523573742238,13.335685999500365,14.085162162780762,391780000
2021-02-24,14.06598916049394,14.448445641095974,13.700712460905951,14.440726280212402,448320000
2021-02-25,13.989049754794058,14.316976805653484,13.16313319589413,13.254015922546387,824436000
2021-02-26,13.69722734472465,13.798817635314652,13.307301288699822,13.659380912780762,500932000
2021-03-01,13.819234727310848,13.869033961341506,13.498778190317397,13.786118507385254,353184000
2021-03-02,13.844134511457842,13.864552302839884,13.34216041278066,13.35236930847168,264116000
2021-03-03,13.372288481570262,13.397436481579216,12.747309959818812,12.753286361694336,377592000
2021-03-04,12.749302617793662,12.922852894444349,12.035184286271841,12.32053279876709,573344000
2021-03-05,12.49955846462247,12.49955846462247,11.63230781059517,12.41141414642334,542840000
2021-03-08,12.399961813597908,12.421126179417163,11.520012603958925,11.546655654907227,543112000
2021-03-09,12.085664836005455,12.57037647608165,12.014925700071945,12.474231719970703,521824000
2021-03-10,12.793306731118925,12.932293687337854,12.41171496237117,12.422425270080566,384376000
2021-03-11,12.902403493519058,12.99830026920778,12.68769566195109,12.945743560791016,299916000
2021-03-12,12.601763379126412,12.841379915385886,12.543727990467413,12.80875015258789,243964000
2021-03-15,12.817468886000968,13.158211962080784,12.720327373768852,13.142768859863281,221988000
2021-03-16,13.307410755933141,13.462837548611631,13.068541996245397,13.242401123046875,272128000
2021-03-17,12.991823175608697,13.403803210626146,12.941757813661807,13.292215347290039,243864000
2021-03-18,13.088220142222372,13.135545224725465,12.670261569305001,12.675741195678711,293896000
2021-03-19,12.703139313327759,12.874009196386721,12.56614486370807,12.798537254333496,299208000
2021-03-22,12.865291623650993,13.345270569661254,12.859313158739914,13.137785911560059,297804000
2021-03-23,13.205534747108478,13.295453056393745,12.973391315699493,13.022709846496582,222048000
2021-03-24,13.102914093626651,13.110885063082709,12.590305409184253,12.596531867980957,245840000
2021-03-25,12.453560612717908,12.668019515314883,12.226896785999031,12.489178657531738,295144000
2021-03-26,12.508359288718777,12.809000478579916,12.328024743744802,12.792062759399414,363968000
2021-03-29,12.773129756465236,13.014489826860041,12.65332197655928,12.900659561157227,273520000
2021-03-30,12.794801380172224,12.927561877681123,12.658304817189459,12.824441909790039,200204000
2021-03-31,12.967667833567525,13.42099562303325,12.934789116859394,13.299195289611816,314776000
2021-04-01,13.522368421618353,13.819023625386853,13.461591793310602,13.760988235473633,308276000
2021-04-05,13.816532577415291,13.962493775777086,13.682526408463117,13.936091423034668,255672000
2021-04-06,13.948296742716591,14.0025960659606,13.722878585220865,13.810554504394531,191744000
2021-04-07,13.829734405751106,14.191151260158252,13.661106906366319,14.091519355773926,251284000
2021-04-08,14.200367553011299,14.418313585584368,14.196630537167836,14.264381408691406,244416000
2021-04-09,14.161760136622581,14.355047386702058,14.122903911178433,14.347076416015625,195172000
2021-04-12,14.237231804937178,15.29607580434181,14.087284632452857,15.15310287475586,869324000
2021-04-13,15.175519477903563,15.642297740883008,15.070158056314497,15.621872901916504,676212000
2021-04-14,15.56757439683238,15.662723403944465,15.17153526617019,15.220853805541992,385500000
2021-04-15,15.604936219474224,16.154658563081032,15.574050016503216,16.07794189453125,598480000
2021-04-16,15.993999997068041,16.10633661100152,15.806940170418816,15.85401725769043,335208000
2021-04-19,15.479397321409937,15.74940120021796,15.177012626643881,15.305289268493652,404420000
2021-04-20,15.266932701181231,15.440044046604253,14.908007196915346,15.11549186706543,334132000
2021-04-21,15.063182531098462,15.306037228333295,15.046743653685485,15.304044723510742,216776000
2021-04-22,15.318491630862203,15.381758649575245,14.729165313862191,14.795670509338379,277788000
2021-04-23,14.879360816606061,15.278638067216274,14.84548633446587,15.209144592285156,227500000
2021-04-26,15.129190614058306,15.422109741768356,15.069410715459696,15.421113014221191,197796000
2021-04-27,15.52124478193989,15.612906665769394,15.29806806262324,15.325218200683594,164572000
2021-04-28,15.308030914991681,15.475164740857569,15.15957836730446,15.220602989196777,209416000
2021-04-29,15.34340000196832,15.379765830719082,15.016107543211453,15.268426895141602,173196000
2021-04-30,15.118729701211409,15.308528865809581,14.941881343927635,14.95433521270752,201912000
2021-05-03,15.06941043878628,15.19071284416774,14.733151247079403,14.782219886779785,203912000
2021-05-04,14.583454922762675,14.583703867134822,13.958759426276734,14.298505783081055,405324000
2021-05-05,14.654938309097338,14.75905499847583,14.334620122131005,14.405359268188477,292024000
2021-05-06,14.441973635991896,14.517694517007266,14.165743307149034,14.469621658325195,193380000
2021-05-07,14.753825582724902,14.91572777547651,14.617826904664591,14.757810592651367,229328000
2021-05-10,14.732901783793752,14.751583061695198,14.197626779371475,14.213318824768066,268904000
2021-05-11,13.774190514170254,14.30199346093652,13.69946634233684,14.253671646118164,285584000
2021-05-12,13.958008435105357,14.207837357510233,13.658862883776619,13.707931518554688,303408000
2021-05-13,13.982167979760423,14.028996111161781,13.409530549285517,13.615022659301758,285404000
2021-05-14,13.838951467039104,14.275341444847527,13.697971040090284,14.190653800964355,258616000
2021-05-17,14.104967840462367,14.11717276437191,13.802584080647618,14.113436698913574,216980000
2021-05-18,14.214563077949034,14.351308574282077,13.952529225125941,13.96423625946045,186256000
2021-05-19,13.516635101169424,14.027750020640202,13.493470930620314,14.014050483703613,344000000
2021-05-20,14.249932964504612,14.629782114343872,14.218050986432957,14.558794021606445,321592000
2021-05-21,15.108017088006374,15.16605342254954,14.814849033504863,14.936649322509766,672992000
2021-05-24,15.156588205382036,15.687131342210156,15.120222378827417,15.554620742797852,554816000
2021-05-25,15.708052890917713,15.760359702554151,15.425595157911804,15.590237617492676,435408000
2021-05-26,15.676423080242675,15.735704145609564,15.52896724992977,15.642298698425293,370440000
2021-05-27,15.642048790934533,15.692114160752126,15.403180033259336,15.431077003479004,581476000
2021-05-28,15.444032817878627,16.21767885890233,15.444032817878627,16.184799194335938,644536000
2021-06-01,16.210202026757546,16.32801730667741,15.844799257771454,16.204721450805664,472804000
2021-06-02,16.192519278165797,16.856569802587472,16.175830504462102,16.716585159301758,594168000
2021-06-03,16.63936684781397,17.195565429117057,16.522049469970472,16.907377243041992,580008000
2021-06-04,17.049601597313153,17.5960856255782,17.032665784160628,17.513641357421875,617120000
2021-06-07,17.506675722418404,17.74703820489032,17.12956674334457,17.554248809814453,575756000
2021-06-08,17.462830794677384,17.556734115441593,17.18759528524921,17.392839431762695,323848000
2021-06-09,17.455372530301904,17.514418168620654,17.196268545386232,17.29841423034668,381656000
2021-06-10,17.290202184764077,17.431712967819557,17.116802102895697,17.36494255065918,287772000
2021-06-11,17.419248285060828,17.877414660065863,17.383622077318115,17.76380729675293,416308000
2021-06-14,17.84427788430058,17.97731685623669,17.60186647716937,17.95663833618164,321376000
2021-06-15,17.85324933990934,17.954150035131732,17.666893640244776,17.727184295654297,243032000
2021-06-16,17.7294277906978,17.892862060192925,17.523887570749032,17.748859405517578,307124000
2021-06-17,17.713236221953977,18.770080172629996,17.6950496111378,18.59294319152832,809656000
2021-06-18,18.71925451472753,19.308217023143403,18.519943127082154,18.574504852294922,968856000
2021-06-21,18.371703230531587,18.472605819565104,17.76131527148521,18.363731384277344,672384000
2021-06-22,18.407828248625574,18.89838188023769,18.32262225653675,18.821645736694336,580144000
2021-06-23,18.942231092149555,19.086731742850937,18.842575405432253,18.991559982299805,332356000
2021-06-24,19.161470004367036,19.3530565919672,19.022449314340957,19.13929557800293,320924000
2021-06-25,19.214042880819722,19.27881936597167,18.829373695027133,18.965402603149414,278364000
2021-06-28,19.294512263445398,20.009539746281707,19.25240821728546,19.916112899780273,495436000
2021-06-29,19.813968049037626,20.02947213929642,19.589245203319127,19.957721710205078,367632000
2021-06-30,19.93031286945108,20.093000115257194,19.795279984425818,19.933551788330078,326568000
2021-07-01,20.055628261505312,20.385486666849392,19.949992750888118,20.1423282623291,480136000
2021-07-02,20.36979576583469,20.43457225231236,20.21782125954532,20.416383743286133,342764000
2021-07-06,20.666016614407923,20.770156218101576,20.280102477408526,20.627151489257812,446708000
2021-07-07,20.78161688378112,20.8030424068204,20.261914895907818,20.30152702331543,418428000
2021-07-08,19.788056528694977,20.063602249461436,19.632843115344528,19.83414649963379,503300000
2021-07-09,19.893689311396027,20.011033596944927,19.686157099051567,19.981136322021484,296624000
2021-07-12,20.170233652591747,20.46197396708829,20.118163846582572,20.441795349121094,321984000
2021-07-13,20.33017540213625,20.390716944690393,20.044663988869065,20.180194854736328,290708000
2021-07-14,20.287582585224396,20.347375250132107,19.684668303737425,19.77311134338379,380100000
2021-07-15,19.743459705435733,19.778587910474652,18.793494657119066,18.9008731842041,550564000
2021-07-16,18.964900147522947,19.090963266733112,18.010700300983057,18.09839630126953,688224000
2021-07-19,17.853499010534822,18.976364277481892,17.803919215628007,18.71501922607422,749060000
2021-07-20,18.66544105629697,18.773068604657446,18.10139195799194,18.547847747802734,434687000
2021-07-21,18.81691585718277,19.45969307152444,18.67739902955173,19.343095779418945,371017000
2021-07-22,19.574295529309875,19.818449966161833,19.209555981723096,19.526460647583008,323826000
2021-07-23,19.58824901824623,19.63209798066953,19.183648299082556,19.49058723449707,195672000
2021-07-26,19.244434884003283,19.374981936997983,18.848802099805674,19.227493286132812,203943000
2021-07-27,19.19859503384595,19.55436484344968,18.676401037537744,19.14179229736328,248863000
2021-07-28,19.252409967559455,19.57828250324593,18.929527349738116,19.435775756835938,202191000
2021-07-29,19.451720092622526,19.78457038148823,19.261378455641132,19.594228744506836,190781000
2021-07-30,19.351065420539463,19.562334550057216,19.19660092206327,19.431787490844727,183497000
2021-08-02,19.632097922483993,19.892197976723832,19.29426570330478,19.68192481994629,217444000
2021-08-03,19.671959943888986,20.152298936128698,19.15375182359824,19.746702194213867,301811000
2021-08-04,19.92108971617974,20.247960044735315,19.759647512990362,20.204111099243164,231309000
2021-08-05,20.429337660982515,20.661534325497566,20.271881335250495,20.56586456298828,211435000
2021-08-06,20.45325366267707,20.49909462866521,20.140334945269064,20.29579734802246,178497000
2021-08-09,20.37552283364435,20.4373093965313,20.073567760929837,20.22504425048828,146443000
2021-08-10,20.251952033949838,20.359579568061065,19.76662927363891,19.86728286743164,179238000
2021-08-11,19.973913844041807,19.979893679889088,19.363027803581907,19.631099700927734,185925000
2021-08-12,19.80151033623967,19.959960768948545,19.552372068752263,19.836389541625977,151652000
2021-08-13,19.836388472220936,20.1443233694404,19.782573757798062,20.118412017822266,183063000
2021-08-16,20.065596914124974,20.217073411230743,19.38594658927901,19.881235122680664,210876000
2021-08-17,19.61714508254788,19.70185307512891,19.20058666248463,19.390928268432617,204585000
2021-08-18,19.432778586085732,19.56631742983392,18.934502212083533,18.974365234375,285913000
2021-08-19,19.42680433496521,20.424355275719023,18.697327164065186,19.72975730895996,766555000
2021-08-20,19.922090443139417,20.79307832111632,19.86429170671667,20.744247436523438,675741000
2021-08-23,20.89871172530121,21.921174082435364,20.877784205447764,21.882308959960938,575807000
2021-08-24,21.67801530706898,21.883304579261942,21.460766366157202,21.717876434326172,297299000
2021-08-25,21.66207542103675,22.392548685209118,21.647127731975118,22.13643455505371,347701000
2021-08-26,22.123480715517967,22.262997548429166,21.714894075614353,21.99193572998047,237940000
2021-08-27,22.10753410004748,22.643679777066232,22.090592499579266,22.55797576904297,304722000
2021-08-30,22.751307262334937,22.963572419378465,22.473269615708634,22.60979652404785,262580000
2021-08-31,22.62075674664323,22.62075674664323,22.04763890496798,22.311771392822266,259850000
2021-09-01,22.41144663929597,22.622753028655936,22.283865100248764,22.367589950561523,201767000
2021-09-02,22.44433163446369,22.519087031145745,22.2220616085627,22.322731018066406,187834000
2021-09-03,22.2519691858628,22.91080616281464,22.12737809725463,22.768274307250977,280532000
2021-09-07,22.758307882725695,22.82409196545465,22.4483244181334,22.587867736816406,198107000
2021-09-08,22.439355044930288,22.53603785625392,21.905107228441466,22.26592445373535,254434000
2021-09-09,22.239008815072744,22.464269311558628,22.05860118166775,22.104450225830078,196856000
2021-09-10,22.274896532355616,22.551987038677307,22.197152562012025,22.40447235107422,248376000
2021-09-13,22.609789880706007,22.88887455215945,21.786491905971708,22.079530715942383,297500000
2021-09-14,22.202130131232664,22.336688726101833,22.013749239081235,22.169239044189453,199755000
2021-09-15,22.236018912995096,22.293829735980275,21.89414058393964,22.267913818359375,166538000
2021-09-16,22.1104320390737,22.204124394587865,21.855268989494725,22.169239044189453,156033000
2021-09-17,22.227052672404977,22.247983887075033,21.758590795663608,21.82836151123047,294503000
2021-09-20,21.076832598603254,21.3628944926299,20.59441647909364,21.043941497802734,349440000
2021-09-21,21.3469404733302,21.35491372577289,20.88146906785273,21.17650032043457,204688000
2021-09-22,21.296110353375784,21.888167223452875,21.12666635278142,21.869230270385742,268726000
2021-09-23,22.067572722802016,22.461281014018834,21.818390548782627,22.40845489501953,248555000
2021-09-24,21.99779866501987,22.076540691482016,21.789482764307245,22.00876235961914,217655000
2021-09-27,21.638981339967028,21.7276909027937,21.255242424863432,21.58914566040039,245215000
2021-09-28,21.14460514549343,21.34893447038271,20.58344521216512,20.631288528442383,343069000
2021-09-29,20.871501019861885,20.948248800717536,20.40004683540283,20.44988441467285,218394000
2021-09-30,20.70006335689361,20.997088873720934,20.620325128983062,20.64823341369629,221009000
2021-10-01,20.682119903644967,20.790762583446227,20.136908439010178,20.67414665222168,240978000
2021-10-04,20.436923825487426,20.474799620417603,19.49102893557556,19.667449951171875,345635000
2021-10-05,19.884739402108554,20.580456026751712,19.789052772537165,20.38409996032715,279282000
2021-10-06,20.054185321506793,20.652221111305703,20.014315254928512,20.632287979125977,297202000
2021-10-07,21.023002332349666,21.252251394930184,20.90339594423825,21.006059646606445,256919000
2021-10-08,21.03197467494621,21.136630744836808,20.707040866525467,20.76285743713379,151258000
2021-10-11,20.507695778664687,20.994098397870303,20.443904055764555,20.627302169799805,163388000
2021-10-12,20.759866211548562,20.988117194123532,20.460848337072985,20.60338020324707,162134000
2021-10-13,20.849571259430128,20.921336231312484,20.645241941754325,20.870502471923828,180652000
2021-10-14,21.218358128233028,21.683829432378424,21.052900818856443,21.67486000061035,243589000
2021-10-15,21.738653534036047,21.85925800191469,21.59113886513245,21.790483474731445,226994000
2021-10-18,21.677854960050606,22.218081780697908,21.57319699245635,22.149307250976562,189494000
2021-10-19,22.20313074793577,22.30579445739423,21.964914136514288,22.217086791992188,161473000
2021-10-20,22.23203574791411,22.359617290338466,21.910092397516213,22.030696868896484,146276000
2021-10-21,22.024710721014017,22.63670236537639,22.010756582257212,22.61776351928711,187590000
2021-10-22,22.74833799814001,23.054332903700523,22.487195958001656,22.651655197143555,249384000
2021-10-25,22.897851941944545,23.278602340486742,22.695516863119877,23.090221405029297,230235000
2021-10-26,23.910525487792796,25.176371413393948,23.845737588941468,24.63614273071289,485898000
2021-10-27,24.39394484368864,25.00792909100821,24.202571550095367,24.37101936340332,245990000
2021-10-28,24.79661760339399,24.868382573846535,24.442779360511576,24.859411239624023,234204000
2021-10-29,24.919211901819345,25.624895953536313,24.918215720709906,25.483360290527344,292503000
2021-11-01,25.565094542912135,25.80929200930688,25.144474150231424,25.742511749267578,265740000
2021-11-02,25.73753541354088,26.590734389786405,25.71560611433414,26.314640045166016,294112000
2021-11-03,26.582757025267508,26.696384427226477,26.14918053197211,26.5109920501709,239910000
2021-11-04,27.139925507145282,31.2623950368217,27.029288562062703,29.70351219177246,1153631000
2021-11-05,30.088249068059874,31.29728030818793,29.313790454475946,29.654672622680664,851260000
2021-11-08,30.050379427191398,30.998268813095162,29.809170458233044,30.703237533569336,503101000
2021-11-09,32.17639722764453,32.20430550943804,29.86597932140083,30.556711196899414,646746000
2021-11-10,29.259970949508748,30.74908322904024,28.68386069593988,29.362632751464844,636206000
2021-11-11,30.36833615848351,30.489936824221612,29.679596512350646,30.290590286254883,332172000
2021-11-12,29.91183414544948,30.57964257619569,29.533076103534594,30.290590286254883,413054000
2021-11-15,30.45205524331211,30.54375334062734,29.15132398754459,29.92677879333496,384909000
2021-11-16,29.66165441463244,30.29058893056083,29.60882638673667,30.10420036315918,264484000
2021-11-17,30.31849611458015,30.409199941675634,28.705788874793846,29.165281295776367,428508000
2021-11-18,32.26112015873358,32.65283230814321,31.21854045241291,31.571382522583008,781711000
2021-11-19,32.1375210519031,32.97975795583658,31.80062743099509,32.87709426879883,533867000
2021-11-22,33.40735381658586,34.533658301488515,31.795644847195604,31.85146141052246,754335000
2021-11-23,31.431842568314533,32.25414458908274,30.778984519657556,31.642152786254883,532163000
2021-11-24,31.35808076043458,32.74751961280794,30.82682344260041,32.56711196899414,435162000
2021-11-26,32.49335785082512,32.602998628839266,31.247448733080454,31.399948120117188,283069000
2021-11-29,32.26012461188157,33.30270053648563,31.931202291527786,33.26681900024414,454964000
2021-11-30,33.06049048348585,33.24389046679486,31.759761224855104,32.5691032409668,622066000
2021-12-01,33.114390390664795,33.184169646455935,31.281179063188567,31.33600616455078,484368000
2021-12-02,31.11570313644076,32.375722550194084,30.9272972457991,32.02482986450195,472890000
2021-12-03,31.89922925543246,32.02782463570663,30.035117209227543,30.596345901489258,544325000
2021-12-06,29.785904339285608,30.145767578458255,27.949705907051353,29.942411422729492,658938000
2021-12-07,30.859506976245633,32.34680875654143,30.554469012712545,32.32487487792969,593053000
2021-12-08,31.898228375722542,32.18831231520401,31.32204761084049,31.725772857666016,475551000
2021-12-09,31.634061878266106,32.103581165831095,30.33217500414839,30.393980026245117,488507000
2021-12-10,31.051903118678588,31.206415682530494,29.766962833942674,30.102901458740234,488825000
2021-12-13,30.15374302232693,30.19860138828651,28.02745875745351,28.072317123413086,598344000
2021-12-14,27.611765752164207,28.58768263653052,27.164180400436194,28.247756958007812,667035000
2021-12-15,28.310561418103585,30.40394841022342,27.750331012948195,30.36307716369629,698297000
2021-12-16,31.053903720829283,31.061877951063327,28.00453640402678,28.297609329223633,707366000
2021-12-17,27.896870039197612,28.830919505652275,27.67257823059536,27.713449478149414,713758000
2021-12-20,27.219012340762006,28.05536898927544,27.059516359346297,27.6317081451416,461847000
2021-12-21,28.284647712043096,29.028298765292003,27.314710320233896,28.983440399169922,524385000
2021-12-22,28.800015295930997,29.461923742071825,28.359405933040755,29.307411193847656,395184000
2021-12-23,29.66129326312554,29.964336743268632,29.33831421297981,29.546655654907227,343022000
2021-12-27,29.566590756031,30.989096709482265,29.54665328628474,30.847543716430664,403686000
2021-12-28,31.213393083122995,31.231336047997825,29.917485879079116,30.226511001586914,420591000
2021-12-29,30.1776616792126,30.451795238929865,29.273516611953507,29.906517028808594,343139000
2021-12-30,29.733066714604764,30.361083746132028,29.446971799242743,29.492826461791992,308864000
2021-12-31,29.580552622443367,29.935432431024672,29.23863236196779,29.31838035583496,266530000
2022-01-03,29.72110791823675,30.614286167328913,29.691201708964883,30.02614402770996,391547000
2022-01-04,30.181652811785955,30.37205130388123,28.259724925855497,29.19776153564453,527154000
2022-01-05,28.857838470613242,29.323368837256556,27.44629901707486,27.517074584960938,498064000
2022-01-06,27.55295241716997,28.34843960109803,26.979764412182007,28.089258193969727,454186000
2022-01-07,28.052379478532124,28.332494693927416,26.971791660779605,27.16119384765625,409939000
2022-01-10,26.497288278632688,27.382492201861595,25.563238883232685,27.313709259033203,594681000
2022-01-11,27.23695493896439,27.97661882621992,26.754479886883722,27.729398727416992,404089000
2022-01-12,27.978614296455778,28.504951462178063,27.521060087800688,27.910829544067383,383413000
2022-01-13,28.289629905928102,28.39031167418518,26.41455294503116,26.49131202697754,540171000
2022-01-14,26.217178269218586,27.111354801279813,26.127461534880105,26.85715675354004,395832000
2022-01-18,26.177304414004546,26.554114306336086,25.68884770952801,25.821428298950195,424270000
2022-01-19,25.996872119985937,26.459409683048193,24.97310593684919,24.98805809020996,488315000
2022-01-20,25.224311034871068,25.49844459786639,24.00217033924269,24.073944091796875,435181000
2022-01-21,23.432974653185838,24.744830454694682,23.189743544758542,23.30039405822754,718958000
2022-01-24,22.259676871868574,23.30636938474509,20.822218672511546,23.29839515686035,913982000
2022-01-25,22.474999365021613,22.870750425042836,21.93071925859125,22.253698348999023,664616000
2022-01-26,23.166815419200876,23.981242067414527,22.22977501124328,22.700288772583008,755959000
2022-01-27,23.493779360509365,23.91943467808651,21.606739331750255,21.874893188476562,573353000
2022-01-28,21.942676819297425,22.78601318376408,21.22893211104231,22.768070220947266,543774000
2022-01-31,23.10899542114048,24.43181805477135,22.97940564831107,24.408889770507812,564680000
2022-02-01,25.02494354865154,25.065814798100266,23.814765930647102,24.56041145324707,518925000
2022-02-02,25.712769688020778,25.735696069563566,24.475676742278374,25.162508010864258,543419000
2022-02-03,24.38097558762337,24.998025678674647,23.705111287686467,23.872581481933594,410178000
2022-02-04,23.896503370272555,24.557415442950465,23.557574004727897,24.24241065979004,354829000
2022-02-07,24.295243866146766,25.102692363027224,24.12577917901465,24.650123596191406,376868000
2022-02-08,24.28228698772841,25.150544291203026,23.904480837599923,25.028928756713867,410359000
2022-02-09,25.54130782575454,26.6408347629827,25.273155890673355,26.62089729309082,524282000
2022-02-10,25.913138706568642,26.84020840080806,25.519382164128384,25.74267578125,513200000
2022-02-11,25.834383427476414,26.069640256444483,23.69813270066166,23.873577117919922,605472000
2022-02-14,23.85862696314563,24.79666354683214,23.680189818886806,24.19057846069336,440424000
2022-02-15,24.870431043038703,26.461405654812495,24.705951642944154,26.411563873291016,699869000
2022-02-16,26.176305909012655,26.498288671486034,25.47153166394175,26.42751121520996,732676000
2022-02-17,25.549287576906618,25.70380014996148,24.08890276641559,24.429824829101562,810595000
2022-02-18,24.590314838865833,24.9073141846699,23.027253892651444,23.567546844482422,761255000
2022-02-22,22.9624597952012,23.988218678165815,22.92757016662024,23.316341400146484,633422000
2022-02-23,23.727040557473366,24.078929495655366,22.230768194872702,22.316495895385742,566511000
2022-02-24,20.948822381611812,23.725052161803507,20.82421601122137,23.673215866088867,735801000
2022-02-25,23.646299107713094,24.14073550496428,23.307369674838906,24.08092498779297,528866000
2022-02-28,23.91644455057124,24.587325461796915,23.632342229680074,24.30820655822754,477319000
2022-03-01,24.21450233159208,24.3002319386135,23.059151897859554,23.403064727783203,412056000
2022-03-02,23.685224100178537,24.336278491001387,23.34524043941183,24.14784049987793,389642000
2022-03-03,24.189714450005976,24.253524852561736,23.39907779476586,23.643348693847656,365095000
2022-03-04,23.314331446054602,23.609449084190494,22.415018401859665,22.867666244506836,431415000
2022-03-07,22.749024953523275,22.964382970645666,21.26645538543857,21.288389205932617,450821000
2022-03-08,21.245514318732305,22.306343532359403,20.588477275477324,21.44990348815918,557467000
2022-03-09,22.32029806776181,23.15081636408371,22.18071580003234,22.945430755615234,492742000
2022-03-10,22.46387362746883,22.72010791806969,21.816807022974896,22.590496063232422,428066000
2022-03-11,22.953408821575593,23.076043457185644,21.980316832138143,22.034156799316406,367209000
2022-03-14,21.803848494685607,22.195677339606927,21.095964602580043,21.266454696655273,385354000
2022-03-15,21.453891221892214,22.969363152831257,21.25847601527962,22.904556274414062,491996000
2022-03-16,23.42998833057086,24.523720247964146,23.10296639709602,24.42302131652832,671422000
2022-03-17,24.048141553865687,24.76798876220505,23.834778411537343,24.692216873168945,471941000
2022-03-18,24.725112338972878,26.489839164055603,24.55063450386545,26.374183654785156,730719000
2022-03-21,26.428027300009337,27.071106099040612,25.88963521663449,26.65435028076172,591727000
2022-03-22,26.647369201302396,27.156848316591432,25.994321917033023,26.444974899291992,547007000
2022-03-23,26.04816147769014,26.532713584181124,25.49880439684632,25.557628631591797,502120000
2022-03-24,26.088039774263187,28.235621344703134,25.829810678924407,28.06612777709961,877379000
2022-03-25,27.802919332389703,28.273513231464275,27.189751821010642,27.6094970703125,579016000
2022-03-28,27.67330217918579,28.165829800749353,27.12493975003017,28.13492202758789,425494000
2022-03-29,28.60950676132991,28.85975839254765,27.896636856560235,28.57062339782715,488984000
2022-03-30,28.21967492416321,28.411102336887122,27.421060745065915,27.60750389099121,463487000
2022-03-31,27.699226807551824,28.163838026854247,27.188753110757293,27.20470428466797,523440000
2022-04-01,27.29343862106805,27.41407840137785,26.188740006342908,26.632413864135742,517235000
2022-04-04,26.648371079518313,27.475898220814116,26.53371392218008,27.278488159179688,397120000
2022-04-05,27.17280089255996,27.237607768198263,25.743073244909805,25.853742599487305,436615000
2022-04-06,24.859714163923694,25.224622964462803,23.93148813508022,24.33428382873535,703833000
2022-04-07,24.368179386256767,24.64834229932388,23.40804924530621,24.135873794555664,557992000
2022-04-08,23.84574416968649,23.851726811207488,22.993291917921837,23.050121307373047,524781000
2022-04-11,22.14781195679892,22.253495115555605,21.595461800973677,21.851696014404297,575207000
2022-04-12,22.469853150059922,22.657292742627583,21.218591274800133,21.439929962158203,662258000
2022-04-13,21.663267032253867,22.432966395854017,21.39107965829104,22.136850357055664,516943000
2022-04-14,22.437950489268136,22.70914138808518,21.099949624918715,21.194665908813477,569097000
2022-04-18,21.136834574331875,22.02218733055563,21.01619480926674,21.718097686767578,525701000
2022-04-19,21.655286167385736,22.3063404800413,21.25049567770769,22.13186264038086,512781000
2022-04-20,22.449913552276662,22.602457585796717,21.1368379554735,21.417997360229492,468974000
2022-04-21,21.64431805927398,22.32528363593372,19.940410359200147,20.122865676879883,656209000
2022-04-22,20.24250610355399,20.424961412485715,19.441899168057798,19.45685386657715,624713000
2022-04-25,19.144785898892376,19.88557210636069,19.03910273774108,19.842700958251953,641566000
2022-04-26,19.659254708106264,19.72904585331805,18.614376672651343,18.732025146484375,653143000
2022-04-27,18.542589470786602,19.10989445940128,18.235508451875706,18.360136032104492,499460000
2022-04-28,18.910490135420694,19.977303851455268,18.43491199008361,19.72306251525879,570327000
2022-04-29,19.344199287343677,20.068036269432913,18.461835591856172,18.49174690246582,500435000
2022-05-02,18.48576074197281,19.515682143130196,18.336208020718836,19.47480583190918,572049000
2022-05-03,19.342202225014407,19.76593718597662,19.075997486229383,19.54360008239746,475751000
2022-05-04,19.863643621096067,20.339221777103816,18.695134485364377,20.273418426513672,648855000
2022-05-05,19.807811910008564,19.865637775003147,18.44488396034569,18.787858963012695,626331000
2022-05-06,18.680179051563016,19.453866151773262,17.936401353934347,18.619359970092773,633297000
2022-05-09,17.980265797414063,18.200606067508854,16.776861477285752,16.89949607849121,644455000
2022-05-10,17.636297548198513,18.143781837571737,16.974276274336525,17.542577743530273,761474000
2022-05-11,17.295316703632178,17.70010720962238,16.518638315122686,16.58045196533203,670167000
2022-05-12,16.17067961115199,16.73798466846581,15.520622598818264,16.12681007385254,708728000
2022-05-13,16.737985372316167,17.8745884809046,16.5435666197067,17.653249740600586,670437000
2022-05-16,17.4568392335923,17.735007387650917,17.055039943655906,17.212568283081055,521446000
2022-05-17,18.020152825002086,18.316268876415904,17.581465054882198,18.122846603393555,585830000
2022-05-18,17.6522521071145,18.06402177879582,16.813758061200716,16.887537002563477,545161000
2022-05-19,16.88653775929863,17.634303190844598,16.684141563200637,17.072980880737305,621310000
2022-05-20,17.280363930362633,17.35813066451446,15.708061631405265,16.644264221191406,739105000
2022-05-23,16.225518468716075,16.864609617953146,16.13080216679578,16.847660064697266,639889000
2022-05-24,16.46081730408353,16.54755802651823,15.732991463472423,16.105876922607422,588550000
2022-05-25,15.972274124910482,17.060023452980932,15.952333251945635,16.924428939819336,781132000
2022-05-26,15.9882223241749,18.03809652185166,15.974264096032462,17.797815322875977,996575000
2022-05-27,18.131815573979985,18.82474451489988,18.046071370079833,18.754953384399414,738379000
2022-05-31,18.923450248875827,19.14279599466487,18.295328116993222,18.616369247436523,664100000
2022-06-01,18.668212704516566,18.996231017813137,18.06800517898297,18.26541519165039,544514000
2022-06-02,18.237500543404728,19.560546538437922,18.14378074438324,19.533626556396484,648656000
2022-06-03,19.025151378896318,19.274406575530012,18.46681836923716,18.664228439331055,598779000
2022-06-06,19.081979003796526,19.279389055591135,18.508691344014494,18.730030059814453,422406000
2022-06-07,18.416965795176733,18.9433925831492,18.133811531545238,18.869613647460938,388914000
2022-06-08,18.74695362356912,19.12689931949138,18.4836845843309,18.596372604370117,363252000
2022-06-09,18.429833350813585,18.880581583160353,17.991051027241866,17.998031616210938,395574000
2022-06-10,17.551272041612552,17.648003603750368,16.822295031090142,16.927005767822266,465248000
2022-06-13,15.955702020878928,16.266838484183843,15.562792805356883,15.603679656982422,604153000
2022-06-14,15.68744737975274,16.021519942748558,15.369330314017972,15.792157173156738,469680000
2022-06-15,16.050441789659057,16.82130252550863,15.88190997775459,16.481246948242188,563936000
2022-06-16,15.816090696879078,15.897864407425715,15.358361819515217,15.557807922363281,545749000
2022-06-17,15.604677679322638,15.950717118320277,15.285563915858456,15.83603572845459,630334000
2022-06-21,16.429388214877477,16.960911609240924,16.361575686273117,16.5201358795166,483089000
2022-06-22,16.181080798165386,16.615874624972886,16.135208613375514,16.31471061706543,437135000
2022-06-23,16.473269061348233,16.539086336361255,15.80911335486878,16.180084228515625,463680000
2022-06-24,16.454323865714453,17.092551576692333,16.264849300742167,17.078590393066406,472153000
2022-06-27,17.264068491152564,17.28201830452183,16.579966999575007,16.822294235229492,427968000
2022-06-28,16.85320941802592,17.15437333107961,15.900853555794448,15.937751770019531,461149000
2022-06-29,15.770217280899118,15.776200235548698,15.128000214513376,15.498970031738281,482352000
2022-06-30,15.318472470620367,15.523902477901675,14.820854376855518,15.117032051086426,686070000
2022-07-01,14.857749366858286,15.021294859447558,14.352153126123206,14.482789993286133,577610000
2022-07-05,14.135755105271844,14.929550817854716,14.016087452919178,14.92257022857666,651397000
2022-07-06,14.968442325940817,15.27658681871812,14.748053534921276,15.088109970092773,529066000
2022-07-07,15.413210854402083,15.90085644107172,15.34639595387205,15.81409740447998,492903000
2022-07-08,15.387281829188536,15.992601679207207,15.346394973873567,15.79415225982666,467972000
2022-07-11,15.483014331967349,15.484011966579512,14.996365505258906,15.110050201416016,437321000
2022-07-12,15.225729017833062,15.388277846313347,14.835811736826283,15.040244102478027,458483000
2022-07-13,14.549606661502255,15.332433178961859,14.424952733218012,15.122016906738281,521918000
2022-07-14,15.06617297485196,15.430162236147307,14.687224899011335,15.329442024230957,456235000
2022-07-15,15.615647329390558,15.738305988579,15.40223910380052,15.718361854553223,385935000
2022-07-18,16.25686691896844,16.850218938777058,15.957698248928537,16.05642318725586,670517000
2022-07-19,16.440358091474902,17.062631077163257,16.127228231279975,16.944957733154297,702366000
2022-07-20,16.90008038178597,17.883350564875844,16.754484694338107,17.75769805908203,760538000
2022-07-21,17.835484504614854,18.093766321144624,17.496425663382336,18.00002670288086,557049000
2022-07-22,17.843457714010622,17.91725223020256,17.08955040089698,17.271047592163086,536671000
2022-07-25,16.971876640001085,17.07658735999903,16.602902166703213,16.976863861083984,480748000
2022-07-26,16.84223788619785,16.872155507315675,16.43237655784187,16.487224578857422,397865000
2022-07-27,16.984844729606653,17.886343144331377,16.866174710818715,17.740747451782227,569776000
2022-07-28,17.925233960102176,18.089776144359217,17.391715338129444,17.934207916259766,474646000
2022-07-29,17.763683382729887,18.193489890290078,17.64301808926749,18.112714767456055,435460000
2022-08-01,18.131664131200854,18.7938273733398,17.940196227316555,18.38994789123535,476469000
2022-08-02,18.07182026563076,18.88556076182789,18.04190265031988,18.474700927734375,489527000
2022-08-03,18.133655821615758,18.915485636087563,18.08678506318179,18.8406925201416,418146000
2022-08-04,18.796820102527445,19.220642788518756,18.708065786644244,19.161806106567383,409652000
2022-08-05,18.75792279078178,19.17576338661587,18.614322361680482,18.93642807006836,386068000
2022-08-08,17.453543487866224,18.188502488777342,17.19426311465401,17.743736267089844,981859000
2022-08-09,17.20423514221183,17.398694940794755,16.677697139131496,17.038694381713867,668263000
2022-08-10,17.64900050219798,18.06783774802281,17.269054837998027,18.04689598083496,597422000
2022-08-11,18.080804181955322,18.65520971795895,17.82650909360647,17.89232635498047,509327000
2022-08-12,18.109723796605994,18.66617953381499,17.903296146751718,18.657203674316406,478094000
2022-08-15,18.649224212452747,19.1109416861416,18.561468505502724,18.979307174682617,457666000
2022-08-16,18.867617579479603,19.08900306515244,18.449777011947884,18.826730728149414,451240000
2022-08-17,18.47171804037453,18.63626023321667,18.09476431039142,18.284236907958984,446799000
2022-08-18,18.250332132443727,18.812769810722802,18.13265879882492,18.721025466918945,415447000
2022-08-19,18.355042477008766,18.468727183536906,17.72080358497965,17.799585342407227,441588000
2022-08-22,17.44158008519119,17.509392623810882,16.91903057051117,16.98684310913086,409593000
2022-08-23,16.94196263706093,17.416644561805427,16.923014238335547,17.13343048095703,369986000
2022-08-24,16.96490062655106,17.357810823683003,16.84822587028311,17.174320220947266,522661000
2022-08-25,16.797371848206684,17.897319132969447,16.78640261825073,17.863412857055664,770691000
2022-08-26,17.80756586241982,17.874379819726403,16.192049758099092,16.21498680114746,769127000
2022-08-29,15.97564814658675,16.29276663412164,15.723348333249264,15.757253646850586,496132000
2022-08-30,15.915813141555713,15.994593942634191,15.13996723606161,15.425175666809082,530181000
2022-08-31,15.3414069074727,15.496975134961382,14.917583393679934,15.052209854125977,573710000
2022-09-01,14.169660919691056,14.340187972290808,13.233261435486058,13.898414611816406,1178865000
2022-09-02,14.060963550220945,14.131766129658757,13.55337197606146,13.609217643737793,743157000
2022-09-06,13.692985344440922,13.740852790055504,13.314037269416279,13.427721977233887,535751000
2022-09-07,13.529468955559182,13.803789664823167,13.313005420498245,13.680095672607422,512657000
2022-09-08,13.425725497360691,13.973368965250524,13.335948799799713,13.955412864685059,624873000
2022-09-09,14.121999969055892,14.438216654464224,14.091077423081934,14.351431846618652,486612000
2022-09-12,14.333475654409431,14.511035078989412,14.16289794182431,14.469139099121094,484159000
2022-09-13,13.767876088333708,13.887579287110125,13.06661411156495,13.09853458404541,714956000
2022-09-14,13.22123276604588,13.25714401689083,12.881076192438005,13.095544815063477,588507000
2022-09-15,12.982825342829914,13.200285874328177,12.758381195489553,12.897037506103516,523625000
2022-09-16,12.710498889536233,13.179337223190453,12.585807914194328,13.165371894836426,670751000
2022-09-19,12.979830907792524,13.429716127163072,12.97783599693244,13.348916053771973,569685000
2022-09-20,13.182328122597518,13.449665184246959,13.024718760603728,13.143424034118652,524818000
2022-09-21,13.180334501882477,13.996312044305188,13.07758850400222,13.228215217590332,807679000
2022-09-22,13.037687792673827,13.116492959222398,12.39727571074283,12.529946327209473,759162000
2022-09-23,12.38929449653901,12.579822277960686,12.22669736982,12.48505687713623,663309000
2022-09-26,12.4601175052189,12.62770236378115,12.183801932086613,12.19776725769043,547343000
2022-09-27,12.47607929062904,12.70451323216134,12.227695289178223,12.382311820983887,553854000
2022-09-28,12.379318359284666,12.791297397761815,12.323457052729534,12.704512596130371,542414000
2022-09-29,12.417225794477423,12.469097284845578,11.916466992118151,12.189789772033691,532763000
2022-09-30,12.057117275528151,12.601767882452046,12.045146859340639,12.108988761901855,565638000
2022-10-03,12.316475611950034,12.646657634128852,12.075073310975306,12.481067657470703,547478000
2022-10-04,12.847159012438114,13.187316515119232,12.847159012438114,13.13444709777832,584182000
2022-10-05,12.879081259534201,13.288067492068219,12.589798244962582,13.17634391784668,507131000
2022-10-06,13.187317554392024,13.622239538294219,13.07060622540916,13.097539901733398,644157000
2022-10-07,12.474083761565735,12.638675790831929,11.992278089651654,12.046144485473633,672478000
2022-10-10,12.007240867482555,12.094025672565365,11.379796220873162,11.641148567199707,698699000
2022-10-11,11.532417118510912,11.816712348676244,11.255104551505667,11.557355880737305,667482000
2022-10-12,11.550373264718909,11.705986765590792,11.31695158643632,11.47156810760498,492590000
2022-10-13,10.943874398429092,12.048137739196303,10.786265054162586,11.930429458618164,850103000
2022-10-14,12.027192471424224,12.081058872016744,11.176301596444594,11.199244499206543,713432000
2022-10-17,11.489523129293081,11.918460323463654,11.488526149600807,11.85860824584961,580774000
2022-10-18,12.313482956867912,12.461116834509994,11.589277945577948,11.93741512298584,659362000
2022-10-19,11.84963214701234,12.319468398644798,11.804743321043421,12.021206855773926,523131000
2022-10-20,12.08305357020032,12.73743191217373,12.075072975272215,12.163853645324707,652398000
2022-10-21,12.068090417832614,12.467102092739703,11.85761257031653,12.4351806640625,609494000
2022-10-24,12.477075497760788,12.678575736547755,12.03417300322993,12.567850112915039,517457000
2022-10-25,12.662617544617813,13.26711930987685,12.63269102706923,13.228215217590332,505482000
2022-10-26,12.837185850244591,13.354901886783574,12.676583621317251,12.864118576049805,532953000
2022-10-27,13.596302061670135,13.803787996713407,13.089557639646497,13.143424034118652,583113000
2022-10-28,13.07160504486287,13.815761110569417,13.02871112658398,13.799799919128418,521040000
2022-10-31,13.74393706149706,13.803789144395994,13.264126272475048,13.463631629943848,486341000
2022-11-01,13.77685473939127,13.890573215216364,13.4855768377865,13.509517669677734,432817000
2022-11-02,13.81576188503939,14.174871588892046,13.178341613693798,13.186321258544922,672628000
2022-11-03,13.010755424842653,13.746930863679363,12.923970612064814,13.38782024383545,500065000
2022-11-04,13.951424297335134,14.193823590572745,13.66313824443395,14.121004104614258,612576000
2022-11-07,14.19282459299917,14.376369715229352,13.919502771881342,14.265644073486328,410061000
2022-11-08,14.764407269491864,14.854184915550686,14.180853521426073,14.565899848937988,595292000
2022-11-09,14.126988780724597,14.175868382440134,13.724985188452262,13.741943359375,454414000
2022-11-10,14.763411236851555,15.734005334197544,14.511036451418649,15.71106243133545,700819000
2022-11-11,15.767924228372218,16.34848526583695,15.443727839760449,16.286638259887695,655487000
2022-11-14,16.177907561308043,16.499112040814346,15.882638829501316,16.254716873168945,527852000
2022-11-15,16.680659131421315,16.955975861509707,16.341499544736198,16.624797821044922,545876000
2022-11-16,16.122042368496476,16.321546754871036,15.833756370696808,15.870664596557617,649547000
2022-11-17,15.676147926956387,16.225786282199604,15.496592636887353,15.6382417678833,710894000
2022-11-18,15.926529043321702,15.962441247903389,15.082620775152405,15.370906829833984,492072000
2022-11-21,15.109553993521583,15.438738093483565,15.042719242364662,15.279133796691895,404739000
2022-11-22,15.29010813802562,16.01830401963345,15.084617057750513,15.998353004455566,472866000
2022-11-23,16.05820398423219,16.486144313073122,16.008328349427657,16.47816276550293,427241000
2022-11-25,16.277659960613633,16.44624088571978,16.1320209884095,16.229778289794922,167934000
2022-11-28,15.986377823696634,16.31656076749582,15.686123298163908,15.787870407104492,303741000
2022-11-29,15.787871013684132,15.89261191979211,15.48163079273218,15.600336074829102,298384000
2022-11-30,15.662198222921692,16.892465330806235,15.56242050073122,16.885480880737305,565298000
2022-12-01,16.96130961638063,17.226718672364875,16.598116373493134,17.097007751464844,470977000
2022-12-02,16.62207070441096,16.895463468352688,16.408544399522622,16.83858871459961,371389000
2022-12-05,16.64202269753776,16.95732209492753,16.435480895818028,16.57317543029785,352255000
2022-12-06,16.493353544908274,16.53625748277145,15.783929395985323,15.951557159423828,352694000
2022-12-07,15.737037569893584,16.150120341198054,15.632269834905543,16.084266662597656,372388000
2022-12-08,16.236924067023104,17.140915635032428,15.923619112619104,17.130937576293945,515456000
2022-12-09,17.121954302942694,17.54401680190964,16.937365000489294,16.963306427001953,465338000
2022-12-12,16.999227301100692,17.499115967644453,16.75975964222129,17.496122360229492,457328000
2022-12-13,18.48991676619764,18.7483433376604,17.671735017061216,18.03193473815918,656589000
2022-12-14,17.94712099776623,18.211534767204142,17.38137864220524,17.634815216064453,496888000
2022-12-15,17.107983556218308,17.281597547820855,16.662973286290804,16.914413452148438,478542000
2022-12-16,16.82661330300129,17.003220944622573,16.373619336340138,16.53426170349121,478232000
2022-12-19,16.53525994983705,16.57217667143344,16.109206574205285,16.21796417236328,354039000
2022-12-20,16.028387846789393,16.273842793219973,15.816858875179861,16.049341201782227,403260000
2022-12-21,16.078277218761983,16.59014043707696,16.066302786245483,16.464418411254883,325025000
2022-12-22,16.058317929250357,16.102221001275094,14.849005155476785,15.304991722106934,565045000
2022-12-23,15.162309883054668,15.304992495444772,14.850004092190744,15.172287940979004,349326000
2022-12-27,15.040581290027674,15.066523670848282,14.024837595300793,14.089694023132324,464902000
2022-12-28,13.896123310795858,14.230380640006066,13.853218422811985,14.004881858825684,351066000
2022-12-29,14.370070713593025,14.650446912717559,14.195458504097823,14.570624351501465,354923000
2022-12-30,14.302219345783994,14.596565369641379,14.201443443017887,14.581599235534668,310490000
2023-01-03,14.818075144951218,14.962754136499147,14.064748866809973,14.283263206481934,401277000
2023-01-04,14.534704309371103,14.820069526606867,14.209426861493185,14.716300010681152,431324000
2023-01-05,14.458870475984783,14.531708573430853,14.116630570520776,14.23337173461914,389168000
2023-01-06,14.441911689218768,14.976723649540899,14.002887570575863,14.826058387756348,405044000
2023-01-09,15.250112319426053,16.020399981796864,15.107428781304353,15.59334945678711,504231000
2023-01-10,15.472621454131234,15.926612657782302,15.437699200244237,15.873730659484863,384101000
2023-01-11,15.804881372380587,15.992464284529852,15.528495081310508,15.965523719787598,353285000
2023-01-12,16.064305755567425,16.60011394726638,15.457652972865747,16.474393844604492,551409000
2023-01-13,16.241910621869895,16.884483841910928,16.129162184625386,16.861534118652344,447287000
2023-01-17,16.861538466264395,17.68870121113587,16.861538466264395,17.662757873535156,511102000
2023-01-18,17.62783226446367,17.833374940410984,17.243685577032387,17.338476181030273,439624000
2023-01-19,16.998229980422312,17.158874241400532,16.693907773124163,16.72783088684082,452932000
2023-01-20,16.973284656262667,17.816412427942808,16.787698117134013,17.799449920654297,564967000
2023-01-23,18.0239511412495,19.202334514054723,17.77849813911899,19.150449752807617,655163000
2023-01-24,18.7852576049282,19.451777728959655,18.778273155345232,19.222286224365234,496204000
2023-01-25,18.87107002531869,19.327057588077132,18.538808102919397,19.280160903930664,449537000
2023-01-26,19.65732458647775,20.12129386890338,19.235262010529773,19.758100509643555,489535000
2023-01-27,19.418849333138702,20.582264478452693,19.361976503519905,20.319847106933594,542142000
2023-01-30,19.905771381530464,20.095348779096263,19.107543848870183,19.119518280029297,488611000
2023-01-31,19.127503487962052,19.643357585934556,18.907991875192625,19.493690490722656,498017000
2023-02-01,19.647345080075983,21.145016818201913,19.567522516028927,20.896570205688477,660477000
2023-02-02,20.953438165318428,21.90033342006355,20.654104095633148,21.660865783691406,564276000
2023-02-03,20.953436377766028,21.696785315206945,20.74290378978,21.05321502685547,429366000
2023-02-06,20.7598742206852,21.522180421955568,20.739918102623005,21.042247772216797,452197000
2023-02-07,21.334593701458743,22.20965010200628,21.103107721044175,22.12384033203125,664150000
2023-02-08,22.337365045310303,22.82727757872674,21.95920561326959,22.15576934814453,559651000
2023-02-09,22.555880179506847,22.968961841072108,22.07095764976335,22.2874755859375,523876000
2023-02-10,21.64191049076745,22.02904881959799,20.7648596572667,21.217851638793945,550737000
2023-02-13,21.490248862723064,21.999118385629707,20.915525681631326,21.739694595336914,474919000
2023-02-14,21.530157577256894,22.997896827890425,21.318627718423105,22.92007064819336,675474000
2023-02-15,22.499006113761624,22.804327433692144,22.056989406086455,22.713529586791992,420575000
2023-02-16,22.08393046172455,22.500005788164945,21.878387788866807,21.953222274780273,412026000
2023-02-17,21.583045106514625,21.691802710091036,20.928499305845392,21.34058380126953,465888000
2023-02-21,20.953439640659408,21.446343845986352,20.57228662621733,20.60920524597168,410015000
2023-02-22,20.661092053593148,21.05721124102222,20.37572493019937,20.70798683166504,513184000
2023-02-23,23.388033612605756,23.8350403425162,22.973952761903,23.611536026000977,1117995000
2023-02-24,23.173513218327404,23.421961761973428,22.896129634254915,23.234376907348633,589716000
2023-02-27,23.617520428698207,23.827053916300855,23.401999726272685,23.448894500732422,452994000
2023-02-28,23.320184085898383,23.772180806302725,23.15455174201123,23.16452980041504,455963000
2023-03-01,23.140582657134395,23.204441849787724,22.458099073317108,22.64767837524414,460026000
2023-03-02,22.438144871095187,23.328165597904217,22.382267363825353,23.262311935424805,389415000
2023-03-03,23.26830010651087,23.847014191551843,23.078720796703625,23.8370361328125,412393000
2023-03-06,23.8380361602402,24.194243164611763,23.43493056523591,23.50178337097168,437429000
2023-03-07,23.551677824513874,24.07560247170694,23.193411743392723,23.24031639099121,515154000
2023-03-08,23.438903973884155,24.15044517574278,23.376033256322696,24.13148307800293,513573000
2023-03-09,24.12549713017086,24.403927067293445,23.335119057261018,23.388011932373047,501257000
2023-03-10,23.36106747628327,23.57862150456227,22.679465442665016,22.91797637939453,474866000
2023-03-13,22.70541142718648,23.2502929083055,22.251343209013474,22.91897201538086,421890000
2023-03-14,23.447890629973315,24.169409811888126,23.411963139447696,24.013729095458984,474910000
2023-03-15,23.71234578983034,24.236270399989948,23.31216782093887,24.178390502929688,524486000
2023-03-16,23.977799303290052,25.535601695180254,23.845070328323995,25.488698959350586,583253000
2023-03-17,25.9287988632653,26.3449448193976,25.61544073749828,25.672325134277344,848547000
2023-03-20,25.56255140531931,25.970714347329455,25.07854386503028,25.846967697143555,432747000
2023-03-21,26.12639693275394,26.337962757604163,25.329033093000934,26.145357131958008,547408000
2023-03-22,26.370891881444173,27.53250995771594,26.183277100976117,26.41380500793457,797295000
2023-03-23,27.059476076334736,27.442690531752774,26.63534711506696,27.13532066345215,564889000
2023-03-24,26.97564975875482,27.1113709568097,26.301033385062095,26.724164962768555,454920000
2023-03-27,26.782050151047695,26.944716509158773,26.3110164665487,26.47667694091797,361026000
2023-03-28,26.39284568249232,26.458710520816368,25.79706802172804,26.355920791625977,356104000
2023-03-29,26.77007235480998,27.022552652943062,26.542538581113224,26.92874526977539,393694000
2023-03-30,27.173248891114078,27.442696524698064,27.046508115727384,27.326932907104492,364516000
2023-03-31,27.08442659853217,27.77700578403353,27.049498418004845,27.720123291015625,433933000
2023-04-03,27.452673959085395,27.942667821784,27.280027855037655,27.907739639282227,398716000
2023-04-04,27.908737736009,27.94266851512213,27.25108667754047,27.396787643432617,368592000
2023-04-05,26.774064682882994,26.942717354778598,26.340953337844432,26.825958251953125,515015000
2023-04-06,26.529564526400943,27.024549174224266,26.372886420842022,26.981637954711914,397654000
2023-04-10,26.768078927982756,27.564445330206645,26.61439491835625,27.522531509399414,395279000
2023-04-11,27.66722897395978,27.733093806913427,27.070452054276757,27.113365173339844,314378000
2023-04-12,27.313960457156856,27.4117593746922,26.39384737924561,26.440752029418945,446259000
2023-04-13,26.67925848324337,26.83194507729408,26.275088982964736,26.4088134765625,353615000
2023-04-14,26.449729310820583,26.82795296952223,26.166310441978037,26.703208923339844,395660000
2023-04-17,26.510607005107396,26.950704014318593,26.378877313961777,26.946712493896484,321471000
2023-04-18,27.476625156577658,28.05244337278638,27.30098493529646,27.610349655151367,604812000
2023-04-19,27.304975350464428,27.94266686552096,27.176239781728775,27.873807907104492,358660000
2023-04-20,27.61434236358742,27.972608458107462,26.9447167273433,27.048503875732422,427713000
2023-04-21,26.896811075410813,27.12733896388513,26.667282494525807,27.06346893310547,345103000
2023-04-24,26.957691440868356,27.309967410410923,26.61639072563291,26.986631393432617,339282000
2023-04-25,27.02255332861515,27.191207903080986,26.171301222877446,26.187267303466797,378527000
2023-04-26,26.946709851264895,27.27403733509567,26.65031712353252,26.900802612304688,406337000
2023-04-27,27.30697619433551,27.438705899036655,26.57048635253724,27.170255661010742,377161000
2023-04-28,27.169255299832017,27.701162985929276,27.015569392110717,27.692182540893555,292216000
2023-05-01,27.782994624988884,28.998501044313812,27.7231180146928,28.85080337524414,570329000
2023-05-02,28.621277734605123,28.776958460184716,28.025499975903916,28.152238845825195,402730000
2023-05-03,27.782995617159955,28.30891697061435,27.415749094927655,27.745073318481445,383387000
2023-05-04,27.594380294690612,27.801954572191782,27.184222567509938,27.505563735961914,321850000
2023-05-05,27.76902536331952,28.696122147897874,27.67422056486533,28.62127685546875,361494000
2023-05-08,28.4636005750586,29.160171374611277,28.291953765246245,29.091312408447266,344979000
2023-05-09,28.839828282414175,28.913676170511692,28.3917482221622,28.51249885559082,314869000
2023-05-10,28.94560847700235,29.053389041510602,28.402723651406696,28.825855255126953,369350000
2023-05-11,28.8368313012262,28.890721581405018,28.188162647959096,28.519481658935547,322149000
2023-05-12,28.470583157825374,28.72107056378974,27.988572349830026,28.281970977783203,274222000
2023-05-15,28.449622636026106,28.90967907250223,28.094352634153832,28.89371109008789,293926000
2023-05-16,28.781946830273363,29.808841156723194,28.77296638486964,29.15318489074707,449405000
2023-05-17,29.523421662513595,30.13716212322984,29.369737672158177,30.1162052154541,432535000
2023-05-18,30.347734802848134,31.762830690352914,30.25791892725925,31.61313819885254,748725000
2023-05-19,31.471427932457345,31.515338464823536,30.85269847604877,31.19998550415039,473908000
2023-05-22,30.837725120407754,31.455459020418363,30.61717888104211,31.112163543701172,372000000
2023-05-23,30.936523538862662,31.22393392865523,30.568279631249496,30.62516212463379,356253000
2023-05-24,30.148138304684203,30.544326634762978,29.744966242348955,30.475467681884766,721419000
2023-05-25,38.44412056648187,39.39916178020132,36.55998587698389,37.9022331237793,1543911000
2023-05-26,37.8124117084939,39.08978942316248,37.47310777717433,38.866249084472656,714397000
2023-05-30,40.51187589734803,41.852124379037896,39.86719878603495,40.028865814208984,923401000
2023-05-31,39.40714734389047,40.212494220771234,37.7445581109248,37.756534576416016,1002580000
2023-06-01,38.410189027460895,39.967993574032356,38.2614958531395,39.688568115234375,635873000
2023-06-02,40.014895164925456,40.4170698367897,38.97802122010776,39.2464714050293,482731000
2023-06-05,38.82932905392205,39.48398404045427,38.627743010740026,39.09079360961914,396094000
2023-06-06,38.75050177628396,39.07982415887529,38.06989507940597,38.574859619140625,388729000
2023-06-07,38.83933255229278,39.422196626647725,37.28336203456749,37.402130126953125,511998000
2023-06-08,37.650652361661095,38.78843525380602,37.43208020342754,38.435123443603516,417772000
2023-06-09,38.96109353851752,39.63378277087799,38.49201001557308,38.69461441040039,427717000
2023-06-12,39.12378588583667,39.453142301230535,38.542916712430916,39.405235290527344,388701000
2023-06-13,40.107868537313834,41.021090447407424,39.662736532909214,40.94224166870117,613208000
2023-06-14,40.744627187256896,42.91639507972652,40.47315286932789,42.91340255737305,740465000
2023-06-15,42.519176450195246,43.20484109231197,42.06505921158456,42.57007598876953,568622000
2023-06-16,43.36551525859182,43.635988226566326,42.578047952217986,42.60898971557617,655709000
2023-06-20,42.914390159231054,43.90446176333948,42.59101887752064,43.72281265258789,451153000
2023-06-21,43.416422222584046,43.53020280046162,41.998187390967416,42.961307525634766,551603000
2023-06-22,42.170843097037455,43.3415626918256,42.15188284213235,42.94134521484375,417737000
2023-06-23,42.381435491620046,42.72576209923424,41.93330719856048,42.126930236816406,358140000
2023-06-26,42.378435975213705,42.68084821314237,40.02202672023089,40.55299377441406,594322000
2023-06-27,40.71968036738126,41.85846093359961,40.369364835566834,41.794586181640625,462175000
2023-06-28,40.58094379252524,41.76364114383004,40.43922159164072,41.03705596923828,582639000
2023-06-29,41.47719520674288,41.51911336113598,40.521057714884826,40.74262619018555,380514000
2023-06-30,41.59896098123988,42.467268355429134,41.420308161971434,42.219749450683594,501148000
2023-07-03,42.434326127886784,42.81458581035407,42.11994000015232,42.330528259277344,198209000
2023-07-05,42.05308438927501,43.09305847208115,42.00318235487924,42.23473358154297,323618000
2023-07-06,41.76264195382368,42.09698967937306,41.2656091487607,42.02113723754883,303582000
2023-07-07,42.239712723775206,43.129980526432945,42.097990517388034,42.42036056518555,355881000
2023-07-10,42.574069582991044,42.72776951271603,41.568026064774784,42.09799575805664,353908000
2023-07-11,42.398400353937646,42.67486219078261,41.98520766702778,42.322547912597656,298244000
2023-07-12,42.94932537767914,43.84957190915323,42.693822639384614,43.81663513183594,481277000
2023-07-13,44.43144838419821,46.065262910266576,44.40549795947818,45.887611389160156,478204000
2023-07-14,46.49243252940778,47.994507542631396,44.97239476607481,45.38059997558594,772075000
2023-07-17,46.19900003919172,46.40559448511717,45.17399644703976,46.370662689208984,510488000
2023-07-18,46.61019966194242,47.8028759240553,45.645080740043866,47.40165710449219,569164000
2023-07-19,47.37171457968649,47.725026374946644,46.65111827083296,46.98546600341797,427502000
2023-07-20,46.416572252146125,46.99544633379389,44.974382199398164,45.43149185180664,537865000
2023-07-21,45.698971418551594,45.776822685139486,44.01425371443011,44.22284698486328,963769000
2023-07-24,44.64402903720118,45.02129625877823,43.95437445925072,44.52526092529297,382516000
2023-07-25,44.85361925028961,46.09320109466631,44.83565269586211,45.59018325805664,348081000
2023-07-26,45.93151847506049,45.96345774796509,44.54322423850326,45.363624572753906,364237000
2023-07-27,46.42855262404122,47.30284884094631,45.66104681024001,45.81075668334961,455976000
2023-07-28,46.57726209617673,46.93556524542494,46.29082136263418,46.65910339355469,331194000
2023-07-31,46.66309454574556,47.03836291442901,46.41557565297474,46.63814163208008,251055000
2023-08-01,46.36966307349115,46.808809981833214,45.9375063312931,46.41657257080078,237858000
2023-08-02,45.741897261987354,45.75087863735261,43.302648610435476,44.18293380737305,530142000
2023-08-03,43.71483401069051,45.030272068122756,43.71483401069051,44.428443908691406,324176000
2023-08-04,44.897535492129286,45.55325576078865,44.30668747221976,44.5931282043457,362666000
2023-08-07,45.02329239286848,45.45145915668349,44.47635751419299,45.328697204589844,322154000
2023-08-08,44.765791580742274,45.154035175235585,43.97034032891443,44.5771598815918,353843000
2023-08-09,44.18791316298273,44.2258412871121,42.05207472701769,42.47126007080078,586449000
2023-08-10,42.07803041712352,43.48928271463046,41.753661535765616,42.30558776855469,492705000
2023-08-11,41.669820039034846,41.93630299373014,40.55998266636193,40.77556228637695,533085000
2023-08-14,40.407280716905284,43.71483628671642,40.2326217412967,43.66792678833008,690286000
2023-08-15,44.4733696589914,45.17999337738196,43.625019909517064,43.85457229614258,676512000
2023-08-16,44.43343721611258,44.588134620821634,43.321601018047524,43.40144729614258,527451000
2023-08-17,43.884505920253574,43.97632609118521,42.91738827793847,43.25972366333008,452395000
2023-08-18,42.55210279035976,43.4932701006516,41.57900001272248,43.214813232421875,583768000
2023-08-21,44.40749503476182,46.97349568922654,44.13602449197177,46.87568664550781,692573000
2023-08-22,48.041406896438666,48.09330773941367,45.24485683130546,45.57920455932617,755293000
2023-08-23,45.77682532419549,47.108231304990525,45.120103708429646,47.02439498901367,779046000
2023-08-24,50.11836604551162,50.16826807045973,47.06731047667301,47.0713005065918,1156044000
2023-08-25,46.92059466008382,47.71205208326433,44.936457196698406,45.92852783203125,925341000
2023-08-28,46.39162792536596,46.88866080793937,44.80072902830529,46.74394226074219,685192000
2023-08-29,46.57526966972096,48.9855752028849,46.30080281747559,48.689151763916016,701397000
2023-08-30,48.94864702725389,49.82992971366915,48.33085100924512,49.16822052001953,735206000
2023-08-31,49.283997565683826,49.647288301131454,48.86281712543133,49.2590446472168,528570000
2023-09-01,49.665254201525954,49.70317852523028,48.04840104975304,48.41468811035156,463830000
2023-09-05,48.129240595849275,48.75602175102256,47.76694740479326,48.453609466552734,382653000
2023-09-06,48.35079314460042,48.4585899209421,46.49325871140174,46.97336196899414,468670000
2023-09-07,45.440229441727205,46.25770462589442,45.067922908266546,46.1548957824707,433330000
2023-09-08,45.856454433608306,46.519215678178135,45.18670244634744,45.48714065551758,473069000
2023-09-11,46.062063171640766,46.07703462980452,44.229483586598796,45.0938720703125,473966000
2023-09-12,44.6546914479524,45.587951736657104,44.44807617569655,44.78644561767578,349256000
2023-09-13,44.51695619617833,45.84448165087657,44.42013668198633,45.40031051635742,398355000
2023-09-14,45.864436629731664,45.90136648262812,45.04696145729557,45.496124267578125,370097000
2023-09-15,45.25656332752661,45.514082288276775,43.726417212467545,43.8182487487793,506831000
2023-09-18,42.66839815481211,44.15961559349167,41.921789942113186,43.88412857055664,500271000
2023-09-19,43.751381753727316,43.88413352477652,42.92192782259573,43.43896484375,373064000
2023-09-20,43.51881278602881,43.82124998391259,42.14437793528599,42.16034698486328,367108000
2023-09-21,41.505572228064345,42.02160786318076,40.903694380315116,40.94062423706055,450736000
2023-09-22,41.494589042058344,42.0365810200349,41.154224400495224,41.53252029418945,479236000
2023-09-25,41.513557426280826,42.45679753767784,41.10032682953403,42.14338302612305,419091000
2023-09-26,41.92279078773523,42.74026599878411,41.577434392681035,41.83295822143555,402282000
2023-09-27,42.251172512537835,42.792162986782856,41.55147774107708,42.388912200927734,444935000
2023-09-28,42.38093203987961,43.36509601724836,42.036577072071424,43.00876235961914,424663000
2023-09-29,43.74539144535937,44.061802514667,43.226359256277895,43.41800308227539,397830000
2023-10-02,43.94801356401108,45.09088199561907,43.77932952657343,44.69861602783203,433298000
2023-10-03,44.7245629218231,45.045965740925496,43.16547120468859,43.43596649169922,470850000
2023-10-04,43.660548982906214,44.06080325905543,43.21138616245394,43.95899200439453,361821000
2023-10-05,43.967973455641534,44.816392949836604,43.80627636575413,44.60478591918945,393483000
2023-10-06,44.11070601288464,45.70373466330227,43.944017177662325,45.67678451538086,434436000
2023-10-09,44.7584930492937,45.52007265706839,44.285376719881796,45.188690185546875,409675000
2023-10-10,45.22562871384522,46.17285906419018,45.004041982640686,45.71271896362305,368582000
2023-10-11,46.109973069324404,46.77174044276166,45.964245041548175,46.71883773803711,378137000
2023-10-12,46.68989946190785,47.52035097000379,46.243733198035265,46.85758590698242,481325000
2023-10-13,46.87255194030723,47.02826348384449,45.195680068516225,45.3763427734375,474115000
2023-10-16,44.97909066386404,46.13892572569301,44.82837085700402,46.00917053222656,375099000
2023-10-17,43.91807074145932,44.67066838631244,42.40090056802487,43.85618591308594,812333000
2023-10-18,42.51168506984707,43.13851774775219,41.74711270086322,42.1174201965332,627294000
2023-10-19,42.73128289845607,43.21637798376251,41.8040119269262,42.022605895996094,501233000
2023-10-20,41.81199440818419,42.39091619548763,41.00150619051564,41.309932708740234,477266000
2023-10-23,41.15222663549808,43.16746801501632,40.86875508234883,42.89497375488281,478530000
2023-10-24,42.99678817947999,43.615632642963874,42.61150915403504,43.581695556640625,401463000
2023-10-25,43.31718712471628,43.56872058494652,41.477620479123594,41.701202392578125,398379000
2023-10-26,41.775064849583806,42.17731428874224,39.80573926150373,40.25090789794922,541001000
2023-10-27,41.053407480581996,41.12926616420593,39.94048219347045,40.42457962036133,416784000
2023-10-30,41.01049469201982,41.68822738791205,40.405620307517786,41.084354400634766,388028000
2023-10-31,40.37467987980174,40.802881903079644,39.1569503913023,40.704063415527344,517969000
2023-11-01,40.807870455778854,42.30208459844571,40.79289899587781,42.24618911743164,437593000
2023-11-02,43.24731404731201,43.802278424689874,42.814124127350155,43.424983978271484,409172000
2023-11-03,43.93802583979857,45.22462310173902,43.64157803370364,44.92119216918945,424610000
2023-11-06,45.20067395834923,45.849465106470674,44.815391150878824,45.66580581665039,400733000
2023-11-07,45.63386613375853,46.131933661639785,45.07390997743288,45.86942672729492,343165000
2023-11-08,46.01415398971753,46.779727832903724,45.8823998221808,46.487274169921875,346719000
2023-11-09,47.3786111235174,48.14019083451283,46.662947187934414,46.86257553100586,540496000
2023-11-10,47.411554622346145,48.38174487246118,47.19495962235481,48.244998931884766,421245000
2023-11-13,48.23001652415506,49.02453561714493,48.00942740784403,48.529457092285156,384136000
2023-11-14,49.58749498042509,49.74120755867973,48.948687284637685,49.56353759765625,416954000
2023-11-15,49.84201782618033,49.86696898933371,48.11024794590893,48.796966552734375,475497000
2023-11-16,48.58835975878918,49.43278516309001,48.24001057724096,49.38786697387695,339756000
2023-11-17,49.43178439121729,49.62442581647781,48.9157487529458,49.206207275390625,325205000
2023-11-20,49.22017477900762,50.45387324372552,49.08941820057832,50.31513214111328,414120000
2023-11-21,50.03265822480747,50.42292897370047,49.130342262240724,49.85099792480469,565747000
2023-11-22,49.7591723537565,50.2412708632355,47.6011956303171,48.62528610229492,899420000
2023-11-24,48.379750254535665,48.829910707399556,47.656097917344944,47.687042236328125,294645000
2023-11-27,47.7109937696309,48.43963402417859,47.56327053938668,48.15217208862305,395662000
2023-11-28,48.146180818273855,48.233020614585215,47.38460109717888,47.73195266723633,401491000
2023-11-29,48.288914999950215,48.67120123627393,47.7708804254883,48.050357818603516,382005000
2023-11-30,47.934577593167546,48.02041980667685,46.33556313621097,46.68291473388672,526247000
2023-12-01,46.43837031596677,47.11211268040661,46.10099843511436,46.677921295166016,369317000
2023-12-04,45.99119263522652,45.99119263522652,44.92617831886354,45.42524719238281,437543000
2023-12-05,45.385328820380614,46.51731562556562,45.19067511548695,46.48337936401367,371718000
2023-12-06,47.13122044302318,47.302916124514056,45.33141833887503,45.42225646972656,380590000
2023-12-07,45.6189146142351,46.54626712955494,45.52308427817849,46.51332473754883,350823000
2023-12-08,46.5123243077979,47.65629078492983,46.467402174460815,47.42170715332031,359224000
2023-12-11,47.40673492251671,47.446661054028745,45.74868283771919,46.54426574707031,509728000
2023-12-12,45.96430321028968,47.581427820158346,45.96430321028968,47.572444915771484,372387000
2023-12-13,47.54449269431196,48.50778063121328,47.52353004634861,48.00267791748047,447792000
2023-12-14,48.30413968812158,48.58364165791398,47.337858729747325,48.26420974731445,391232000
2023-12-15,48.10848894942567,49.31634111544804,48.034618938742405,48.803253173828125,479948000
2023-12-18,49.31235079913167,50.34351507731144,49.062794375670336,49.9881477355957,412587000
2023-12-19,49.33630266590499,49.61181391094036,48.80824198487287,49.51598358154297,464444000
2023-12-20,49.56688996732464,49.91028133379936,48.01265353097003,48.025630950927734,397894000
2023-12-21,48.72439672866285,49.00789323083867,48.33309014213933,48.903079986572266,300425000
2023-12-22,49.107712672335644,49.29537882848635,48.38100372795406,48.74336242675781,252507000
2023-12-26,48.88111364335506,49.51199224313979,48.87312841671405,49.19156265258789,244200000
2023-12-27,49.42315016052461,49.591849010515,48.99790354922427,49.329315185546875,233648000
2023-12-28,49.55491147526017,49.795481146897224,49.32431857549359,49.43412399291992,246587000
2023-12-29,49.724607987334906,49.908283403812895,48.66449220167673,49.43412399291992,389293000
2024-01-02,49.1566219566508,49.20753015338818,47.51054964423797,48.0825309753418,411254000
2024-01-03,47.40074566328975,48.09850289557728,47.23603751691528,47.484596252441406,320896000
2024-01-04,47.68224884044641,48.41395003873669,47.42370949212884,47.912841796875,306535000
2024-01-05,48.37601604637922,49.459090025386296,48.22029079492016,49.0098876953125,415039000
2024-01-08,49.424155596522276,52.18225389964643,49.39121320158821,52.1602897644043,642510000
2024-01-09,52.30802809263291,54.22861420741035,51.598287244233845,53.04571533203125,773100000
2024-01-10,53.52087170860792,54.50312317370562,53.39409433002728,54.25356674194336,533796000
2024-01-11,54.9014155282273,55.247799966123495,53.46496957614301,54.724727630615234,596759000
2024-01-12,54.52308221048439,54.872463461679565,54.23359967517569,54.61292266845703,352994000
2024-01-16,54.92037758541191,56.734151032115776,54.80258693421074,56.28195571899414,449580000
2024-01-17,56.24702168282456,56.37080221365978,54.642874592370525,55.95354461669922,474394000
2024-01-18,57.15840468720761,57.49780159403606,56.00745052096862,57.00567626953125,491650000
2024-01-19,57.88611068736901,59.394431360297894,57.12346628511491,59.38544845581055,543501000
2024-01-22,59.94245635666948,60.223957503871716,58.96519328035112,59.54815673828125,452955000
2024-01-23,59.464301820428496,59.803698694627826,58.48104894335419,59.76676559448242,294654000
2024-01-24,60.197006547482026,62.73748925623283,59.83165479543139,61.25312805175781,560271000
2024-01-25,62.239368666397,62.607717226695215,60.742030169454694,61.50767135620117,482777000
2024-01-26,60.85183724757184,61.67337885004867,60.465526677085045,60.92271041870117,390309000
2024-01-29,61.12335395532468,62.37812361839996,60.79893365210522,62.35416793823242,348733000
2024-01-30,62.78839260190601,63.38033889790534,62.14952501071203,62.66261291503906,410735000
2024-01-31,61.33098779929159,62.15851930991276,60.592302887690344,61.4178352355957,453795000
2024-02-01,61.98981163068563,63.07887923181449,61.5406131324354,62.91516876220703,369146000
2024-02-02,63.86049910404713,66.48183961937383,63.57700256861582,66.0426254272461,476578000
2024-02-05,68.10394628020288,69.37369252800232,67.08575942583846,69.208984375,680078000
2024-02-06,69.50645284574946,69.630233381063,66.18236704818828,68.1019515991211,683111000
2024-02-07,68.19778404882926,70.09541214076467,67.48005798042527,69.97462463378906,495575000
2024-02-08,69.94966354395652,70.66838724943909,69.33176617612584,69.5174331665039,414422000
2024-02-09,70.40786779391557,72.05693748338919,70.08743811818825,72.00503540039062,436637000
2024-02-12,72.47117717433613,74.4786104438433,71.12357413495056,72.11980438232422,613710000
2024-02-13,70.27509946360114,73.31968365428922,69.4964845401849,72.00003051757812,602580000
2024-02-14,73.0721231436502,74.10428513350574,71.81036588559786,73.76888275146484,504917000
2024-02-15,73.73794078168315,73.84374789733648,72.27154539670707,72.52908325195312,420122000
2024-02-16,73.96851471281462,74.2699807907232,72.37235296886776,72.4841537475586,495327000
2024-02-20,71.81934169951924,71.82832841143384,67.61381946264177,69.32877349853516,704833000
2024-02-21,67.88533642606332,68.76577530674938,66.13045996080022,67.35228729248047,673755000
2024-02-22,74.89189108055353,78.43558804957509,74.08831901858908,78.3986587524414,865100000
2024-02-23,80.64665337566204,82.24780364536768,77.4323654765101,78.67715454101562,829388000
2024-02-26,79.55858308487059,80.5029113343283,78.36570371037314,78.95166778564453,503973000
2024-02-27,79.24014935736925,79.33898034064636,77.0250924240117,78.56135559082031,391705000
2024-02-28,77.48227691873889,78.7929431019633,76.98815248522881,77.52519989013672,393110000
2024-02-29,78.95366047452625,79.84806674793919,78.21097730890395,78.97162628173828,507289000
2024-03-01,79.85804035116041,82.15396205759876,79.29404050410636,82.13299560546875,479135000
2024-03-04,83.98072393894745,87.53940093463996,83.57045769196934,85.08576202392578,615616000
2024-03-05,85.12270452666515,85.94827947163024,83.2729084960246,85.81550598144531,520639000
2024-03-06,87.86993807352297,89.56899358821315,86.87964744648528,88.54676055908203,582520000
2024-03-07,90.00224735235656,92.60674140930558,89.44720809741612,92.5089111328125,608119000
2024-03-08,94.97364703765751,97.23174040772027,86.35655527181379,87.37679290771484,1142269000
2024-03-11,86.27970659200646,88.64361241866209,84.02061512714978,85.62583923339844,678364000
2024-03-12,87.89689583589372,91.80113493638854,86.0011743538899,91.75421905517578,668075000
2024-03-13,90.89770650975179,91.34592838246506,88.28222971094472,90.73099517822266,635713000
2024-03-14,89.42225054534444,90.48940398821422,86.45038860441925,87.79206848144531,602318000
2024-03-15,86.77983369344113,89.39131202190967,86.10799973550625,87.68526458740234,642086000
2024-03-18,90.2318598178106,92.24537384693531,86.93456418081807,88.30220031738281,668976000
2024-03-19,86.5502309225731,90.38759254394184,84.86315541638959,89.24357604980469,672171000
2024-03-20,89.6418701073994,90.25381771221527,88.07059173697641,90.21588134765625,479063000
2024-03-21,92.14054972284487,92.48794810720764,90.24881917443113,91.27703857421875,480372000
2024-03-22,90.9835495525749,94.61426754269417,90.67708069798141,94.12611389160156,586719000
2024-03-25,93.77871131394467,96.59882785449742,93.34845614456138,94.83787536621094,552136000
2024-03-26,95.68541767838448,96.20851455285562,92.34220396856466,92.4011001586914,513648000
2024-03-27,92.95115660792449,93.07893385392306,88.96904884364167,90.09410095214844,586067000
2024-03-28,89.8445176119648,91.14227480173439,89.03891256279711,90.19990539550781,435212000
2024-04-01,90.14300911365386,92.0656767674512,89.04989954343785,90.20689392089844,452441000
2024-04-02,88.295199136712,89.93835929549583,87.46863424504667,89.29747009277344,433064000
2024-04-03,88.33115142365672,90.21788597554938,88.24729689318218,88.81031799316406,370067000
2024-04-04,90.24981545155312,90.47742601324012,85.73163346290652,85.756591796875,434965000
2024-04-05,86.71593914747515,88.32815477151372,85.77756814573236,87.85597229003906,399678000
2024-04-08,88.54675414355297,88.67653442305598,86.5821594652945,86.98246765136719,283220000
2024-04-09,87.29093308519522,87.48360044285332,82.87857107978263,85.20653533935547,501700000
2024-04-10,83.78102746556362,87.24902545092569,83.56439945092491,86.8886489868164,431929000
2024-04-11,87.2689793680449,90.58224601063488,86.77583708331596,90.45945739746094,431637000
2024-04-12,89.54404775764081,90.01923104025528,87.37879585703206,88.03366088867188,426805000
2024-04-15,88.94409019243535,90.45647254670295,85.78056565576352,85.8524398803711,443077000
2024-04-16,86.28368645109244,87.965773191981,85.91532822119116,87.26399230957031,370453000
2024-04-17,88.18737923912188,88.62163290761173,83.80496405819224,83.88982391357422,495400000
2024-04-18,84.82322159070304,86.04111534612193,82.25965683585832,84.52473449707031,447260000
2024-04-19,83.00636595540483,84.17833393456459,75.47539894537725,76.06836700439453,875198000
2024-04-22,77.96907171420484,79.93467203595871,76.26802061217705,79.38063049316406,596341000
2024-04-23,80.62947459576492,82.62601974052421,80.1253496885507,82.2806167602539,438559000
2024-04-24,83.80498148732187,83.93675724779338,79.04621772256601,79.53936767578125,512208000
2024-04-25,78.73175253009703,83.1790583894206,78.08787011237102,82.4892578125,424641000
2024-04-26,83.67322387424187,88.178429159811,83.24296857442113,87.58345794677734,551011000
2024-04-29,87.44366977250507,87.83997945690294,85.11869103843989,87.60539245605469,388971000
2024-04-30,87.08929643239856,88.66557118869024,86.15092540038592,86.25274658203125,363709000
2024-05-01,84.93002290842145,85.85142484392729,81.11461964994571,82.89753723144531,559863000
2024-05-02,84.30310641773906,86.08801954331209,83.05626359727954,85.66874694824219,377898000
2024-05-03,87.6373400551101,89.12675929539812,86.8896334546632,88.63561248779297,398341000
2024-05-06,89.23557796278553,92.06069095925291,88.90115758999175,91.98082733154297,376203000
2024-05-07,90.94063437830519,91.62245320483287,88.8572415302883,90.39757537841797,437342000
2024-05-08,89.32841761603471,91.03646035901207,89.26552291616532,90.25581359863281,325721000
2024-05-09,90.37260041699219,90.91466159296331,88.07857394048413,88.59368133544922,378013000
2024-05-10,90.14900450939767,91.24311191356409,89.07286375704587,89.72274017333984,335325000
2024-05-13,90.32170192056742,90.84080791917694,88.37607119051684,90.24284362792969,289680000
2024-05-14,89.44421267221655,91.49266969851776,88.78036057605543,91.19818115234375,296507000
2024-05-15,92.31226052004403,94.69813133508781,91.44076747625896,94.4665298461914,417735000
2024-05-16,94.74605748352667,95.65348387790415,93.94044465961885,94.19600677490234,323952000
2024-05-17,94.20598653059943,94.57634022771545,91.64741042469609,92.31924438476562,359691000
2024-05-20,93.58805245494568,95.03554461976276,93.27859039868353,94.61627197265625,318764000
2024-05-21,93.43729892728764,95.23519004733342,93.01902406434208,95.2212142944336,328946000
2024-05-22,95.29408831779949,95.85411617010452,93.0879071432018,94.78596496582031,548648000
2024-05-23,101.85175314144693,106.1363388077003,101.34462744914427,103.61969757080078,835065000
2024-05-24,104.26856517672162,106.29106630104066,102.82207077624999,106.28507995605469,429494000
2024-05-28,110.05355122917427,114.74044007562202,109.69317481392171,113.70423126220703,652728000
2024-05-29,112.8547051589029,115.29248024146612,110.70941556106891,114.62663269042969,557442000
2024-05-30,114.45194499585061,115.61892428256706,109.47356046717066,110.30911254882812,484553000
2024-05-31,112.3256250740568,112.52229098316289,106.75526997887016,109.44361877441406,613263000
2024-06-03,113.42471506551881,114.80133056640625,111.80950641949946,114.80133056640625,438392000
2024-06-04,115.51610755402032,116.39857553569502,113.8479889155611,116.23585510253906,403324000
2024-06-05,118.16650675945408,122.23745699449587,117.26506688652523,122.22847747802734,528402000
2024-06-06,123.83370517037008,125.3700480295792,118.11560338652608,120.78897857666016,664696000
2024-06-07,119.56308862810559,121.481772978908,117.81811489560457,120.67916107177734,412386000
2024-06-10,120.16205248180556,122.8873318903164,116.80785658193525,121.57959747314453,313434100
2024-06-11,121.56962216023484,122.66781818606155,118.54460929253459,120.71104431152344,222551200
2024-06-12,122.85750988511934,126.67122400488891,122.36831828276222,124.99398803710938,299595000
2024-06-13,129.1770893049594,129.5864183097163,126.9507630154097,129.396728515625,260704500
2024-06-14,129.7461556011969,132.62140615970972,128.10885485479358,131.66299438476562,309320400
2024-06-17,132.7711675834259,133.50994014798042,129.36677515556565,130.76446533203125,288504400
2024-06-18,130.92420671975586,136.10566894087242,130.47495024767164,135.35690307617188,294335100
2024-06-20,139.56996619369176,140.52837801062054,129.30688285479897,130.56480407714844,517768400
2024-06-21,126.91083052082259,130.4150570517715,124.09547105255645,126.36173248291016,649445800
2024-06-24,123.03719724453093,124.2551908621237,117.8457572795687,117.91564178466797,476060900
2024-06-25,121.00056206941291,126.29184395373642,119.1236583558784,125.88251495361328,414192600
2024-06-26,125.92244899462368,127.90917229563556,122.39825886605338,126.19200897216797,362975900
2024-06-27,123.89578456364109,126.20198850103736,122.7177260189782,123.78596496582031,252571700
2024-06-28,124.3750052910358,127.49985213027985,122.54801473015355,123.33671569824219,315516700
2024-07-01,123.26682297750608,124.63456367500987,118.63445902087864,124.095458984375,284885500
2024-07-02,120.93067286767031,123.20692743216773,120.8308389451457,122.4681396484375,218374000
2024-07-03,121.45982152361671,128.0689239501953,121.16031210370706,128.0689239501953,215749000
2024-07-05,127.17038486367325,128.6379747149119,125.47318537524079,125.62294006347656,214176700
2024-07-08,127.28020581947078,130.55481479101948,126.83094936680692,127.9890365600586,237677300
2024-07-09,130.13552958791902,133.59982130546845,128.4383145629174,131.16383361816406,285366600
2024-07-10,133.8094467425138,134.87769332438475,132.20209545632153,134.68800354003906,248978600
2024-07-11,135.52660306662133,135.92593871330942,126.84092326488846,127.19034576416016,374782700
2024-07-12,128.04894535138322,131.70292655352904,127.01066335258953,129.02734375,252680500
2024-07-15,130.3451285738783,131.173764430254,126.97069394754185,128.22862243652344,208326200
2024-07-16,128.2286636887716,128.82766729187324,124.37501443079199,126.15208435058594,214769500
2024-07-17,121.15032459946838,121.64950188056783,116.52794571855017,117.79585266113281,390086200
2024-07-18,121.64950632742956,122.19860440344742,116.36820958632025,120.89075469970703,320979500
2024-07-19,120.15196272062997,121.39990584738524,117.176870571876,117.73594665527344,217223800
2024-07-22,120.15196240961751,123.86584236392231,119.66277083791101,123.33671569824219,258068900
2024-07-23,122.57796493987696,124.48482570104972,121.89908357161131,122.38827514648438,173911000
2024-07-24,118.9739065074374,119.75262181556741,113.25333936427286,114.06200408935547,327776900
2024-07-25,112.85401229858897,116.43810189153717,106.12510398604641,112.09526062011719,460067000
2024-07-26,115.9988170024744,116.00879506379749,111.39640194140975,112.87396240234375,293399100
2024-07-29,113.50292255867154,116.08865698961546,111.1168559757427,111.4063720703125,248152100
2024-07-30,111.33648541055072,111.80571322284378,102.37126667488353,103.55931091308594,486833300
2024-07-31,112.71423011638636,118.14527368402075,110.6975496617802,116.82744598388672,473174200
2024-08-01,117.33660563582859,119.9622829008677,106.63424395188704,109.0302963256836,523462300
2024-08-02,103.58926418951675,108.54110155423277,101.20319756374683,107.0934829711914,482027500
2024-08-05,91.90850550819489,103.23983427364557,90.54076482697137,100.28469848632812,552842400
2024-08-06,103.6691316762756,107.5327664843651,100.38455194570304,104.07846069335938,409012100
2024-08-07,107.6325862976113,108.6209626457341,98.52759897070796,98.74723815917969,411440400
2024-08-08,101.83215026963444,105.32639072006307,97.35951914167633,104.7972640991211,391910000
2024-08-09,105.46616394434741,106.42458330646772,103.25980151433504,104.57762908935547,290844200
2024-08-12,106.14505252549102,110.88723650727509,106.08515369153115,108.84060668945312,325559900
2024-08-13,112.25498947976828,116.03875418683985,111.39640394640423,115.94889831542969,312646700
2024-08-14,118.3349528711921,118.40483737868666,113.88229289564154,117.88569641113281,339246400
2024-08-15,118.56457753138926,123.03720123653866,117.27669936691132,122.65782928466797,318086700
2024-08-16,121.73934484458584,124.79430704362497,120.98059332504539,124.375,302589900
2024-08-19,124.0754979878485,129.7860870361328,123.21691249503145,129.7860870361328,318333600
2024-08-20,128.18872055728244,129.66629628755138,125.6828560733908,127.04061889648438,300087400
2024-08-21,127.11050029285343,129.13716641620366,126.45159025428316,128.28855895996094,257883600
2024-08-22,129.80605728559254,130.5348518103843,122.89743830728821,123.53638458251953,376189100
2024-08-23,125.65288601497598,129.38673697357257,125.01393980516215,129.1571044921875,323230300
2024-08-26,129.35680584239554,131.04401222890846,124.1653576328901,126.25191497802734,331964700
2024-08-27,124.84424526829238,128.98741074794592,123.67616460225028,128.08889770507812,303134600
2024-08-28,127.90916927864866,128.11883041927797,122.4381910717034,125.40330505371094,448101100
2024-08-29,121.16030816238968,124.22525631015377,116.51795800585043,117.3965072631836,453023300
2024-08-30,119.33330911013266,121.54965726206557,117.02711271158417,119.17357635498047,333751600
2024-09-03,115.8191103772934,116.01877823521122,107.1134577156826,107.8222885131836,477155100
2024-09-04,105.23655349888746,113.0836130103624,103.94867525541761,106.03523254394531,372470300
2024-09-05,104.8172363950656,109.46957200218677,104.58761912643209,107.03358459472656,306850700
2024-09-06,107.86222325429438,107.97204286084109,100.78388574677186,102.66079711914062,413638100
2024-09-09,104.70741977949132,106.37467762407766,103.51938307487873,106.29480743408203,273912000
2024-09-10,107.63258781478571,109.21997530676359,104.77729355808466,107.92211151123047,268283700
2024-09-11,109.21000549756162,116.9971741685222,107.24324578146685,116.71763610839844,441422400
2024-09-12,116.65772468720782,120.6015672152285,115.2000032170065,118.95413970947266,366052700
2024-09-13,118.89423438124282,119.77285881938455,117.41653986244413,118.91419982910156,238358300
2024-09-16,116.60780299971084,117.99563392468083,114.18159360974668,116.59781646728516,248772300
2024-09-17,117.98564481894722,118.61466685067687,114.65085910577872,115.40966796875,231925900
2024-09-18,115.7092112049166,117.51638517066618,113.0433782281772,113.19314575195312,310318900
2024-09-19,117.16691844656921,119.47331975028854,117.06707598202318,117.68611145019531,293506400
2024-09-20,116.87738233881377,118.43495389707196,115.2099893901744,115.81903839111328,382462400
2024-09-23,116.36817703420066,116.80748542405605,114.68081111279044,116.07862854003906,206228500
2024-09-24,116.33821493002908,121.60998405209612,115.19999404233639,120.68143463134766,354966800
2024-09-25,121.82962567540989,124.74507579152808,121.42026930294443,123.31730651855469,284692900
2024-09-26,126.60217747362803,127.47081527785902,121.6099781665842,123.84648132324219,302582900
2024-09-27,123.7765997601264,123.83650371853182,119.07394858799772,121.21060943603516,271009200
2024-09-30,118.1254274144435,121.31045327548797,117.96568098439478,121.25054931640625,226553700
2024-10-01,121.58002164337385,122.24898215671047,115.60935538711523,116.81746673583984,302094500
2024-10-02,116.25835256126952,119.19376089360065,114.96037755308417,118.66458892822266,221845900
2024-10-03,120.73135113827638,124.16598683922703,120.15225416683853,122.65834045410156,277118000
2024-10-04,124.7450859792245,124.84492844767553,121.63993722019764,124.72511291503906,243678100
2024-10-07,124.79500006476454,130.43618698242878,124.7550615549546,127.52074432373047,346250200
2024-10-08,130.0567764001493,133.27175410957346,129.2180905372518,132.68267822265625,285722500
2024-10-09,133.9007832398008,134.31014727855833,131.1750464230449,132.44305419921875,246191600
2024-10-10,131.70421594134592,134.7893916948541,130.79563194093248,134.5996856689453,242311300
2024-10-11,133.8009151704973,135.5681579226704,133.45147037350253,134.58969116210938,170209500
2024-10-14,136.2570891265267,139.3822107684187,136.0873561782587,137.85459899902344,232347700
2024-10-15,137.654906403531,138.3538265330219,128.5391603262797,131.3946990966797,377831000
2024-10-16,133.7709642153392,136.40684475827754,131.37471471629812,135.5082550048828,264879700
2024-10-17,139.12261346955344,140.6701983777905,136.65646567187503,136.71636962890625,306435900
2024-10-18,138.45366668655112,138.6833036103306,137.06583575895257,137.7847137451172,176090200
2024-10-21,137.91451267760561,143.48580932617188,137.78471061125512,143.48580932617188,264554500
2024-10-22,142.68705023422552,144.194689003585,141.55880826832362,143.36598205566406,226311600
2024-10-23,141.80841766733155,142.20778753302577,137.24555525009052,139.34226989746094,285930000
2024-10-24,140.6003124972593,141.12948441968888,138.2439937495604,140.19094848632812,172354900
2024-10-25,140.71013437273555,143.90515439009727,140.5803475394567,141.31918334960938,205122100
2024-10-28,142.77689244758375,142.91667341121004,139.83149806296922,140.30076599121094,173586700
2024-10-29,140.0711235834401,142.0380513591214,138.68329276437913,141.02963256835938,157593600
2024-10-30,139.32230457284558,140.11108066863528,136.59656776236113,139.12261962890625,179418100
2024-10-31,137.38533225522045,137.39531116933003,131.90389188236236,132.55287170410156,270039600
2024-11-01,134.4898615442038,137.09579048755296,134.36007470728345,135.1887664794922,207127800
2024-11-04,136.9959472521015,138.74321710094807,135.3585064031532,135.83775329589844,187528200
2024-11-05,137.2355728771189,140.15101580482042,137.11576495412646,139.69174194335938,160537400
2024-11-06,142.73698322061895,146.2614750565614,141.73854326176877,145.38284301757812,242043900
2024-11-07,146.16161478672652,148.6976454021817,145.94195679227957,148.64773559570312,207323300
2024-11-08,148.53787885494532,149.53631855776948,146.03178545046896,147.399658203125,175665800
2024-11-11,148.44804913905642,148.61779734270107,143.3460354590936,145.03338623046875,182325600
2024-11-12,146.55098572515575,149.41650294104454,145.78218284955818,148.05862426757812,198634700
2024-11-13,148.83744386134128,149.09703275189045,145.6723759576151,146.04180908203125,191903300
2024-11-14,147.40966837696516,148.7675472701728,145.32293261192063,146.53103637695312,194463300
2024-11-15,144.6439744081883,145.0134075079149,139.86145428913719,141.75848388671875,250132900
2024-11-18,139.28235565663965,141.32916034590224,136.93601597273187,139.93133544921875,221205300
2024-11-19,141.09954425974988,146.90047806374457,140.77005724054902,146.78065490722656,227834900
2024-11-20,147.18003223590216,147.32979212988033,142.50732548898966,145.6623992919922,309871700
2024-11-21,149.11700420524105,152.65147472524168,140.4804899844899,146.44117736816406,400946600
2024-11-22,145.70233282975542,146.93042492260167,140.8798813363258,141.72854614257812,236406200
2024-11-25,141.76848775116036,141.82839170792872,135.60811535874635,135.80780029296875,344941900
2024-11-26,137.48518763604767,139.08269776121745,135.45835561529256,136.70640563964844,190287700
2024-11-27,134.7993582371888,137.00591700209634,131.59437486042492,135.12884521484375,226370900
2024-11-29,136.56662423239774,139.13262238748922,135.837767286179,138.03433227539062,141863200
2024-12-02,138.6134117376161,140.23087948399635,137.60499293345052,138.41372680664062,171682800
2024-12-03,138.04431859051348,140.3207607312636,137.73480460641824,140.04119873046875,164414000
2024-12-04,141.77847337465352,145.56255409442886,140.07113435104438,144.91357421875,231224300
2024-12-05,144.89360218968224,146.32146235801875,143.73532840807314,144.8436737060547,172621200
2024-12-06,144.38438282581114,145.482733396531,141.09928024490165,142.22760009765625,188505600
2024-12-09,138.76276188244717,139.74129618907318,136.9255094433844,138.60299682617188,189308600
2024-12-10,138.80268748950093,141.60850970621567,133.5904709096604,134.8685760498047,210020900
2024-12-11,137.15514511831444,139.9609519122756,135.00835767243856,139.10223388671875,184905200
2024-12-12,136.8755860719742,138.2335586289744,135.59749604609573,137.13519287109375,159211400
2024-12-13,138.7327975455873,139.39181692680097,132.34233289302693,134.04978942871094,231514900
2024-12-16,133.9798879813558,134.19956111084232,130.22550081237128,131.8031463623047,237951100
2024-12-17,128.89747709842524,131.39374870651014,126.67080709010266,130.19554138183594,259410300
2024-12-18,133.66038896461004,136.49615030817583,128.08870801614657,128.7177734375,277444500
2024-12-19,131.56348324328064,133.8301019554315,129.35678784338916,130.48509216308594,209719200
2024-12-20,129.61640819653473,135.07825184796977,128.02878306565836,134.49911499023438,306528600
2024-12-23,136.0767567466981,139.58151660116854,134.91848306333998,139.46170043945312,176053500
2024-12-24,139.79122163679293,141.6883821217358,138.44322876231024,140.01089477539062,105157000
2024-12-26,139.4916759779926,140.6399702368576,137.52461242783102,139.72132873535156,116205600
2024-12-27,138.34337590905767,138.81267619141968,134.50910636621433,136.8056640625,170582600
2024-12-30,134.628906293037,140.060795108374,133.82011682531788,137.28494262695312,167734700
