Date,Open,High,Low,Close,Volume
2015-01-02,0.4824231266975403,0.48601795902119826,0.4747541891656842,0.4824231266975403,113680000
2015-01-05,0.4824229305926865,0.48386086293763036,0.4721178249711194,0.4742746949195862,197952000
2015-01-06,0.4749936979190587,0.4754729992148847,0.4594162201065331,0.459895521402359,197764000
2015-01-07,0.4632507549394561,0.4673248882197394,0.4572594160789891,0.4586973488330841,321808000
2015-01-08,0.4639695351297485,0.47882807239627645,0.46372987024392226,0.4759522080421448,283780000
2015-01-09,0.4776299636611707,0.48146443169362263,0.4711592952852887,0.47786960005760193,209540000
2015-01-12,0.4790678664893313,0.4793075314540888,0.4675644909911209,0.4718782603740692,190732000
2015-01-13,0.4754730185196233,0.4850591591011549,0.4678041117681886,0.4711592495441437,236720000
2015-01-14,0.4661265812836866,0.4745144549835911,0.46492831361227166,0.4730765223503113,155260000
2015-01-15,0.47643168146387593,0.4793075181161624,0.46948171193781635,0.46972137689590454,188932000
2015-01-16,0.46900249372761205,0.47882830164771506,0.46756456086209863,0.4783490002155304,181512000
2015-01-20,0.48170404843047177,0.48434022009735767,0.4737954762919059,0.47978684306144714,140308000
2015-01-21,0.4771506867469136,0.48769546009195663,0.47379551990437213,0.486497163772583,144780000
2015-01-22,0.4874556985928156,0.49632293013390916,0.4824229918840101,0.49488499760627747,159712000
2015-01-23,0.49536438906170127,0.4972816519372815,0.491290284015732,0.4963230490684509,120416000
2015-01-26,0.4941660761833191,0.49656261156753284,0.4910505744700502,0.4941660761833191,133240000
2015-01-27,0.48649717007565796,0.4869765000372003,0.4694817563717025,0.4704403877258301,357948000
2015-01-28,0.47619211708808906,0.4781093514508938,0.4625318401087056,0.4627715051174164,272728000
2015-01-29,0.4630110409657519,0.476671285565548,0.4608541421959194,0.4740351140499115,235340000
2015-01-30,0.4706799942943984,0.47619203138203364,0.45941628372250776,0.46013522148132324,298200000
2015-02-02,0.4630110815878845,0.47211792164305183,0.4539042415327172,0.47020068764686584,259604000
2015-02-03,0.4735557937653707,0.48242299682839207,0.4711592585740575,0.48194366693496704,183468000
2015-02-04,0.4805059057272373,0.4886541158866196,0.4790679442741701,0.48314207792282104,181516000
2015-02-05,0.4836213302679192,0.49129026723241803,0.48314205741883626,0.4910506308078766,140448000
2015-02-06,0.4905710773947241,0.49632280606748413,0.4867366106588478,0.4888935089111328,210524000
2015-02-09,0.48601796034042544,0.4898523719788401,0.4829024580307724,0.4884144961833954,273944000
2015-02-10,0.4888937434604795,0.5023143549057099,0.4867368441734107,0.5020747184753418,226204000
2015-02-11,0.5032727703781991,0.5032727703781991,0.49536419974151613,0.49871939420700073,320832000
2015-02-12,0.5272382754067684,0.5392209517968956,0.5241227738315446,0.5344278812408447,676904000
2015-02-13,0.5332296782762898,0.5353865775450521,0.525081468333745,0.5346676111221313,310084000
2015-02-17,0.5337089523952481,0.5389813532320439,0.5303538141981562,0.5363451242446899,203340000
2015-02-18,0.5356259707850858,0.5365846303390021,0.5291553330545568,0.530113935470581,170948000
2015-02-19,0.5368243570128148,0.537782959590184,0.5291554221180584,0.5315519571304321,169432000
2015-02-20,0.5310726436970702,0.5356260198749734,0.5272381765436538,0.5353863835334778,157752000
2015-02-23,0.535146719864011,0.535146719864011,0.5284363884037299,0.5310726165771484,125008000
2015-02-24,0.5331178572570616,0.5367264747619629,0.5283063290118991,0.5367264747619629,149356000
2015-02-25,0.5345609913898409,0.5369668116171643,0.5302306411680634,0.5326364040374756,123820000
2015-02-26,0.5331176750806804,0.5372074669557153,0.5297495605736622,0.5340799689292908,152864000
2015-02-27,0.5326364170617491,0.533839327204825,0.5287871849049842,0.530711829662323,157492000
2015-03-02,0.5292683818605439,0.5465898985882691,0.5285466472170625,0.5437029600143433,301512000
2015-03-03,0.5396130968661639,0.5422594186351631,0.5319146332644656,0.5335986614227295,160344000
2015-03-04,0.5316740458620496,0.5408159207136185,0.5295088423348737,0.5396130681037903,226840000
2015-03-05,0.5396132617199398,0.5509203441557268,0.5381697921838979,0.5499580502510071,323056000
2015-03-06,0.5468304890340148,0.5494768113065542,0.5420189627068968,0.5425001382827759,257392000
2015-03-09,0.5427408499336985,0.548033553324255,0.5415379393348716,0.5439437031745911,222388000
2015-03-10,0.5463494572994642,0.556934863892354,0.5453871632522742,0.5533261895179749,527212000
2015-03-11,0.5533258806598568,0.5605431680221012,0.5489955311856706,0.5504390001296997,262120000
2015-03-12,0.5451464109560887,0.5492362022262445,0.5350421836452898,0.5453869700431824,406972000
2015-03-13,0.542740725161683,0.5475522517349881,0.5352828188225155,0.5461087822914124,359288000
2015-03-16,0.5504390521928781,0.5559723120964182,0.5468303794914796,0.5526041984558105,236956000
2015-03-17,0.5514017466562241,0.5595813342486445,0.5475525120956884,0.55934077501297,299900000
2015-03-18,0.5593404895785131,0.5622273710072625,0.5451464694739251,0.5501985549926758,413844000
2015-03-19,0.5521232287007102,0.560543371670122,0.5480334367787213,0.5586187839508057,310756000
2015-03-20,0.5631897784522166,0.5680013053388492,0.5578970759337508,0.5646331906318665,462084000
2015-03-23,0.547792875857228,0.5550101665735874,0.546108847092537,0.5463494062423706,426012000
2015-03-24,0.544665194223736,0.5485144261156297,0.5364856123021549,0.5388913750648499,330480000
2015-03-25,0.5386508421958619,0.5386508421958619,0.5044889290028901,0.5061730146408081,542552000
2015-03-26,0.495828478577523,0.5066543883169685,0.49221980375908087,0.5044891834259033,311920000
2015-03-27,0.5073758897817058,0.5162772070934761,0.4991963071014751,0.5143526196479797,318288000
2015-03-30,0.5167583174303011,0.5191640801125744,0.5100221475051918,0.5165177583694458,253252000
2015-03-31,0.5150743240872512,0.5155554422414664,0.5030455098632103,0.5035266280174255,357276000
2015-04-01,0.5054514408111572,0.5071354696268066,0.49679068021786826,0.5054514408111572,330768000
2015-04-02,0.5083381716484462,0.5097816408778594,0.5023237930031083,0.5066541433334351,192204000
2015-04-06,0.5044889452603587,0.5230133716532146,0.49919630116918273,0.5213293433189392,515864000
2015-04-07,0.5213293375419995,0.5316741238792826,0.5184423990821391,0.5259003043174744,413964000
2015-04-08,0.5263813966021867,0.5316740977323395,0.5213293119037977,0.5297494530677795,366432000
2015-04-09,0.525659899859479,0.54370315779418,0.5254193406767833,0.5420191287994385,379432000
2015-04-10,0.5425000243891951,0.5477926678231254,0.5405753798476609,0.5475521087646484,258728000
2015-04-13,0.5463493134581356,0.5494768113065542,0.5400943177612987,0.5425001382827759,236724000
2015-04-14,0.5403351200892534,0.5425003248886054,0.5326366523746272,0.537929356098175,220276000
2015-04-15,0.5393725092413721,0.548514384096127,0.5367261302546001,0.5444245934486389,243560000
2015-04-16,0.5412973113509079,0.5458682792727134,0.537207519079055,0.541056752204895,155284000
2015-04-17,0.5297495605736622,0.5393726711335296,0.52950900145099,0.5340799689292908,293636000
2015-04-20,0.536485908104343,0.5398539663575803,0.5304714692024707,0.5314338207244873,231624000
2015-04-21,0.5379291184470401,0.5379291184470401,0.5280654502907213,0.530711829662323,230456000
2015-04-22,0.5338395922296301,0.5374482097345314,0.525659948326501,0.5367264747619629,207420000
2015-04-23,0.5268626305784021,0.5396131806342528,0.520848194201303,0.534561038017273,259380000
2015-04-24,0.5343204271990921,0.5345609862763588,0.5239756412237844,0.5299900770187378,240960000
2015-04-27,0.5316742056288043,0.5434624630085645,0.5271032381505035,0.5340799689292908,248456000
2015-04-28,0.5331178572570616,0.5386511204747926,0.5280657124490822,0.5367264747619629,234484000
2015-04-29,0.5328769631170435,0.5381696643729148,0.5304712002476313,0.5326364040374756,195156000
2015-04-30,0.5299901770542559,0.5367262913524494,0.5287872667250519,0.5340799689292908,218844000
2015-05-01,0.5384101124105676,0.548995512739173,0.5360043500373208,0.5473114848136902,256968000
2015-05-04,0.5468306427254281,0.5504393171639744,0.5422596742225809,0.5439437031745911,200720000
2015-05-05,0.542018891250734,0.5427406258404448,0.5275843141723385,0.5299900770187378,292928000
2015-05-06,0.5328769994900763,0.5379291420112281,0.5246974166473365,0.5316741466522217,316484000
2015-05-07,0.5295090528273747,0.5427407809428387,0.527825024089431,0.541056752204895,534564000
2015-05-08,0.505451272881892,0.5254191102364597,0.4929412831414218,0.5011208653450012,1146552000
2015-05-11,0.4941444922978739,0.5013618433983651,0.49029531485488126,0.49630969762802124,544144000
2015-05-12,0.4927007240642315,0.505210656446791,0.49246010762913045,0.5011208653450012,388800000
2015-05-13,0.5047297299922332,0.5085789634787979,0.4991964676099089,0.5040079951286316,308524000
2015-05-14,0.5054511901899926,0.5148336809603681,0.5042482802850157,0.5121873021125793,293052000
2015-05-15,0.5143525729389044,0.5167583357062612,0.5093004883348277,0.5124279856681824,215824000
2015-05-18,0.5112251170935577,0.5148337902164059,0.5088193541309634,0.5117062926292419,324972000
2015-05-19,0.5123830055960729,0.5140748866138714,0.5075492080054241,0.5085160136222839,253808000
2015-05-20,0.5087576862147926,0.5147999620148099,0.508032610813854,0.5085160136222839,196824000
2015-05-21,0.5087576701838162,0.5109328963180905,0.5044072179152677,0.5048906207084656,239692000
2015-05-22,0.5060991435293826,0.5080326396259315,0.5029571691549286,0.5041655898094177,212592000
2015-05-26,0.5017486062798918,0.5051322526900619,0.49715648179557165,0.501023530960083,259732000
2015-05-27,0.5044073098407295,0.5302681827098968,0.5027154861913276,0.5278512835502625,432332000
2015-05-28,0.5278510767168871,0.5367935943411527,0.5268843289565285,0.5351017713546753,327656000
2015-05-29,0.535102164464408,0.5384858129231406,0.5341354159938331,0.5348604917526245,335168000
2015-06-01,0.5382438051300672,0.5462195758880511,0.5348601587778086,0.5409023761749268,372660000
2015-06-02,0.5375189503208325,0.5404192527401752,0.5297848489515379,0.5302682518959045,224304000
2015-06-03,0.5317183447041994,0.5358270675980333,0.5235008412931089,0.5244676470756531,250788000
2015-06-04,0.5213256859384264,0.5355854089335237,0.5213256859384264,0.5338935852050781,323712000
2015-06-05,0.5322015898636232,0.5404190917289814,0.5266427169650331,0.5380021929740906,313320000
2015-06-08,0.536310352719918,0.5399356719263894,0.5196337345492843,0.5256759524345398,342812000
2015-06-09,0.526159391367377,0.5322016096677393,0.5251926433541286,0.5283346176147461,256888000
2015-06-10,0.5220505936874605,0.5254342400567958,0.5160083186364429,0.5189086198806763,529460000
2015-06-11,0.5189087731314252,0.528092967078215,0.5189087731314252,0.5244676470756531,283052000
2015-06-12,0.5210838475169094,0.524225821681414,0.5089993536624352,0.5102078318595886,323728000
2015-06-15,0.5075492824646182,0.511658062880513,0.5036822899235284,0.5092411637306213,306548000
2015-06-16,0.5082741694366193,0.5162499394351331,0.5031987003915285,0.5155248641967773,256892000
2015-06-17,0.5152835129728615,0.5244677666367765,0.5140750919043353,0.5215674638748169,233544000
2015-06-18,0.5259178558903194,0.5336518996361852,0.524467704680648,0.5302682518959045,299404000
2015-06-19,0.530268078160502,0.5346184727407374,0.5237424574784441,0.5285762548446655,355656000
2015-06-22,0.5295429571129345,0.5324432583318409,0.5184252126050001,0.5264009833335876,514236000
2015-06-23,0.5273678310279435,0.5314765534502266,0.5087577150128669,0.5128664374351501,414064000
2015-06-24,0.5121414380020112,0.514800067558325,0.5053741430370475,0.5077910423278809,253368000
2015-06-25,0.5077909630804593,0.5147999872170536,0.5077909630804593,0.5116580128669739,350460000
2015-06-26,0.5075493568438709,0.5080327597940584,0.49909023739131175,0.5012654066085815,421296000
2015-06-29,0.49546481433022105,0.5005403431642763,0.48555554455039185,0.486280620098114,391724000
2015-06-30,0.48918080832704547,0.491356034719693,0.4826551867725204,0.48603883385658264,315916000
2015-07-01,0.49812345176404654,0.5051324194639261,0.48869752711788766,0.49304792284965515,302892000
2015-07-02,0.49280609218047655,0.49667314138171464,0.49038919363262856,0.49353116750717163,145764000
2015-07-06,0.48942244908020405,0.4961897420110263,0.48386357661985413,0.48748889565467834,214776000
2015-07-07,0.48458872126937436,0.48652221734806944,0.463078274870961,0.47830474376678467,594252000
2015-07-08,0.4756462125913544,0.47854648576707126,0.4710540869857352,0.4749211370944977,332492000
2015-07-09,0.48241353602516324,0.4845887625164068,0.46622028889995404,0.4691205620765686,357588000
2015-07-10,0.4751628193010594,0.4816884700926555,0.47395436971916544,0.477338045835495,216708000
2015-07-13,0.48217177909722697,0.48313852710760175,0.4773379814219396,0.4804799556732178,212472000
2015-07-14,0.4812049956844673,0.48168836965409273,0.4744376736745973,0.4807215929031372,249216000
2015-07-15,0.4795132435582199,0.4826552182334864,0.4729876215783345,0.477338045835495,265732000
2015-07-16,0.48023833766249696,0.4879724383354187,0.4785465139446872,0.4879724383354187,282848000
2015-07-17,0.48628055461191716,0.4867638998296915,0.47878812750224936,0.4850720763206482,220372000
2015-07-20,0.4850721125187316,0.4870056664043684,0.4749211418952562,0.47612959146499634,188412000
2015-07-21,0.4751627694213436,0.48507206647734047,0.4751627694213436,0.47830474376678467,149720000
2015-07-22,0.4749211372415079,0.4749211372415079,0.4633200157233395,0.4691205620765686,356472000
2015-07-23,0.47008733886439963,0.48193013300345583,0.46912056193135393,0.4749211370944977,169916000
2015-07-24,0.4783046886791738,0.4787880626431761,0.467428644836452,0.46936216950416565,188844000
2015-07-27,0.4652534132421565,0.47202073509273873,0.4613863927644696,0.4667035639286041,192420000
2015-07-28,0.4679121025785211,0.4799965979007885,0.4630783044496141,0.4768546521663666,198308000
2015-07-29,0.4758878448689214,0.4865222173605556,0.473954319978469,0.4826551675796509,232680000
2015-07-30,0.4814466943476666,0.4886974195317028,0.4814466943476666,0.48386362195014954,190180000
2015-07-31,0.4857971821807899,0.4860388548048053,0.47927156034501117,0.48217183351516724,218340000
2015-08-03,0.48603883467911374,0.490872632699788,0.4797549145392625,0.49038928747177124,397132000
2015-08-04,0.4886973643691063,0.49377283396981075,0.4867638109806908,0.4923226833343506,260100000
2015-08-05,0.5044072837238378,0.5048906865801039,0.4964315111476668,0.497398316860199,234628000
2015-08-06,0.4961898436158722,0.4998152210164724,0.4860388445176106,0.4942563474178314,655676000
2015-08-07,0.5428359916243536,0.5648297530530451,0.5288179442424882,0.5554038882255554,1405248000
2015-08-10,0.5515368009128703,0.5788477607924637,0.548153096781918,0.5747390389442444,662304000
2015-08-11,0.5662796869390563,0.5773974285013124,0.5662796869390563,0.5718385577201843,435008000
2015-08-12,0.5626546332065043,0.5773976996313882,0.5626546332065043,0.5732889771461487,384048000
2015-08-13,0.5740140930519737,0.5752225714334304,0.5670050682604191,0.5684552192687988,276884000
2015-08-14,0.5679716286889679,0.5723220802763751,0.5645879825365857,0.5689384341239929,214652000
2015-08-17,0.5679719713296959,0.5679719713296959,0.5583043721344828,0.5653133988380432,273880000
2015-08-18,0.5635656127531607,0.5674489322940429,0.5557989736713963,0.5601677298545837,287084000
2015-08-19,0.5594398896611913,0.5657502799060894,0.5519159361234055,0.5579836368560791,249248000
2015-08-20,0.5516728543030903,0.5543426106366784,0.5351687640247523,0.5378385782241821,426932000
2015-08-21,0.5339554023147798,0.5429355468083379,0.5206065013437996,0.5210919380187988,382664000
2015-08-24,0.4919670639829311,0.5298293883146357,0.4854139871919381,0.5026462078094482,682284000
2015-08-25,0.5247324536552728,0.5266741422788799,0.4922097623348236,0.4922097623348236,622684000
2015-08-26,0.5082285369376479,0.5298294590093965,0.5043452166522072,0.5293440222740173,614976000
2015-08-27,0.5349263527027335,0.5494887622349403,0.5317711581841682,0.549246072769165,463764000
2015-08-28,0.549245986819565,0.555070938147747,0.5453626666454895,0.5516730546951294,320944000
2015-08-31,0.5490033627895302,0.5528866834261902,0.5434211002241819,0.5456054210662842,219352000
2015-09-01,0.5298295249925065,0.5388096717213952,0.5193931257419878,0.5232763886451721,353408000
2015-09-02,0.5375959957852394,0.5392949374151221,0.5286158509419197,0.5390522480010986,344044000
2015-09-03,0.5470615858903908,0.5497314009498998,0.5395376931450933,0.540508508682251,262556000
2015-09-04,0.5312855251126278,0.5397802898011091,0.5276449530074575,0.5278876423835754,287972000
2015-09-08,0.540751290961677,0.552643942465264,0.5385669700944302,0.5504595637321472,238448000
2015-09-09,0.5521584432259274,0.5567698312809284,0.5383241054633519,0.5395376682281494,289392000
2015-09-10,0.5363825591189614,0.5548282878472426,0.5339554910722367,0.5480324625968933,357076000
2015-09-11,0.5419648516667974,0.5533720663365951,0.5397804729430479,0.5497314929962158,301584000
2015-09-14,0.5524012156791176,0.5541001575125627,0.5477897690649861,0.5507022738456726,192460000
2015-09-15,0.5509450148386369,0.5596824721323612,0.5492460728462283,0.5567699670791626,327976000
2015-09-16,0.5557990738517035,0.5638084037653399,0.5516730641789004,0.5606532096862793,173508000
2015-09-17,0.5703614507550049,0.5754583336139615,0.5645364996392007,0.5657500624656677,268712000
2015-09-18,0.5579835563389076,0.570118898187239,0.5545856721945498,0.5652647614479065,326412000
2015-09-21,0.5659926817874286,0.5723030688254614,0.5630801776573047,0.571089506149292,281840000
2015-09-22,0.5587117306591763,0.5625950519575992,0.5526440302805382,0.5555565357208252,228356000
2015-09-23,0.5560415520814688,0.5616238119574981,0.553857232291688,0.5582259297370911,161632000
2015-09-24,0.5548281488678515,0.5747301250120773,0.5460906945151218,0.5689051747322083,382440000
2015-09-25,0.5759437530972934,0.5841958304483961,0.567449044175979,0.5730313062667847,369692000
2015-09-28,0.5730311222997136,0.5766716941355391,0.5618666017023826,0.565507173538208,395584000
2015-09-29,0.5715750276691912,0.576429163362979,0.5635656979878553,0.5754583477973938,380736000
2015-09-30,0.580797888028692,0.5990009266184148,0.5774000044659308,0.5982728004455566,556380000
2015-10-01,0.5982726751960543,0.5999716166217584,0.569633244612237,0.5866227746009827,489296000
2015-10-02,0.5834676079283457,0.601913332939148,0.5773999101014605,0.601913332939148,386144000
2015-10-05,0.6057966587131546,0.6244850733084079,0.6026414650698949,0.6169611811637878,482024000
2015-10-06,0.6104081487568064,0.6276403124796467,0.6079810809986939,0.624970555305481,453216000
2015-10-07,0.626426843540776,0.6378340568730095,0.6162331352244216,0.6315236687660217,310152000
2015-10-08,0.6288540501789781,0.6368633817947689,0.6181749027806731,0.6351644396781921,460068000
2015-10-09,0.6317664054139918,0.6378341045444739,0.6208446279913385,0.6327372789382935,423248000
2015-10-12,0.6334652847713582,0.6431736139952696,0.6288538963823879,0.6395329833030701,227588000
2015-10-13,0.6344362050534106,0.6446298560126539,0.6322518264767729,0.6407465934753418,298444000
2015-10-14,0.6414747274194291,0.6744829252899853,0.6407466590186071,0.6640465259552002,612148000
2015-10-15,0.6652599408067622,0.679336969563215,0.658464173728381,0.6657453775405884,526048000
2015-10-16,0.6679298324594559,0.6824922417499035,0.66623083262962,0.6761818528175354,448396000
2015-10-19,0.6783664238206243,0.6815216191809941,0.6672018952940678,0.6749684810638428,294712000
2015-10-20,0.6720557709725005,0.6771525963208859,0.6669588877582505,0.6739974021911621,264824000
2015-10-21,0.6781233627303719,0.6822494300359326,0.6640463927517387,0.6652598977088928,386280000
2015-10-22,0.6730266104327023,0.6914723391271307,0.6720557947889675,0.6892879605293274,306884000
2015-10-23,0.6953555857209013,0.6985107796273566,0.6849191884609014,0.6938993334770203,381776000
2015-10-26,0.6943847923316764,0.6960837340484483,0.6844337735916179,0.690744161605835,247436000
2015-10-27,0.6873464743852734,0.6946276800496193,0.6868610375279655,0.6902589797973633,208268000
2015-10-28,0.6946275705754417,0.6958411335945129,0.6844338611055473,0.6958411335945129,217036000
2015-10-29,0.6846766562425369,0.6917151139275429,0.6705996251407776,0.6718131303787231,327168000
2015-10-30,0.6790941878163952,0.6934139040602747,0.6739973053345911,0.6885597109794617,301160000
2015-11-02,0.6907441931641882,0.6972972709042341,0.6866181833969692,0.6965691447257996,190088000
2015-11-03,0.6924430088965232,0.6963263285192449,0.6839483014710579,0.691714882850647,376768000
2015-11-04,0.6897735090052011,0.6948703353597305,0.6771527299948891,0.680307924747467,442264000
2015-11-05,0.6837056049495115,0.6856472938378919,0.6705994508828433,0.672541081905365,478800000
2015-11-06,0.7390428865558295,0.7752062150228625,0.723752353254087,0.7657406330108643,1172272000
2015-11-09,0.7582166228795879,0.764527009912782,0.751663488591834,0.762342631816864,492568000
2015-11-10,0.7523917113359999,0.7565177786694928,0.7317616639978393,0.7477803230285645,552260000
2015-11-11,0.7482658417225911,0.7536054150194431,0.73782944246002,0.7404992580413818,619896000
2015-11-12,0.7388000834760077,0.7455959076890996,0.7346740742129216,0.7378292679786682,291080000
2015-11-13,0.738557615123352,0.7417128098334694,0.7196264468626477,0.7232670783996582,292940000
2015-11-16,0.7327324432182427,0.7383147046602668,0.7269074345024903,0.7378292679786682,344280000
2015-11-17,0.739770956839205,0.7441396555101614,0.7346740742129216,0.7378292679786682,257048000
2015-11-18,0.740874497315622,0.7569540382347432,0.7328347558988519,0.7559794783592224,350216000
2015-11-19,0.7586594940095218,0.7657246761385993,0.7525687556658778,0.7581722140312195,254072000
2015-11-20,0.7637758593330345,0.7691357080638571,0.7591469017057604,0.7647503614425659,239744000
2015-11-23,0.7710845916728724,0.7710845916728724,0.750619818231333,0.7532997131347656,242552000
2015-11-24,0.7532997343128685,0.765968434368153,0.7498889483243203,0.7593904733657837,195428000
2015-11-25,0.7579285963260446,0.7669428402023615,0.7557359235716157,0.7584158182144165,138300000
2015-11-27,0.7598777928093089,0.7671866457591944,0.7559797262855833,0.7647503614425659,86996000
2015-11-30,0.7654811626522307,0.776200858855014,0.7647502716345139,0.7727900147438049,327244000
2015-12-01,0.7796118239578995,0.7986148786123607,0.7788809327722966,0.7978839874267578,409496000
2015-12-02,0.7991019003196742,0.8073852542321404,0.7900876554048619,0.7917930483818054,294240000
2015-12-03,0.7981275034941904,0.8064108584979451,0.7861896929972501,0.7900877594947815,246656000
2015-12-04,0.7900879836257377,0.8237087513581358,0.7900879836257377,0.8222469687461853,458756000
2015-12-07,0.8220029272862903,0.8220029272862903,0.8042180503525153,0.8066543340682983,333588000
2015-12-08,0.7966656594327358,0.8210285005434392,0.7915494802251667,0.8176177144050598,314488000
2015-12-09,0.817374228000674,0.822246796965473,0.788626036256998,0.7969093918800354,372676000
2015-12-10,0.7993455655498454,0.8078725890989514,0.7966656704163987,0.8034873008728027,236596000
2015-12-11,0.7954474503178496,0.8010509089048878,0.7898439917308113,0.7915493845939636,227320000
2015-12-14,0.7922804625343494,0.7978839224438652,0.7839970491340207,0.7934985756874084,275892000
2015-12-15,0.8025127460281932,0.8088470964631165,0.7981274577731827,0.8032436370849609,307296000
2015-12-16,0.8049489630282054,0.8107960909944942,0.797883780211592,0.8081161379814148,236356000
2015-12-17,0.8093343884574097,0.8176177431087291,0.7954475743453513,0.795934796333313,254160000
2015-12-18,0.7903311953938233,0.7983709376119518,0.7820478422253233,0.7830223441123962,395896000
2015-12-21,0.7915495992660229,0.802269239349736,0.7844843568557011,0.801538348197937,284216000
2015-12-22,0.8039744344434115,0.810308784140105,0.7973964737847189,0.8022690415382385,130012000
2015-12-23,0.8034874874322245,0.8086036678982418,0.8020257049889027,0.8054364919662476,122524000
2015-12-24,0.8029999590965033,0.8100651999987082,0.8017817880749961,0.8081161379814148,52448000
2015-12-28,0.7995892508619514,0.8073853254318237,0.7883823319518133,0.8073853254318237,142024000
2015-12-29,0.807872679629805,0.8229776662536089,0.80568000622822,0.8205413818359375,203660000
2015-12-30,0.8198104363459195,0.8268756781143984,0.8132324746629076,0.8134760856628418,180344000
2015-12-31,0.812258068225912,0.8159124659976469,0.8030001521110535,0.8030001521110535,148528000
2016-01-04,0.7866769514293674,0.7937421350456448,0.780586211803641,0.788625955581665,358076000
2016-01-05,0.8034871784178603,0.8146940953924302,0.7917929814543838,0.8012945055961609,490272000
2016-01-06,0.7881385511341392,0.7917930059500291,0.759146755908571,0.7681610584259033,449344000
2016-01-07,0.7489143551440721,0.7540305919862935,0.7279623020184527,0.7377074956893921,645304000
2016-01-08,0.7472090168167752,0.7479399078476348,0.7204098919991024,0.7218716740608215,398472000
2016-01-11,0.7226025922043049,0.7282060515940786,0.7101775022990869,0.7230898141860962,409372000
2016-01-12,0.7360018678220892,0.7459906700566546,0.7301547994930606,0.7352709770202637,469356000
2016-01-13,0.7408746628841407,0.745747289093922,0.7121265341856726,0.7128574252128601,481672000
2016-01-14,0.6982397384048808,0.7065231515819337,0.6777749616831742,0.698483407497406,600236000
2016-01-15,0.6704660261793515,0.6785057692742911,0.6490266918976483,0.6604772210121155,841452000
2016-01-19,0.6741204033120533,0.693123453007633,0.6631570964745125,0.6658370494842529,457140000
2016-01-20,0.6531683144501884,0.6780184326785708,0.6443976810704307,0.6694914102554321,481180000
2016-01-21,0.6768004162047765,0.6877636659267492,0.6629135441590299,0.6772876381874084,481456000
2016-01-22,0.6901998364545248,0.6977523567977536,0.68873805457612,0.6931234002113342,257996000
2016-01-25,0.6928799273515003,0.7009196711994651,0.6909308650966491,0.6923926472663879,270728000
2016-01-26,0.6938543703902178,0.7021377245330391,0.6867891292281202,0.6992141604423523,227944000
2016-01-27,0.6982396958863596,0.7004323690719649,0.6777749204108323,0.6909308433532715,231700000
2016-01-28,0.6965341394624186,0.698970423068908,0.6699786307260088,0.6833782196044922,276776000
2016-01-29,0.6892254554073879,0.7150500795017979,0.6865455602174991,0.713588297367096,310504000
2016-02-01,0.7128574591008928,0.7174863583790052,0.7067667196133183,0.7138319611549377,289884000
2016-02-02,0.7065229975323553,0.7101773941818303,0.6787493158026422,0.683621883392334,341908000
2016-02-03,0.6889820006536631,0.6931236789174606,0.6711971161814448,0.68703293800354,326772000
2016-02-04,0.6880071962610732,0.7028685686154402,0.6804547336453061,0.6872763633728027,348140000
2016-02-05,0.6826472703534896,0.6901997314622612,0.6419612853263947,0.64391028881073,600428000
2016-02-08,0.6341653857070213,0.6373325610843681,0.6054171963082122,0.6144315004348755,608852000
2016-02-09,0.6071223629119805,0.6468337839243866,0.6041987999081433,0.6210091710090637,425372000
2016-02-10,0.6249075737690297,0.6429360671524527,0.6161369380975905,0.6195477247238159,335800000
2016-02-11,0.6037118694183559,0.6227149237693682,0.6037118694183559,0.6163805723190308,340144000
2016-02-12,0.6261255552734702,0.6280746172825449,0.6029808287327493,0.6268564462661743,340816000
2016-02-16,0.6358707846485951,0.6585282925859394,0.63392178043826,0.6575537323951721,485352000
2016-02-17,0.6658369609959178,0.6802110518421968,0.6631570083423375,0.6738767027854919,771468000
2016-02-18,0.7291802667254803,0.7547612694429929,0.728449375954788,0.7318601608276367,1068660000
2016-02-19,0.7279623770109684,0.7481835993278476,0.7223589176635817,0.7416055798530579,525628000
2016-02-22,0.7523253646997656,0.7764445980092859,0.7508635824230185,0.7679175734519958,449668000
2016-02-23,0.7618266058896184,0.7771751978717916,0.7581721515673958,0.7698663473129272,369380000
2016-02-24,0.7666991531247893,0.7764442869515553,0.7455034347745518,0.7752261161804199,336852000
2016-02-25,0.7781497547702488,0.7808296494059455,0.7630447726446451,0.7769315838813782,349616000
2016-02-26,0.7805862933888853,0.7825352977448888,0.7640195240204397,0.7718156576156616,361964000
2016-02-29,0.7729160165356497,0.7829411576426835,0.7663140886556784,0.7668030858039856,323344000
2016-03-01,0.7687593176072571,0.8007909655570984,0.7675367080333819,0.8007909655570984,348700000
2016-03-02,0.796389464262011,0.8083707672590572,0.7949223564179285,0.8054365515708923,233812000
2016-03-03,0.8044584369442545,0.8078816494511111,0.7875868146354694,0.7983455657958984,302004000
2016-03-04,0.8044584357072597,0.8051919895714891,0.7897874750171056,0.7959004044532776,175304000
2016-03-07,0.7914991970913854,0.7968785734505155,0.7804959458150088,0.790765643119812,239968000
2016-03-08,0.7826964218823012,0.7873422431667303,0.7738938346107759,0.7763389945030212,274940000
2016-03-09,0.7831855378468869,0.7844080887391058,0.7658248604591021,0.7758500576019287,222788000
2016-03-10,0.7804959998236721,0.7848973239576746,0.7589786094926424,0.7746276259422302,286084000
2016-03-11,0.7861198786441002,0.7880760421448104,0.7768282914817186,0.7878314852714539,277400000
2016-03-14,0.7841635380464154,0.7929661254141351,0.7804957690193609,0.7897874116897583,190312000
2016-03-15,0.7856305835325919,0.7907654014672155,0.7719376774097225,0.7858750820159912,226216000
2016-03-16,0.7800070702089973,0.8120387182011328,0.7763392997797618,0.809349000453949,363644000
2016-03-17,0.8064145420816722,0.8103267513528883,0.7914990256206177,0.8025022745132446,353680000
2016-03-18,0.8120383712281654,0.8374680215819326,0.8069034948212984,0.8267093300819397,545512000
2016-03-21,0.8193739699737265,0.8293991091611881,0.8105713817201718,0.8291546106338501,337780000
2016-03-22,0.8264648319416622,0.8335557545826228,0.8174176881771665,0.8276873826980591,242012000
2016-03-23,0.8313551611145014,0.8479822246946892,0.8276873922087487,0.8418693542480469,429008000
2016-03-24,0.8342894360040533,0.8445591320962392,0.8315997772906878,0.8430920243263245,244956000
2016-03-28,0.8416249801124636,0.8553178898370046,0.8406469276244011,0.8516501784324646,265388000
2016-03-29,0.847982239104576,0.8672990196429717,0.8460261345197402,0.865342915058136,261812000
2016-03-30,0.8685218115920444,0.8863714883013216,0.8680327561942637,0.874390184879303,376700000
2016-03-31,0.8783023917056542,0.8802584965654433,0.8643649842623065,0.8712114095687866,379884000
2016-04-01,0.8658319815873742,0.8844152681217162,0.8592300552118657,0.8839262127876282,348292000
2016-04-04,0.8912616878364532,0.8959075094430414,0.8719449058590528,0.8753681182861328,393940000
2016-04-05,0.8675439960068081,0.8822149623799839,0.8641207238819432,0.8741459250450134,339568000
2016-04-06,0.8631423179771226,0.8758571736173789,0.8467597513927703,0.8753681182861328,453376000
2016-04-07,0.8697443593681082,0.8775688959198268,0.8626534350589119,0.8663211464881897,378104000
2016-04-08,0.8734120120213396,0.8790358859833268,0.8633868149775114,0.8719449043273926,255936000
2016-04-11,0.8770796667202521,0.8917506844217953,0.8743900083186209,0.8773242235183716,387524000
2016-04-12,0.8802583202334981,0.881480929248869,0.8592299348656557,0.8763461112976074,292764000
2016-04-13,0.8802587432523816,0.8985974792153968,0.8802587432523816,0.8983529806137085,350716000
2016-04-14,0.8959075237315076,0.9047101117538268,0.8922397544317016,0.9007978439331055,416564000
2016-04-15,0.9005532902503798,0.915957803771558,0.8976190749902652,0.9078887701034546,436972000
2016-04-18,0.9061771614733614,0.9061771614733614,0.8951739125754278,0.9039765000343323,307320000
2016-04-19,0.907399763515251,0.9091113697431483,0.8822146088377101,0.8878384828567505,309152000
2016-04-20,0.886371376642619,0.8966410723245356,0.8853933242674876,0.8912616968154907,200172000
2016-04-21,0.8915064935261247,0.8956633195309346,0.8863716731162787,0.8902839422225952,178280000
2016-04-22,0.8932179781761845,0.8993308500533611,0.8839263336386534,0.8868605494499207,223540000
2016-04-25,0.8871049304982712,0.8961520169883624,0.8846597704118353,0.8912616968154907,191972000
2016-04-26,0.8966412525800374,0.9069109503265138,0.8880831614084359,0.8919954299926758,214536000
2016-04-27,0.8897948905705136,0.9127794498080501,0.8880832837598304,0.9122903943061829,352396000
2016-04-28,0.9066659020353542,0.9120452757101434,0.8829478631140106,0.8851484656333923,381224000
2016-04-29,0.8814809232590971,0.8834370277137505,0.8592299290270822,0.8687660694122314,321904000
2016-05-02,0.8770796082732489,0.8856376965040861,0.8729228425487418,0.880258321762085,256076000
2016-05-03,0.8702332369289962,0.8739009476087651,0.8621642034768522,0.8697441816329956,224024000
2016-05-04,0.8592300972732516,0.8599636511616856,0.8411359234844589,0.8499385118484497,525764000
2016-05-05,0.8570293764440631,0.8650984098137097,0.8487157862803114,0.8550732135772705,246884000
2016-05-06,0.8536061704278342,0.8660765274660633,0.8518945642259623,0.8638758659362793,183240000
2016-05-09,0.8660763479475443,0.8697440581064018,0.8555621561031101,0.8626531362533569,333336000
2016-05-10,0.8680326403819633,0.880747496055635,0.8597191078094307,0.8792803883552551,269676000
2016-05-11,0.8819699872707488,0.8915060694532925,0.877079609491189,0.8817254304885864,328176000
2016-05-12,0.888082909923471,0.8919951773998455,0.8540951700247081,0.8697441816329956,670540000
2016-05-13,0.9582590728646065,1.002516508606573,0.9536133097845637,1.0020275115966797,2110256000
2016-05-16,0.9944479505984647,1.0465300046779937,0.9912692353249885,1.0316144227981567,973032000
2016-05-17,1.026968364255083,1.0411503304303162,1.0137645089381067,1.0338149070739746,628392000
2016-05-18,1.0269683720278864,1.072203988310326,1.0269683720278864,1.0602226257324219,541072000
2016-05-19,1.0560654474702689,1.07244812857859,1.0545984565535733,1.0648680925369263,398880000
2016-05-20,1.071470384586725,1.0883420684390337,1.0697587780039637,1.0839407444000244,391084000
2016-05-23,1.0885860892805563,1.0927427963311742,1.0790499496782175,1.0856518745422363,413636000
2016-05-24,1.0889615330726374,1.1154379290972003,1.0860196983035533,1.1120057106018066,415788000
2016-05-25,1.1154378324969565,1.1200956007645706,1.0985223424882518,1.107347846031189,458076000
2016-05-26,1.1093095493427343,1.1272055813018858,1.106122579943273,1.1191155910491943,309964000
2016-05-27,1.1203412395758552,1.1269603110798803,1.1166638867091117,1.1252442598342896,277416000
2016-05-31,1.1301473133611224,1.1477982101905237,1.1294117960072325,1.1453466415405273,412524000
2016-06-01,1.1399530084196283,1.158584433540347,1.1365209068683693,1.147552728652954,387132000
2016-06-02,1.1536810897194838,1.1654484253209032,1.1424041376995628,1.1556423902511597,329208000
2016-06-03,1.1443657258820865,1.1458365263048094,1.119360248340785,1.1394625902175903,461076000
2016-06-06,1.1424045227193904,1.1512300273948781,1.1276954651574427,1.133579134941101,322512000
2016-06-07,1.140443226568499,1.1468171625765697,1.135295074461331,1.1357853412628174,193400000
2016-06-08,1.1360303408429782,1.1401979588562416,1.1227922035847586,1.1321079730987549,234616000
2016-06-09,1.1281858389442772,1.163242373220358,1.1257342709236633,1.1615263223648071,472168000
2016-06-10,1.1477979611034117,1.1580942666456189,1.1311276018339123,1.1325985193252563,400024000
2016-06-13,1.133824162752811,1.1693710777740385,1.133824162752811,1.1470623016357422,475588000
2016-06-14,1.1443658463020816,1.1546621517277371,1.131617972786203,1.1492688655853271,298344000
2016-06-15,1.1588299348994435,1.171087426395537,1.1460820595775099,1.1610362529754639,301036000
2016-06-16,1.1524556219782318,1.167654943891325,1.141178668011363,1.165693759918213,246456000
2016-06-17,1.1671651583160318,1.167410291801586,1.140688754623316,1.1453466415405273,471000000
2016-06-20,1.1637330128687213,1.180893525197842,1.1629974955419173,1.1659393310546875,293768000
2016-06-21,1.1708422853989622,1.1740292542089432,1.157113759410884,1.158829927444458,212508000
2016-06-22,1.1612812946428177,1.1688810159218164,1.1558880081626424,1.1578491926193237,202620000
2016-06-23,1.1688810150983906,1.1899640110115792,1.1681454978668984,1.188738226890564,297880000
2016-06-24,1.1399535059486676,1.1610365081774323,1.1105353796151227,1.1210768222808838,1017684000
2016-06-27,1.1117605673971487,1.1203409382142844,1.0926387584636814,1.109063982963562,449088000
2016-06-28,1.1301472800927237,1.1313729474844145,1.1097996817267486,1.1252442598342896,381920000
2016-06-29,1.135049893825407,1.1524556504228882,1.1321080593445394,1.1436301469802856,318932000
2016-06-30,1.145591486380075,1.1595651436108725,1.1362758317900743,1.1524558067321777,430940000
2016-07-01,1.1460820338311415,1.1610362268931542,1.1399532297721677,1.1438755989074707,218488000
2016-07-05,1.137501608504973,1.1627522239433299,1.128431086464836,1.160791039466858,371084000
2016-07-06,1.1527007248596455,1.1750094988185509,1.1468170561988251,1.1681451797485352,273104000
2016-07-07,1.1759904673686554,1.202712002708363,1.1705971803658641,1.1985443830490112,395400000
2016-07-08,1.2112919320474704,1.2524773830115896,1.2066340467064578,1.246593713760376,481932000
2016-07-11,1.2644896163345212,1.2845919561796908,1.2630186991632677,1.2752763032913208,448776000
2016-07-12,1.289495407535566,1.3061656503677808,1.2733153146843863,1.2943984270095825,436760000
2016-07-13,1.2968495959972581,1.3042041820559247,1.2919465775905403,1.2939077615737915,324604000
2016-07-14,1.3007721341957919,1.318913291354762,1.2899854464998601,1.3071459531784058,316892000
2016-07-15,1.2904759704048616,1.2978305582304066,1.2708638920663526,1.2919468879699707,428616000
2016-07-18,1.307881756233071,1.309842940725551,1.2936629640924726,1.2985659837722778,252992000
2016-07-19,1.2978305966005406,1.31719754206698,1.295379028287143,1.312049388885498,382652000
2016-07-20,1.316461930769228,1.3363192586181143,1.3110686445211321,1.329209804534912,296460000
2016-07-21,1.3262682770774736,1.3304358971200738,1.3002822566514114,1.3046950101852417,361308000
2016-07-22,1.3093526358323544,1.3402416706085205,1.2997917301995878,1.3402416706085205,315768000
2016-07-25,1.348331555898796,1.36818876597738,1.3424478861434241,1.3650017976760864,312528000
2016-07-26,1.3770142838635975,1.3954005766802984,1.3750530995586638,1.3882912397384644,514508000
2016-07-27,1.4003037822009958,1.402755350581242,1.3659826431580497,1.3743177652359009,446676000
2016-07-28,1.3775046263135655,1.3875557987130118,1.3730918737123918,1.3772594928741455,221916000
2016-07-29,1.382407535728456,1.4034905295036386,1.3576473068603403,1.3998132944107056,409588000
2016-08-01,1.4056972081701407,1.4108453615736396,1.3816723753899294,1.3907428979873657,301120000
2016-08-02,1.3973619053123452,1.3980974225634126,1.360589315880871,1.3738274574279785,282748000
2016-08-03,1.372111419710407,1.3802014081675298,1.3645116981606211,1.3775047063827515,299828000
2016-08-04,1.3841234422180082,1.4093740521897988,1.3814268579831026,1.4030001163482666,272712000
2016-08-05,1.4191803833523347,1.427515504972511,1.412316179300096,1.426780104637146,371588000
2016-08-08,1.4463923533637422,1.4498244557940807,1.4248189710912964,1.4400184154510498,305064000
2016-08-09,1.4471276473745,1.457669204261581,1.4400183095625991,1.4436955451965332,372344000
2016-08-10,1.456442859108663,1.4586491762597769,1.4297213354479044,1.43437922000885,375740000
2016-08-11,1.4419794502612602,1.4696815171958386,1.43903761508468,1.463552713394165,681064000
2016-08-12,1.517486081819932,1.5537684047812825,1.486351912088572,1.5454332828521729,1425744000
2016-08-15,1.5471489697494845,1.5567098735963267,1.523124143434126,1.543962001800537,573304000
2016-08-16,1.5417556083965485,1.5442070591380483,1.5299883876635552,1.5346462726593018,287652000
2016-08-17,1.5346467723985489,1.5380788746925789,1.4870873734162073,1.4990997314453125,595212000
2016-08-18,1.496893422710411,1.524840625062773,1.491009751942664,1.5223891735076904,331684000
2016-08-19,1.5216533926085158,1.5378333675196538,1.5150343225900682,1.5263112783432007,291560000
2016-08-22,1.5309688716856207,1.5348913564012074,1.5128277159554109,1.5326849222183228,244748000
2016-08-23,1.5482813715705743,1.5551582259625234,1.5406676444294063,1.545088529586792,339764000
2016-08-24,1.550491288234533,1.551228043593383,1.5141419969415018,1.5212644338607788,298448000
2016-08-25,1.5217560457751726,1.5224928012911587,1.492283717108495,1.5111950635910034,406032000
2016-08-26,1.5151249263238806,1.5320714759803626,1.5030903148144457,1.5234754085540771,300024000
2016-08-29,1.5296153217679753,1.5357553022649417,1.5200367976040476,1.52249276638031,274652000
2016-08-30,1.520527746271198,1.5286326411427718,1.509475595607669,1.513650894165039,285544000
2016-08-31,1.5165981879263453,1.5207733694756407,1.5021076108469529,1.506528377532959,388544000
2016-09-01,1.5077567952672823,1.5566317630047921,1.5065287521657411,1.55098295211792,428492000
2016-09-02,1.5541755692018822,1.5558947824504108,1.5183175590324325,1.5357552766799927,323148000
2016-09-06,1.5411589998936521,1.550246238708496,1.5332996871938895,1.550246238708496,306812000
2016-09-07,1.5453336695097946,1.5529473944570613,1.518563015292561,1.5274046659469604,397988000
2016-09-08,1.5259311368836437,1.5409130026077478,1.5084934195861075,1.538456916809082,315808000
2016-09-09,1.521510353623644,1.530106419602201,1.449057462911192,1.4618288278579712,697760000
2016-09-12,1.4424262935379462,1.4949852678336306,1.4077962078848354,1.4920380115509033,598260000
2016-09-13,1.4883537743488233,1.505546021985956,1.4620742911808993,1.470424771308899,471768000
2016-09-14,1.4738631876238069,1.4883537644625733,1.4615831112039432,1.483441710472107,319048000
2016-09-15,1.4858978799019915,1.5414041048388265,1.4824593365132162,1.5396848917007446,515212000
2016-09-16,1.545088626127588,1.55343910942709,1.5256859878003786,1.5433694124221802,902444000
2016-09-19,1.5595790204422217,1.6028051773161076,1.5524565812521967,1.5637543201446533,417128000
2016-09-20,1.5816826808527957,1.5816826808527957,1.5409126268600775,1.5495086908340454,331112000
2016-09-21,1.5541758272962347,1.5959283567443459,1.5539302420931789,1.5929811000823975,336212000
2016-09-22,1.6023138188550077,1.6072258735746454,1.5878232398651826,1.5969104766845703,308732000
2016-09-23,1.5988754886161716,1.6035418413353089,1.5880689207366792,1.5951913595199585,276132000
2016-09-26,1.5770161763812545,1.5865946976372713,1.56031521901247,1.5802090167999268,230040000
2016-09-27,1.5740694751686228,1.636698263017439,1.573332719633842,1.6342421770095825,402752000
2016-09-28,1.6366979350901538,1.64136440388001,1.619260102688607,1.6401363611221313,319788000
2016-09-29,1.6374349122626854,1.6605216742099407,1.622207578185347,1.655363917350769,336684000
2016-09-30,1.6644512874172306,1.6993269572874405,1.6546271781520543,1.6828715801239014,429932000
2016-10-03,1.6828716742245344,1.707186363582336,1.6782052044957492,1.68115234375,242596000
2016-10-04,1.6836080387239754,1.7118523186024934,1.6649421641441828,1.677467942237854,281624000
2016-10-05,1.6917135113845472,1.7089057639980836,1.6705916612601313,1.6757493019104004,305440000
2016-10-06,1.6556095845350438,1.665924863809516,1.6273651834398768,1.6538903713226318,360212000
2016-10-07,1.6649421186465703,1.6693630020492807,1.6371890097693147,1.6418554782867432,286260000
2016-10-10,1.6504516788350312,1.6592934463688689,1.632522675745012,1.6479957103729248,287876000
2016-10-11,1.642593104143549,1.6450490735297914,1.6116470232432867,1.6241728067398071,388540000
2016-10-12,1.617541010257999,1.6401364833919723,1.6040328902521324,1.6315404176712036,419920000
2016-10-13,1.6123834180623609,1.6160674296059592,1.564490799545121,1.6050152778625488,390116000
2016-10-14,1.6246635732501573,1.635715725521947,1.6111554522027596,1.6207339763641357,330636000
2016-10-17,1.6204885550420771,1.6357158909057912,1.609190816461698,1.6114012002944946,195328000
2016-10-18,1.6337510296354205,1.6452943529644237,1.6271197612786021,1.6359614133834839,269372000
2016-10-19,1.6249093317664334,1.640136666617554,1.6165587331475404,1.6325229406356812,199060000
2016-10-20,1.6516799299849996,1.6688721798390043,1.6283476996448554,1.663468837738037,312084000
2016-10-21,1.657574823710966,1.6617500067174564,1.6430842415741658,1.65880286693573,279508000
2016-10-24,1.6701001927622061,1.7386233715553883,1.6698544904880706,1.7366585731506348,339836000
2016-10-25,1.7337112761863025,1.7757093827453903,1.7253607953281556,1.765148401260376,397460000
2016-10-26,1.7504120821904217,1.791673429611794,1.7486928691405816,1.7722707986831665,333792000
2016-10-27,1.7857792825923402,1.7892177093941244,1.728799420953605,1.735921859741211,388664000
2016-10-28,1.7442717863285149,1.7707968497823063,1.7297812120421627,1.7329740524291992,290856000
2016-10-31,1.7386234698471745,1.7592541470449716,1.737641012032946,1.7477108240127563,252388000
2016-11-01,1.754096665592124,1.7636751909743957,1.6772228773363478,1.6958887577056885,473224000
2016-11-02,1.7089053883213938,1.731992032126004,1.6858186274041695,1.6887658834457397,295848000
2016-11-03,1.6966249750333453,1.6980986028640719,1.6366978726633212,1.6691174507141113,309664000
2016-11-04,1.6580654755217514,1.688029088425234,1.6352244174038841,1.6595391035079956,328780000
2016-11-07,1.7081685343023723,1.761464377442855,1.7069404914196147,1.7504122257232666,487580000
2016-11-08,1.7570436462411136,1.7626925737258337,1.7315010313100498,1.7477108240127563,429884000
2016-11-09,1.700309465902933,1.7413252373935704,1.6877838014757514,1.7182384729385376,456532000
2016-11-10,1.755815469920792,1.7560610550611635,1.6396452664172936,1.6644511222839355,869280000
2016-11-11,1.9527891591575337,2.180217408756554,1.9279831846676532,2.160569190979004,2175344000
2016-11-14,2.163516042413371,2.165972127732497,2.0537316519705433,2.054222822189331,1348796000
2016-11-15,2.0701871177568543,2.1477976415817674,2.06134535024858,2.116851806640625,626092000
2016-11-16,2.1450964930534036,2.27330109211894,2.1207818034831893,2.250460147857666,987984000
2016-11-17,2.2671605463977635,2.3280701062941724,2.2263903716454743,2.269125461578369,832988000
2016-11-18,2.269125920008733,2.316772721956208,2.2546353410216837,2.2929494380950928,576060000
2016-11-21,2.310878246752644,2.317263929054057,2.2693711946808492,2.283616304397583,436436000
2016-11-22,2.291475649989833,2.302282099901241,2.268880175283988,2.3000717163085938,330368000
2016-11-23,2.3052369396303893,2.3428704202241324,2.2818698960489026,2.3113863468170166,443236000
2016-11-25,2.3224557878338774,2.339181758493386,2.2976125501771643,2.3160605430603027,195564000
2016-11-28,2.3089264895275723,2.3303259095950093,2.302285176952766,2.3148298263549805,278736000
2016-11-29,2.312124369414611,2.3229472335499066,2.275966835975484,2.2936766147613525,444568000
2016-11-30,2.302285186011915,2.3160597168553645,2.2653896825592708,2.2678494453430176,440500000
2016-12-01,2.2653900449336306,2.2671118322424944,2.0850935794953926,2.155687093734741,1035524000
2016-12-02,2.1214976291570955,2.184220195907379,2.0937029562235785,2.1756112575531006,478292000
2016-12-05,2.213489809008673,2.277934140799128,2.1891387199681516,2.2599782943725586,602284000
2016-12-06,2.2680953114537137,2.30548295562787,2.2523531578317475,2.2971198558807373,498796000
2016-12-07,2.283591921965466,2.344100546808976,2.26539000319574,2.3384432792663574,480804000
2016-12-08,2.3413951580788406,2.376568882630698,2.2887574890458944,2.2993340492248535,381544000
2016-12-09,2.3170439649544154,2.3187657523124567,2.231200198055604,2.258502960205078,382312000
2016-12-12,2.210046193880821,2.212505956665766,2.153226987173576,2.203650951385498,601332000
2016-12-13,2.215949825492061,2.2700634410794005,2.214966014077576,2.2425146102905273,387796000
2016-12-14,2.2762129146079517,2.3886217109893204,2.252353725339292,2.372387647628784,983980000
2016-12-15,2.383455741502801,2.4582310370072515,2.376076686921778,2.427976608276367,746548000
2016-12-16,2.455525923802098,2.4769253525647144,2.4038720574377184,2.469792366027832,1089528000
2016-12-19,2.452327900396733,2.51996974784487,2.435109792196022,2.499800205230713,744656000
2016-12-20,2.5723614954414393,2.610486886330503,2.56104672558785,2.586873769760132,848056000
2016-12-21,2.5984351868259736,2.606060314300737,2.550962868709158,2.6031086444854736,576136000
2016-12-22,2.6274581238171533,2.677882080645891,2.62032490661563,2.6345913410186768,718612000
2016-12-23,2.616635358668206,2.701741358901442,2.6139297606475167,2.700265407562256,647692000
2016-12-27,2.756347764473548,2.8867121707183148,2.7356860810280015,2.885728359222412,1194272000
2016-12-28,2.9418092408280483,2.9499262711117824,2.6734553357773043,2.687229633331299,2295764000
2016-12-29,2.580232790914804,2.7423275926274195,2.5285789304436115,2.740851640701294,2175368000
2016-12-30,2.738883990070845,2.7529043603484906,2.614668749837745,2.6254913806915283,1212932000
2017-01-03,2.5679344968491664,2.6163908578903756,2.444457217444235,2.5091476440429688,1501996000
2017-01-04,2.5433373686418617,2.5949912309778056,2.4973407748830634,2.567688465118408,1199220000
2017-01-05,2.5711314271248455,2.6028615722033566,2.485533504587961,2.5025055408477783,984296000
2017-01-06,2.529808405519207,2.5642443851563477,2.4892232527142544,2.5359578132629395,822856000
2017-01-09,2.5457962327826964,2.6564829745176217,2.5457962327826964,2.638772964477539,916248000
2017-01-10,2.651810021790602,2.6857538622703,2.598188310455977,2.618849992752075,880920000
2017-01-11,2.6072896445396734,2.6122089368068,2.5617849595450077,2.586627960205078,525664000
2017-01-12,2.56375190219497,2.5753125046590855,2.499553413430556,2.5443201065063477,625616000
2017-01-13,2.5482563282584114,2.5826923101747448,2.5349739350591243,2.5440750122070312,457820000
2017-01-17,2.533497772188312,2.5384170632676297,2.4737268960176726,2.487009286880493,580612000
2017-01-18,2.4656102509269693,2.5391554350821646,2.437815583452183,2.5322682857513428,654424000
2017-01-19,2.5352201714050504,2.618604180957231,2.533006478156046,2.586627960205078,644872000
2017-01-20,2.6092573885337527,2.626967404498405,2.5364501706594136,2.5583415031433105,492024000
2017-01-23,2.553175245048988,2.60482908829994,2.550715482376114,2.5849053859710693,369904000
2017-01-24,2.594990432202098,2.646152372988506,2.5802320898306745,2.640002965927124,428052000
2017-01-25,2.682310003147152,2.6884594104420483,2.6154061407251827,2.651317834854126,522760000
2017-01-26,2.654024007597496,2.704447985446898,2.624507549922916,2.697068929672241,458800000
2017-01-27,2.7039553311242917,2.7521656023526324,2.6773905500288095,2.749213933944702,471996000
2017-01-30,2.728306765414349,2.7305204583569456,2.654269679451095,2.706169366836548,496004000
2017-01-31,2.6798507451503153,2.7069074362496477,2.6614027559804834,2.6855080127716064,362756000
2017-02-01,2.719943384550513,2.807017018212062,2.702233608258349,2.802835702896118,590004000
2017-02-02,2.7868471581214727,2.8468640974941195,2.756346900129385,2.838254928588867,483240000
2017-02-03,2.8397311350052825,2.8507998328731956,2.801605750446854,2.8134121894836426,372744000
2017-02-06,2.804065927650261,2.8859742170005136,2.804065927650261,2.8854823112487793,506768000
2017-02-07,2.9196714685567833,2.974276980660736,2.899993836123488,2.930248260498047,746224000
2017-02-08,2.9122926959847173,2.934675928799721,2.8626064699079588,2.9174580574035645,449580000
2017-02-09,2.923607286862362,2.9285268128286113,2.8434210309653154,2.8626065254211426,842568000
2017-02-10,2.9499258695924704,2.968865526151305,2.769629440696513,2.7947185039520264,1651092000
2017-02-13,2.7890610537186573,2.8035733253811363,2.6614022771093824,2.66582989692688,1180724000
2017-02-14,2.6562376293592855,2.7093674394038962,2.6144225901354146,2.6756694316864014,850632000
2017-02-15,2.6786208127955558,2.700757977143089,2.650580076215723,2.6810803413391113,373020000
2017-02-16,2.6906729542128573,2.6919028356037185,2.598925866722435,2.638035297393799,647176000
2017-02-17,2.6245075924417116,2.641971537899558,2.577527188831099,2.6375439167022705,563740000
2017-02-21,2.662140530488657,2.735931777858841,2.661894460360288,2.7319962978363037,551952000
2017-02-22,2.7440637376528034,2.7534224446418536,2.708845396115706,2.727809190750122,433772000
2017-02-23,2.5982654717006426,2.620184426073657,2.4549299359358927,2.4748785495758057,1592888000
2017-02-24,2.3906511093993688,2.512067725939442,2.35691057060424,2.4987685680389404,1029904000
2017-02-27,2.5169923887817833,2.586443543196861,2.5012303696891904,2.571420431137085,715400000
2017-02-28,2.5810251999474128,2.5908766670759134,2.4820203509994,2.4992599487304688,625360000
2017-03-01,2.5561509534160876,2.570435393398635,2.4901477182716323,2.5315229892730713,504804000
2017-03-02,2.5187166575620576,2.53275471854796,2.4354735794352274,2.4381825923919678,754332000
2017-03-03,2.42759314243817,2.4325186428186987,2.369716927581068,2.424145221710205,864692000
2017-03-06,2.387941947448856,2.41601807620336,2.3438576480078694,2.405427932739258,883568000
2017-03-07,2.405427692240396,2.451235947557968,2.3926210630228404,2.431779623031616,603400000
2017-03-08,2.4800508040820524,2.4948277746307346,2.425130219526073,2.427346706390381,638712000
2017-03-09,2.4113387278737766,2.4492658580200777,2.3987782431947826,2.426854372024536,478060000
2017-03-10,2.453206224061338,2.4650275650400766,2.4229136120978807,2.44113826751709,499740000
2017-03-13,2.451482103054784,2.5182242563516914,2.4507431958945807,2.5083730220794678,774136000
2017-03-14,2.5211805644448515,2.5305390407562243,2.474387008527805,2.506649971008301,522016000
2017-03-15,2.5182235126372543,2.536448161478955,2.4706910805679185,2.5256118774414062,615036000
2017-03-16,2.536203294594321,2.557137201154976,2.5221652299775994,2.5566444396972656,523100000
2017-03-17,2.5741302288646555,2.6135354060505707,2.556644244610251,2.6123039722442627,1119688000
2017-03-20,2.6297895252311907,2.6994870701088334,2.6137811232464347,2.6955463886260986,748568000
2017-03-21,2.678307574475925,2.7081076657861285,2.6004827328514044,2.608363628387451,913484000
2017-03-22,2.5972805313984235,2.6662394129479843,2.5933400842769565,2.66156005859375,616764000
2017-03-23,2.6536787795462105,2.6736276295999932,2.6278193765801605,2.6374242305755615,533940000
2017-03-24,2.6837249386411863,2.6916058315392983,2.6209232366280864,2.646782636642456,439500000
2017-03-27,2.600235172238444,2.6699327059592726,2.55097901030837,2.665992259979248,506644000
2017-03-28,2.6672240510589846,2.6817546383922886,2.641857177109499,2.652200937271118,432444000
2017-03-29,2.6595893187490485,2.6719034196699147,2.6413646654683514,2.6435811519622803,349992000
2017-03-30,2.6507231935062188,2.7090919250544463,2.645058786820256,2.694314956665039,525532000
2017-03-31,2.6847105525590536,2.706383364865729,2.6696874358581932,2.6827402114868164,440808000
2017-04-03,2.6832330004973897,2.7004726042867815,2.6455517831303115,2.6691949367523193,445232000
2017-04-04,2.5465470107707486,2.571667745156867,2.4711850424843904,2.4820213317871094,1271280000
2017-04-05,2.463303471690987,2.521179679221296,2.4504968435020804,2.463549852371216,747048000
2017-04-06,2.4687223659479125,2.493596721536381,2.423652775047763,2.4815289974212646,635120000
2017-04-07,2.487931181157205,2.505417159823295,2.455914617041259,2.470937728881836,429068000
2017-04-10,2.4716770788560987,2.4783265386303523,2.403703492444902,2.4078903198242188,756332000
2017-04-11,2.37784407548092,2.435720287237883,2.372918575364226,2.4165103435516357,618148000
2017-04-12,2.4165099938041656,2.4307942004343586,2.391389265716094,2.3965611457824707,414092000
2017-04-13,2.372426212469881,2.3940987902732824,2.351738452911377,2.351738452911377,506892000
2017-04-17,2.364544780272681,2.4440935636431433,2.359372899763019,2.443847417831421,497292000
2017-04-18,2.429562876195133,2.451482065887874,2.4037034746995816,2.4453248977661133,370116000
2017-04-19,2.4628111998558007,2.4869466443917414,2.4482806100187,2.454930305480957,380828000
2017-04-20,2.4694603055205904,2.4985214782539207,2.448280025279858,2.493842124938965,404016000
2017-04-21,2.4834983973706537,2.5068951664587122,2.471677057361909,2.5041861534118652,341896000
2017-04-24,2.535709717326124,2.5485163439223126,2.5147760523724303,2.535463571548462,371820000
2017-04-25,2.549994182316835,2.5940784687457343,2.5285677558602813,2.579547882080078,388440000
2017-04-26,2.5930941221637926,2.595556754994199,2.5598461127973993,2.561816453933716,327004000
2017-04-27,2.5692045586324985,2.6100870778876097,2.5512260490187284,2.6017136573791504,319700000
2017-04-28,2.594818261695914,2.601714103841039,2.5630478298347183,2.5687124729156494,348248000
2017-05-01,2.5795480408062277,2.6315134579593793,2.5724058199239215,2.6263413429260254,307732000
2017-05-02,2.5994963895089858,2.600727822863841,2.5258581780687974,2.548516035079956,629972000
2017-05-03,2.541620689966779,2.5770851789120606,2.5268439565815446,2.5674803256988525,336904000
2017-05-04,2.573637515423088,2.5847201840030736,2.549748218033873,2.557629346847534,209788000
2017-05-05,2.5460545289942593,2.5650180943256986,2.530538649760172,2.557875871658325,228428000
2017-05-08,2.569697407512665,2.571174987244706,2.519702319395996,2.531031370162964,365240000
2017-05-09,2.536695099364868,2.5842273070045736,2.528321445174524,2.53521728515625,847672000
2017-05-10,2.8147463369231915,3.000196047330052,2.8080968776533934,2.987143039703369,2129096000
2017-05-11,2.95660467620869,3.2122444879911485,2.953156755790905,3.1154558658599854,1939792000
2017-05-12,3.118657675017786,3.191803146669549,3.097723771589856,3.149688959121704,962620000
2017-05-15,3.1908178702766903,3.3102641139026403,3.186384662235067,3.3078012466430664,1087540000
2017-05-16,3.358780797856661,3.38488681050713,3.2844041454049164,3.369370937347412,1120700000
2017-05-17,3.3026300588414914,3.3213474781439447,3.141315977465027,3.145502805709839,1271368000
2017-05-18,3.1893402471947496,3.2861288694259905,3.129001404949158,3.2772626876831055,1156032000
2017-05-19,3.378344405140926,3.4076825960127173,3.333720635931605,3.3529508113861084,1018372000
2017-05-22,3.396588244938052,3.4387465497366225,3.385740309750181,3.4244472980499268,836608000
2017-05-23,3.4441704130277864,3.446389233983782,3.3458007246510424,3.3783440589904785,681248000
2017-05-24,3.4752345207913518,3.4779466221783353,3.404230836538623,3.416311502456665,815996000
2017-05-25,3.4515669891013774,3.452306674551503,3.363798584545197,3.4086689949035645,608228000
2017-05-26,3.4005328468514824,3.5817400124327925,3.3803165823265253,3.4969301223754883,779140000
2017-05-30,3.5427867669285837,3.6066407097447075,3.526761738739872,3.571632146835327,989652000
2017-05-31,3.6165019482286525,3.6241447363909933,3.5021072361841976,3.558811664581299,887316000
2017-06-01,3.574589931813173,3.5755762572691583,3.513694503815734,3.5590579509735107,503340000
2017-06-02,3.556100224950482,3.582233505559965,3.5353909126212373,3.5413079261779785,487456000
2017-06-05,3.5250362407501723,3.6618660618232344,3.5134488538862456,3.649045944213867,817376000
2017-06-06,3.6443613808282262,3.6904645196567025,3.619214427939358,3.6325275897979736,758728000
2017-06-07,3.656935523273544,3.6951492374650847,3.6414035384616446,3.6764121055603027,612612000
2017-06-08,3.783410457164528,3.944648014346257,3.742238238657703,3.943168878555298,1161744000
2017-06-09,4.061507773543877,4.154206851212726,3.5193649776751523,3.6882452964782715,3692928000
2017-06-12,3.596533208786882,3.740019738062884,3.503587467718268,3.6973681449890137,1697532000
2017-06-13,3.806584086555218,3.815706244109395,3.590861213092994,3.7326221466064453,1672504000
2017-06-14,3.7355814453238203,3.7982026555501305,3.6611262093365955,3.7405121326446533,1184640000
2017-06-15,3.623158946445584,3.7868617173313996,3.6118179657780725,3.756537437438965,963824000
2017-06-16,3.766151138494376,3.8139800360620435,3.7040229937219897,3.7380454540252686,924960000
2017-06-19,3.782177570386992,3.8837524143273754,3.7784796135025065,3.878575086593628,778176000
2017-06-20,3.9207334552478024,3.9875459067081622,3.868713536914892,3.8729045391082764,1095444000
2017-06-21,3.900516818004549,3.935278973646364,3.8386350600634325,3.9315807819366455,682652000
2017-06-22,3.9397165843861486,3.9530299803879188,3.8805469282153835,3.90446138381958,469132000
2017-06-23,3.912104742758777,3.927883367062651,3.7774935084634222,3.7925326824188232,1088588000
2017-06-26,3.8253215240536282,3.860823361580767,3.656934494717069,3.751112937927246,1063960000
2017-06-27,3.7336087130082625,3.742237591428163,3.6081196630174825,3.6137900352478027,999492000
2017-06-28,3.6813423648979913,3.7459359892085193,3.5933273299299984,3.7412517070770264,994948000
2017-06-29,3.7128994309976804,3.715857702088831,3.552154945746605,3.616255521774292,1064424000
2017-06-30,3.6335134743351345,3.647073275603063,3.5378558854453286,3.5639891624450684,731060000
2017-07-03,3.5760696175737685,3.5908619144048175,3.416557853152628,3.4350483417510986,709072000
2017-07-05,3.498409435323804,3.5556069152935326,3.4794259004335344,3.526761770248413,820188000
2017-07-06,3.4976694969713695,3.584205155151183,3.4456493519576927,3.5373623371124268,746284000
2017-07-07,3.594067097222369,3.6364720424155044,3.5711387312477956,3.618227958679199,654972000
2017-07-10,3.691697834064523,3.7967240098318955,3.6655645514512565,3.78932785987854,958492000
2017-07-11,3.7930246886402927,3.8507152018204374,3.7511127954416708,3.8430724143981934,757956000
2017-07-12,3.902735437994072,4.018609284166019,3.859837450895551,4.006528854370117,1145208000
2017-07-13,4.018609781247791,4.0999681237807755,3.913830261553631,3.9601798057556152,1369132000
2017-07-14,3.9764501781499373,4.068163146180942,3.969547076805588,4.066684246063232,941948000
2017-07-17,4.100707012508297,4.129552387059989,3.9877914453789183,4.049426555633545,930792000
2017-07-18,3.9885318991083487,4.106132005560571,3.9766978728974585,4.091586112976074,776640000
2017-07-19,4.100708790422489,4.127088715572717,4.058304068230077,4.070384502410889,687044000
2017-07-20,4.090847033996994,4.129800199957151,4.041045930695615,4.12955379486084,699596000
2017-07-21,4.109091500190759,4.1739317883539035,4.094792008409364,4.144346714019775,648332000
2017-07-24,4.151495382262104,4.16111035204074,4.085669024142947,4.0962700843811035,652524000
2017-07-25,4.073341522487603,4.090846155580368,4.0329089941540825,4.076546669006348,496556000
2017-07-26,4.133990423259096,4.189462121833369,4.088873379053538,4.123635768890381,640404000
2017-07-27,4.148536634363002,4.1601242552817865,3.884491752001227,3.9875457286834717,782856000
2017-07-28,3.9517972947574473,4.077286594312323,3.9268969821075874,4.0528788566589355,513348000
2017-07-31,4.066438193290225,4.1024330776482305,3.9599329108716357,4.006528854370117,559672000
2017-08-01,3.997160537931892,4.057069880558753,3.9693017202164262,4.055344104766846,431384000
2017-08-02,4.086408754079938,4.090353115961001,3.975958627352933,4.0528788566589355,478444000
2017-08-03,4.052386203027276,4.108104313777483,4.0353748486019745,4.104406356811523,442420000
2017-08-04,4.127086714185362,4.19291305746018,4.10440522801529,4.122402667999268,589096000
2017-08-07,4.15149453776515,4.249617336987724,4.141879099703831,4.249124526977539,717412000
2017-08-08,4.287092404837844,4.303610477857931,4.159384522329569,4.19858455657959,755336000
2017-08-09,4.152480102172168,4.245672438298626,4.133742978909622,4.243206977844238,530784000
2017-08-10,4.244440891265307,4.256768197656512,4.051399928541747,4.0615081787109375,1328088000
2017-08-11,3.8741363921788325,3.919992881806947,3.769849938952071,3.8450446128845215,1497196000
2017-08-14,3.936512093213958,4.155439938462175,3.9249247068549793,4.151741981506348,1279020000
2017-08-15,4.156919200230081,4.183052243779031,4.0824639612636044,4.116733074188232,764532000
2017-08-16,4.131769493325288,4.155190654884965,4.0393168715667995,4.071613311767578,596632000
2017-08-17,4.063235201242028,4.080246089875364,3.9786716873837995,3.9808902740478516,525444000
2017-08-18,4.035126727793906,4.052138074985962,3.9357707450653354,3.9816272258758545,601204000
2017-08-21,4.0060361717191615,4.0173769165480335,3.8798074323025435,3.923691511154175,623672000
2017-08-22,3.960212121234989,4.016966248418415,3.9409650141570314,4.011044025421143,450456000
2017-08-23,3.9777312249130286,4.102343559017083,3.9690942791568165,4.0912394523620605,579520000
2017-08-24,4.123317814991696,4.1277598342767945,4.049784463959073,4.0761871337890625,469700000
2017-08-25,4.100369063543062,4.110486210280681,4.035718349714156,4.0421342849731445,357200000
2017-08-28,4.061134433891674,4.073965833461297,4.005613909729603,4.070757865905762,389496000
2017-08-29,4.012030501412811,4.085810943349243,4.003887270231886,4.064095973968506,324096000
2017-08-30,4.083838180009578,4.099384312024374,4.053487194110327,4.088280200958252,384400000
2017-08-31,4.108511560181477,4.185006239980562,4.1011091376976125,4.181058406829834,612684000
2017-09-01,4.193643947450947,4.241761584966242,4.185007001893187,4.206228256225586,445432000
2017-09-05,4.154902648327941,4.159837911314532,4.035965916658152,4.093953609466553,695364000
2017-09-06,4.126772683932748,4.140591043770432,4.056693455625134,4.091485977172852,397672000
2017-09-07,4.108265974556037,4.142811876601377,4.070265482306162,4.11048698425293,352868000
2017-09-08,4.09889051595403,4.113695840197598,4.014992894152529,4.039175033569336,498856000
2017-09-11,4.084823518811162,4.1808121630952115,4.079394541759088,4.170201301574707,567444000
2017-09-12,4.194878964163865,4.194878964163865,4.1201115398196215,4.185255527496338,411488000
2017-09-13,4.160086332267157,4.232879845514355,4.1277614282272586,4.204009532928467,580960000
2017-09-14,4.165019421191666,4.258047190436093,4.140590671717259,4.180071830749512,513712000
2017-09-15,4.2654500058805205,4.44434928894043,4.260268120930441,4.44434928894043,1364792000
2017-09-18,4.568469884983056,4.718005202703507,4.561560702768155,4.627938270568848,1684460000
2017-09-19,4.577599611482914,4.684692395564746,4.555638015591068,4.623003005981445,874280000
2017-09-20,4.626704800639779,4.674082118485116,4.545521437016004,4.585742950439453,724920000
2017-09-21,4.482105075344215,4.50826160389845,4.382661789601213,4.460390567779541,1075600000
2017-09-22,4.4490385055449515,4.498636822570755,4.407089705956855,4.416959762573242,491232000
2017-09-25,4.386115591162519,4.3873496425438665,4.198826879345181,4.219554424285889,874580000
2017-09-26,4.3540357397041225,4.409062550954901,4.203513530023849,4.243241310119629,1125620000
2017-09-27,4.333556554946413,4.3495959289377035,4.262736969751906,4.336270809173584,713720000
2017-09-28,4.343424705117348,4.347373009037819,4.2876575596610795,4.33503532409668,435244000
2017-09-29,4.418933486166986,4.434972384589237,4.373776724939129,4.41128396987915,619092000
2017-10-02,4.461376193978597,4.49049359050854,4.367608538186016,4.416959762573242,503480000
2017-10-03,4.4231284173264385,4.455947495502793,4.381919956113937,4.426089763641357,390332000
2017-10-04,4.432257656898726,4.485310550686096,4.39573737431475,4.463102340698242,427848000
2017-10-05,4.487532518252558,4.490987108514947,4.430777930245663,4.460635662078857,437364000
2017-10-06,4.432999126532874,4.487038992476936,4.41695975507425,4.4737138748168945,318800000
2017-10-09,4.510480873474691,4.607703591995316,4.491727247865102,4.5746378898620605,563492000
2017-10-10,4.723678585066305,4.761185829294825,4.620780756034623,4.661989212036133,974876000
2017-10-11,4.678520786737713,4.713067148014041,4.632624170716356,4.7115864753723145,529508000
2017-10-12,4.7150421169046925,4.764640425601471,4.686665061750541,4.713808536529541,528292000
2017-10-13,4.775992957846273,4.8117729207262805,4.729109355437377,4.8016557693481445,628728000
2017-10-16,4.831513104326579,4.8870336505873215,4.768343039663124,4.884072303771973,576640000
2017-10-17,4.863344570746329,4.908007628046101,4.84508465848386,4.8796305656433105,478596000
2017-10-18,4.88851384839967,4.889253714378823,4.770316963661443,4.8754353523254395,567316000
2017-10-19,4.7979539723186315,4.8857994136257155,4.748849365587751,4.88086462020874,570772000
2017-10-20,4.897889513614839,4.92503251672255,4.849771409043685,4.858654975891113,451620000
2017-10-23,4.880370239666877,4.906773381119188,4.8315122616098165,4.851746559143066,428696000
2017-10-24,4.860876651927827,4.904306125975059,4.83496722308686,4.902578830718994,407244000
2017-10-25,4.863099326199075,4.915905631230929,4.717265667494461,4.778707981109619,828160000
2017-10-26,4.806342981512302,4.840395168035618,4.782407472703444,4.828797817230225,322744000
2017-10-27,4.880864975216326,4.981295206009991,4.8549550722924,4.981048583984375,572192000
2017-10-30,4.981047815313874,5.085425865020742,4.965255065709937,5.029905796051025,504056000
2017-10-31,5.061737245814479,5.129842093237851,5.05606164575727,5.103192329406738,411908000
2017-11-01,5.165869245370323,5.181168281445407,5.048659313449115,5.112816333770752,502576000
2017-11-02,5.08320436298313,5.1278674082086475,5.025216202511187,5.081723690032959,342308000
2017-11-03,5.112815475339216,5.149582386016846,5.066918845472598,5.149582386016846,353640000
2017-11-06,5.112815097434211,5.181413650526231,5.1004774110165,5.17277717590332,389944000
2017-11-07,5.195478631552166,5.253466787894444,5.183387568176141,5.231998443603516,427700000
2017-11-08,5.227557565489611,5.231259248075691,5.11380271815011,5.161180019378662,522988000
2017-11-09,5.065191742967513,5.0913477917094525,4.944280614060956,5.066425323486328,978564000
2017-11-10,5.257911550850918,5.395849065365604,5.222131582690893,5.333419322967529,1253256000
2017-11-13,5.333419461410944,5.358835184632693,5.2315085344849885,5.24680757522583,582376000
2017-11-14,5.255934905067065,5.300351333272847,5.212258813418393,5.285052299499512,529292000
2017-11-15,5.230025482309857,5.231259533456734,5.127621357791847,5.1814141273498535,501948000
2017-11-16,5.255440895626243,5.285545244198986,5.212751768720923,5.221634864807129,441768000
2017-11-17,5.27863558282816,5.313921812670924,5.200413608068747,5.215465545654297,515664000
2017-11-20,5.231012915014764,5.294676687560919,5.194246000338361,5.282585620880127,396100000
2017-11-21,5.322311782152527,5.342792696773642,5.290480140949983,5.331194877624512,399176000
2017-11-22,5.358358777921161,5.358358777921161,5.274649684699717,5.307244300842285,356640000
2017-11-24,5.323541324645499,5.358358491793912,5.299095128354143,5.357370376586914,180752000
2017-11-27,5.366014192224124,5.367248629963366,5.284527172043773,5.2877373695373535,422896000
2017-11-28,5.292922347313325,5.302305674561015,5.142048731365669,5.20304012298584,512752000
2017-11-29,5.185756522647519,5.1884726629049105,4.722023731378043,4.850180149078369,1396788000
2017-11-30,4.918824437844286,5.004755602315434,4.855857766217551,4.95611047744751,823768000
2017-12-01,4.921541315397551,4.941789672100705,4.752641893589117,4.88129186630249,811548000
2017-12-04,4.939813234896601,4.945986835177047,4.555839129019398,4.609175682067871,1240844000
2017-12-05,4.503984534332593,4.758321553039635,4.459043655943532,4.635844707489014,981488000
2017-12-06,4.585471052136598,4.695107578798248,4.564235050733378,4.673377990722656,467032000
2017-12-07,4.740049515972733,4.780546239178378,4.694614570041799,4.740790367126465,542600000
2017-12-08,4.790668978299987,4.809682898113768,4.72004746235049,4.728443145751953,466876000
2017-12-11,4.742517713464227,4.809682707027843,4.726714462613752,4.8067193031311035,372748000
2017-12-12,4.763260014025102,4.7864713030833475,4.688934247785812,4.712392330169678,455016000
2017-12-13,4.753383500010347,4.75461793784421,4.589916331395567,4.597324371337891,554280000
2017-12-14,4.590903864201869,4.675353821963455,4.558309242815931,4.604485034942627,438164000
2017-12-15,4.648438809323871,4.750420516997268,4.583496359015741,4.730172157287598,670036000
2017-12-18,4.770668021901644,4.889687882002822,4.741036806785302,4.886724948883057,477704000
2017-12-19,4.877341701368436,4.882527187648366,4.8141277506400355,4.842524528503418,373100000
2017-12-20,4.881785084824168,4.890921146319655,4.804002339590581,4.859561443328857,288820000
2017-12-21,4.863020311197797,4.887960101443575,4.8286971915643235,4.837092876434326,300904000
2017-12-22,4.800300267489768,4.831166394904991,4.722517494529083,4.821783065795898,466276000
2017-12-26,4.766471454436746,4.8830219992757184,4.736592967004071,4.875367164611816,355080000
2017-12-27,4.862031403609721,4.9378383991714205,4.847462591054052,4.8686981201171875,329488000
2017-12-28,4.892403052104695,4.923269169804726,4.868204121327296,4.874377250671387,240248000
2017-12-29,4.900551558430201,4.900551558430201,4.778074741363525,4.778074741363525,279964000
2018-01-02,4.8343745490267915,4.9262325212577105,4.802768051762325,4.922528266906738,355616000
2018-01-03,5.039820025695842,5.276872071724263,5.031177549791746,5.246499538421631,914704000
2018-01-04,5.327739439924537,5.384286195923432,5.2519319720719775,5.274155616760254,583268000
2018-01-05,5.288971564597203,5.356136083669661,5.212176454343494,5.318850040435791,580124000
2018-01-08,5.4423143725652325,5.555901465342016,5.397373027882378,5.481822967529297,881216000
2018-01-09,5.4872563701388914,5.526764973194895,5.3988558354776055,5.480342388153076,497000000
2018-01-10,5.3879915576518975,5.526765745443234,5.333667338604159,5.523308753967285,582664000
2018-01-11,5.555902717307759,5.587262901229736,5.511702213580045,5.5331854820251465,406032000
2018-01-12,5.521331161491889,5.555654268535847,5.465525263383712,5.506021499633789,359916000
2018-01-16,5.532445203405531,5.6178823443928865,5.350705418420513,5.435154914855957,702348000
2018-01-17,5.449721377010482,5.5588638240049875,5.355888591405077,5.548986911773682,538408000
2018-01-18,5.529727947419653,5.59639889218761,5.4986150282531545,5.542074680328369,408632000
2018-01-19,5.632203554862957,5.706282066340805,5.605288478534328,5.6820831298828125,609380000
2018-01-22,5.6899855299239634,5.772212943175593,5.632451114182872,5.770484447479248,550944000
2018-01-23,5.8238200022750926,5.92209791736987,5.805300610615454,5.899380683898926,475228000
2018-01-24,5.902589462007986,5.938394272835507,5.767025521047098,5.822584629058838,579972000
2018-01-25,5.876910858307916,5.920123722121505,5.8213522020872075,5.836167812347412,409884000
2018-01-26,5.879872543227689,6.008769303849789,5.867032225829724,6.0085225105285645,516356000
2018-01-29,5.9939537105676886,6.12655472618599,5.94135800327913,6.0954413414001465,455116000
2018-01-30,5.95370478502649,6.0848241102499605,5.8870338459000475,5.993460178375244,570832000
2018-01-31,6.068773900387158,6.155199143875029,6.0361792801898755,6.069514751434326,478576000
2018-02-01,5.8897486775111245,6.09667543038426,5.878390063502736,5.938640594482422,519224000
2018-02-02,5.8522170708127845,5.8761692122464035,5.70825742887083,5.766285419464111,718464000
2018-02-05,5.605287154203702,5.759123684891656,5.062043295116447,5.276871681213379,1165204000
2018-02-06,5.047228677775093,5.573187218233309,5.037351292123833,5.570224285125732,1114800000
2018-02-07,5.668996165660121,5.802090790643219,5.5978805855485,5.649735450744629,802932000
2018-02-08,5.77517587039458,5.80826407928095,5.370952820335988,5.371200084686279,1144000000
2018-02-09,5.883082503165837,5.8988857527203,5.371198794069494,5.730727195739746,1674604000
2018-02-12,5.811720959806684,5.814684364116072,5.556643531879623,5.6307220458984375,1093172000
2018-02-13,5.594423900668512,5.790485696666716,5.562076071001941,5.744309902191162,625524000
2018-02-14,5.704059091960149,5.99024985565589,5.692947269878567,5.961359024047852,744988000
2018-02-15,6.044574880316106,6.132975411384869,5.963829181989082,6.086799621582031,698900000
2018-02-16,6.05963864999211,6.1732257782414734,6.01198115105651,6.021117687225342,637656000
2018-02-20,6.043587059178459,6.219400471784907,6.0398828041022865,6.15050745010376,686240000
2018-02-21,6.214954653955677,6.2218686341425675,5.959876824976251,5.96358060836792,892292000
2018-02-22,5.997433245034983,6.069086919541259,5.917625614895713,5.983102321624756,534364000
2018-02-23,6.04289490180953,6.076498031616211,5.992243024770804,6.076498031616211,415300000
2018-02-26,6.122704291071825,6.127151689191651,6.03029530379537,6.092560291290283,469312000
2018-02-27,6.065873456547653,6.150128938266392,6.056731715809551,6.079710483551025,455436000
2018-02-28,6.090582207639398,6.130115361349495,5.967782295909265,5.979395389556885,523116000
2018-03-01,5.977172416750529,6.031036500508648,5.636445740093333,5.737502574920654,1040120000
2018-03-02,5.630021027743416,5.850913006314892,5.481524503696904,5.844488620758057,913428000
2018-03-05,5.79432989276352,5.86203051741551,5.671035629274928,5.822497367858887,620776000
2018-03-06,5.907743085257129,6.002622966336658,5.864750779051994,5.9833502769470215,636808000
2018-03-07,5.8805620802642675,6.027576438597915,5.879326875382771,5.975441932678223,581208000
2018-03-08,6.002868183974079,6.002868183974079,5.914906608712613,5.959134578704834,411912000
2018-03-09,6.006574364726223,6.074521945773585,5.9905143444255415,6.061674118041992,505524000
2018-03-12,6.1029366088716035,6.251185699554829,6.094782654396949,6.171131134033203,605060000
2018-03-13,6.213875849328938,6.28824780511237,6.07921591098693,6.120478630065918,619772000
2018-03-14,6.1634705457422845,6.190649761224744,6.0836629398698125,6.145927906036377,505496000
2018-03-15,6.159518522086137,6.241796550769239,6.11874969218862,6.1607537269592285,401952000
2018-03-16,6.177060458869331,6.2079457611636775,6.1395038257144074,6.188920497894287,399456000
2018-03-19,6.132091436720975,6.160999750634975,5.855853295283005,5.954686164855957,713772000
2018-03-20,5.957650839295235,6.2054745560434075,5.957650839295235,6.166682720184326,554696000
2018-03-21,6.160257333454003,6.2264757918893485,6.111088089813444,6.1414794921875,438688000
2018-03-22,6.078227892491126,6.124679321622564,5.938379240415697,5.975688457489014,551196000
2018-03-23,5.989278416009644,5.991749297014705,5.7451612164869434,5.756279945373535,735620000
2018-03-26,5.8805626821817985,6.041907507254022,5.828675588945288,6.040672302246094,611424000
2018-03-27,6.1214667902168935,6.177060428326292,5.43210709147728,5.572202682495117,1409000000
2018-03-28,5.537858501727341,5.667823629263365,5.361688892153834,5.469169616699219,945904000
2018-03-29,5.537363877539234,5.81879073560349,5.453108871312396,5.722181797027588,916628000
2018-04-02,5.651762840023259,5.797788437471191,5.374042092264422,5.461756229400635,922092000
2018-04-03,5.628537141413006,5.691542944931062,5.46916888314603,5.568001747131348,667432000
2018-04-04,5.31251870810874,5.600369939066566,5.287563426422367,5.589992523193359,789168000
2018-04-05,5.648304155360375,5.661399398934045,5.3985039130729096,5.469910621643066,701240000
2018-04-06,5.367370911236592,5.475345988736697,5.264584541555635,5.293740272521973,662988000
2018-04-09,5.3567469184188905,5.484488578032637,5.30238848463379,5.322402477264404,499524000
2018-04-10,5.552436743111283,5.658187905325075,5.495360475784139,5.631256103515625,761676000
2018-04-11,5.616430427510846,5.657693144322585,5.557377652942625,5.589992523193359,460244000
2018-04-12,5.682895919574601,5.81434367122385,5.638667953244426,5.796553611755371,593920000
2018-04-13,5.860055372774609,5.868456275733375,5.671778724151953,5.719959735870361,503036000
2018-04-16,5.7266291042846555,5.75306700922149,5.625572299221727,5.719710826873779,350792000
2018-04-17,5.771844745813504,5.890444179180896,5.716251114149959,5.869194984436035,447224000
2018-04-18,5.818790588362269,5.9114464924525745,5.7513373842584405,5.840286731719971,391364000
2018-04-19,5.726135671923989,5.759491859702497,5.603830121341837,5.659176349639893,471996000
2018-04-20,5.650527592750426,5.734782597827774,5.619889708986493,5.651021957397461,386200000
2018-04-23,5.668812361040737,5.719958133507901,5.505737995704806,5.531681537628174,427508000
2018-04-24,5.557378724363307,5.6532463663324855,5.40023436206555,5.465464115142822,414596000
2018-04-25,5.435814101385799,5.474853363683221,5.196144285664577,5.353288650512695,588492000
2018-04-26,5.5148796816834365,5.572944202692886,5.44890862482424,5.56479024887085,375824000
2018-04-27,5.670542920771416,5.69030949968004,5.549966459538119,5.592217445373535,400848000
2018-04-30,5.608523949501842,5.658187570873458,5.537611601019302,5.556883811950684,327844000
2018-05-01,5.548732483265342,5.614950513709124,5.490173573808632,5.612232685089111,253788000
2018-05-02,5.608772192633306,5.653246640850052,5.565532478120005,5.591723442077637,268248000
2018-05-03,5.623596617480026,5.782964910804997,5.578380389642029,5.756773948669434,443144000
2018-05-04,5.728113020450745,5.909965732782992,5.710817323017908,5.9067535400390625,400660000
2018-05-07,6.011269041796054,6.201522641365676,6.001385517587172,6.14444637298584,687616000
2018-05-08,6.144692086179353,6.189661358266512,6.095769782220099,6.186943531036377,506616000
2018-05-09,6.206958841101183,6.322099174849618,6.17977961841624,6.319875240325928,596760000
2018-05-10,6.3727503800306735,6.436497507612215,6.35496031956407,6.427355766296387,994080000
2018-05-11,6.245750302554876,6.4189551572692665,6.190404073614181,6.288989543914795,1214456000
2018-05-14,6.327039036259138,6.386833119690314,6.28577632113989,6.30949592590332,523140000
2018-05-15,6.245996601499489,6.248714900336522,5.967040608795675,6.067356109619141,963528000
2018-05-16,6.028811375794899,6.140492554509258,5.991996051165664,6.078474998474121,553828000
2018-05-17,6.080204169037876,6.214122796023594,6.064143679711127,6.120478630065918,519784000
2018-05-18,6.172366186643895,6.23561894338696,6.071803271734639,6.07674503326416,483716000
2018-05-21,6.174096164127108,6.177802249883042,5.942085487595203,6.034741401672363,640624000
2018-05-22,6.048082498554958,6.073284723460579,5.936153930726555,5.996689319610596,518264000
2018-05-23,5.940569107741316,6.121298314830051,5.939827337789846,6.120061874389648,442956000
2018-05-24,6.116353004341286,6.16604734301879,6.063197387211172,6.123769760131836,437372000
2018-05-25,6.136377433061832,6.179396303956652,6.100775787742008,6.163078784942627,292112000
2018-05-29,6.1450315432003935,6.21401047810902,6.0992931575786455,6.146020412445068,352684000
2018-05-30,6.17964535461682,6.2634578073337,6.154921735010483,6.254804611206055,390996000
2018-05-31,6.222909980268595,6.309442394267159,6.2122790477876615,6.235024452209473,493868000
2018-06-01,6.2797751018175765,6.375455397753894,6.271121906004706,6.369274139404297,421968000
2018-06-04,6.403393677281278,6.570030203696023,6.371253298271034,6.5480265617370605,642024000
2018-06-05,6.551239579835776,6.591044753875298,6.506490059090202,6.553464889526367,391712000
2018-06-06,6.463470886733961,6.558656512108603,6.4471533644287025,6.5554423332214355,371356000
2018-06-07,6.551733682992139,6.563601057186747,6.409573235207362,6.499814510345459,369448000
2018-06-08,6.427126494753319,6.527009352109651,6.408336566259085,6.484485149383545,360456000
2018-06-11,6.471877203081521,6.513412544338041,6.4305889612666265,6.443445205688477,265372000
2018-06-12,6.469898239308541,6.504016346781444,6.419709239896668,6.491901874542236,319160000
2018-06-13,6.493387148700687,6.568299311392896,6.478305593439592,6.487453460693359,338208000
2018-06-14,6.53244910381306,6.655572041586089,6.51761465130932,6.598955154418945,430016000
2018-06-15,6.541844689144236,6.613048469734068,6.510940281947076,6.558162212371826,432260000
2018-06-18,6.514155144658017,6.5715138172033205,6.486959584133824,6.55396032333374,356268000
2018-06-19,6.450861045769104,6.518109337887466,6.3049927016297485,6.432318687438965,594932000
2018-06-20,6.473361638616656,6.538137068572519,6.435039999489939,6.485229015350342,369780000
2018-06-21,6.5171198631193095,6.535415120342882,6.348999855790934,6.356664180755615,359516000
2018-06-22,6.377434929876134,6.390785848064273,6.189041836043526,6.204370021820068,434160000
2018-06-25,6.098056287817744,6.101764664828243,5.823377972128069,5.911888122558594,665816000
2018-06-26,6.02512384662331,6.073334649697153,5.931421277708338,5.982846260070801,478884000
2018-06-27,6.0263596326929845,6.092618597476486,5.822390348807067,5.827829837799072,453892000
2018-06-28,5.817939364650027,5.966775268239401,5.810275038522449,5.9549078941345215,338012000
2018-06-29,6.019930849915605,6.032539522219198,5.8557662949112945,5.8570027351379395,392300000
2018-07-02,5.787530159257591,5.99273540122519,5.7670095879044485,5.98902702331543,357572000
2018-07-03,6.023639820092612,6.029573507698457,5.8471136748373285,5.855519771575928,222732000
2018-07-05,5.910654104559699,6.006086849349894,5.871838265044366,6.001142501831055,306216000
2018-07-06,5.976663683229958,6.12327425896357,5.955401346587171,6.1148681640625,296352000
2018-07-09,6.189040564563735,6.198682630405443,6.083718195534143,6.162338733673096,303880000
2018-07-10,6.174698540714243,6.283234577958508,6.134399181102936,6.261230945587158,360016000
2018-07-11,6.168520827412046,6.203133617971721,6.109183941361311,6.119815349578857,367508000
2018-07-12,6.165056829491698,6.259253092482257,6.155167195656722,6.211289405822754,345508000
2018-07-13,6.2298320106434515,6.2298320106434515,6.122037269203718,6.164067268371582,246988000
2018-07-16,6.136378288269043,6.1892868006375465,6.124016715484966,6.136378288269043,197036000
2018-07-17,6.0871782461174275,6.287191537048126,6.061712860753229,6.2721099853515625,362136000
2018-07-18,6.264694270450621,6.27853938430519,6.1719810502626435,6.222911357879639,277640000
2018-07-19,6.2041206336081025,6.2646934705515,6.18903955289805,6.231069087982178,235752000
2018-07-20,6.228598117488264,6.2674139515510445,6.192007121605458,6.202885627746582,222352000
2018-07-23,6.176430833249131,6.178161472378731,6.014738681218389,6.166294097900391,301584000
2018-07-24,6.214258822618776,6.300791264976543,6.131434758562498,6.148988723754883,354620000
2018-07-25,6.158382832475902,6.239723345249112,6.100529498278359,6.227114200592041,319112000
2018-07-26,6.207088315757086,6.337380924614669,6.190276122839303,6.300542831420898,325124000
2018-07-27,6.3371342789732275,6.344056836184781,6.176925650601559,6.230823040008545,295420000
2018-07-30,6.244914405227425,6.250848091806308,6.000892900416597,6.03575325012207,340340000
2018-07-31,6.025369543202064,6.12846658338702,5.986553716003607,6.053801536560059,283988000
2018-08-01,6.085200847788866,6.140334197694458,6.029819926903251,6.093606472015381,283556000
2018-08-02,6.022403737369431,6.20016586196513,5.963561999832719,6.1962103843688965,269668000
2018-08-03,6.220687436887935,6.256536669872164,6.203875711267446,6.232801914215088,214288000
2018-08-06,6.22019135556885,6.283977902639579,6.173711199442598,6.280516624450684,207508000
2018-08-07,6.329223065931543,6.3712530810900025,6.3025217055626666,6.352710247039795,258132000
2018-08-08,6.353945411950338,6.434049476976423,6.319085060697001,6.389052391052246,262100000
2018-08-09,6.406854687899559,6.409574196651297,6.3329313948633015,6.340595722198486,204280000
2018-08-10,6.2587603984752835,6.331694815070367,6.247634793517938,6.299306869506836,256396000
2018-08-13,6.307959184277792,6.452839127921763,6.306228545338702,6.332188129425049,375208000
2018-08-14,6.437511348221425,6.477563620207169,6.3544401963372685,6.463470935821533,466220000
2018-08-15,6.484238823873163,6.518110310173274,6.3267501822412875,6.405371189117432,591136000
2018-08-16,6.4750900241049045,6.4775624326941035,6.304744703349716,6.364822864532471,801260000
2018-08-17,6.253569607926439,6.254311377932448,6.025865550201098,6.052814483642578,1143188000
2018-08-20,6.012266602031291,6.2599960342789815,5.901999427630956,6.127478122711182,854388000
2018-08-21,6.143795822264557,6.267413442545277,6.124017021882193,6.26296329498291,673988000
2018-08-22,6.230327431510983,6.502780453475233,6.2268661536883085,6.497835636138916,749856000
2018-08-23,6.459268718574575,6.662496240996871,6.44542360340671,6.597226142883301,720684000
2018-08-24,6.6056309993149815,6.7448243663700636,6.601180851927682,6.7302374839782715,531512000
2018-08-27,6.759904840909922,6.89538981824328,6.728506241032562,6.821219444274902,505776000
2018-08-28,6.815287517358268,6.838033400094436,6.663732080296084,6.783641338348389,475384000
2018-08-29,6.775971957096754,6.914004818889428,6.755192928225578,6.8890204429626465,420108000
2018-08-30,6.8578514316187205,6.968921097221528,6.835340816995856,6.872199058532715,346608000
2018-08-31,6.852162050917383,6.956057664812607,6.8422670058694015,6.943194389343262,306592000
2018-09-04,6.9300826494256444,7.055499453577627,6.901635105757006,7.017899513244629,391720000
2018-09-05,7.0003365746425885,7.035710463506061,6.806398036419235,6.8872880935668945,393156000
2018-09-06,6.87096102061144,6.873434781597428,6.7133862675594225,6.746286392211914,322796000
2018-09-07,6.654265009196987,6.8504300666467355,6.609491018149843,6.725013256072998,295420000
2018-09-10,6.747526081519827,6.825695165561465,6.7037414861977815,6.796010494232178,220140000
2018-09-11,6.749752007112938,6.837321196072162,6.728972973493155,6.748268127441406,243112000
2018-09-12,6.708438941066819,6.727981323150419,6.479126528204106,6.634475231170654,419092000
2018-09-13,6.700276232050866,6.8026874906289745,6.68296037574801,6.7121500968933105,305536000
2018-09-14,6.802440684590151,6.904109774042702,6.7655824430713984,6.838061809539795,386936000
2018-09-17,6.81258362066938,6.861562967081699,6.756925165241341,6.776219844818115,205528000
2018-09-18,6.780177613294013,6.882836117583296,6.697555963212411,6.704234600067139,299520000
2018-09-19,6.685682284622454,6.74579332075343,6.63571352908889,6.727982521057129,224860000
2018-09-20,6.606029218937643,6.648329457651943,6.533054902174709,6.586981773376465,430584000
2018-09-21,6.598854869429416,6.644371040128891,6.483827562009334,6.516974925994873,435128000
2018-09-24,6.486053508190043,6.576096437906463,6.398979280763885,6.572633266448975,293912000
2018-09-25,6.638681915425343,6.664655704036087,6.553091558492672,6.639671325683594,280388000
2018-09-26,6.6446175735390725,6.684938982710271,6.5869803086173615,6.602811813354492,268548000
2018-09-27,6.6379397584529185,6.659213730441383,6.583271184911978,6.614686965942383,214428000
2018-09-28,6.7465350761777785,6.973868223417912,6.718581997625121,6.951604843139648,709396000
2018-10-01,7.029279494349549,7.224701923867471,6.990689666354365,7.157912254333496,622060000
2018-10-02,7.130453550034417,7.2420172061980805,7.064405589517653,7.086668968200684,383964000
2018-10-03,7.156921737200125,7.164343020632747,6.988957460357177,7.09285306930542,320552000
2018-10-04,7.056736601494195,7.080978798767862,6.831876774863411,6.908809185028076,391220000
2018-10-05,6.884072409171846,6.946162256589947,6.618148985182396,6.675539016723633,426636000
2018-10-08,6.592422694508517,6.707697231251956,6.43361080939942,6.57436466217041,408612000
2018-10-09,6.553833901990986,6.6483294254898,6.5008969131554855,6.568676471710205,273500000
2018-10-10,6.462800430668301,6.508564304974288,6.075418298363033,6.0776448249816895,684940000
2018-10-11,5.99057191515012,6.123904993717112,5.794902206362909,5.816423416137695,725436000
2018-10-12,6.073191166508047,6.172881412910289,5.928231994795029,6.09867000579834,608236000
2018-10-15,6.085313590991073,6.085313590991073,5.821616676578489,5.822606086730957,449760000
2018-10-16,5.935160879579813,6.0922412160191906,5.88593429342707,6.081109523773193,408712000
2018-10-17,6.143197684617434,6.1812930397813375,5.963606778855773,6.0125861167907715,329668000
2018-10-18,6.081850186742388,6.120192305746902,5.864906095134859,5.925264358520508,524020000
2018-10-19,5.980428804861731,5.999970717753412,5.6326258798969935,5.668989181518555,613608000
2018-10-22,5.721183256831157,5.8211207425069444,5.61704042485852,5.719698905944824,368844000
2018-10-23,5.45278760002083,5.545799241394186,5.360765840725064,5.468372344970703,626436000
2018-10-24,5.430030355210597,5.4765359451811015,4.9189628629854765,4.9328155517578125,884288000
2018-10-25,4.835349841273153,5.188594678123856,4.791070324510031,5.1413469314575195,951720000
2018-10-26,4.905603874712344,5.067136769292304,4.777218817229926,4.905109405517578,664784000
2018-10-29,5.046110572330848,5.049573744027559,4.353967871259537,4.591691017150879,758016000
2018-10-30,4.614697529991303,5.031516752039758,4.5916919681746675,5.0216217041015625,807192000
2018-10-31,5.186122279178459,5.258849356854251,5.046605057013986,5.2153120040893555,745772000
2018-11-01,5.251675563438202,5.404798245307036,5.125269318126723,5.395398139953613,566528000
2018-11-02,5.385997495650858,5.491624699134181,5.1999746995702925,5.316486358642578,452960000
2018-11-05,5.3033763051890865,5.326629571616042,5.078021938042721,5.238565444946289,379332000
2018-11-06,5.230648486695261,5.314754480788869,5.183895201789508,5.221001148223877,299012000
2018-11-07,5.287545230834331,5.378082654915124,5.223971010344911,5.288534641265869,483812000
2018-11-08,5.229412410387321,5.230154586082244,5.042152942583711,5.095585346221924,511352000
2018-11-09,5.006778356612328,5.1779585856268,4.973136051283547,5.087668418884277,413240000
2018-11-12,4.996388890300503,5.018405036415534,4.666891233283571,4.688660144805908,617116000
2018-11-13,4.786371444308816,5.051552240335643,4.780186805114317,4.930340766906738,644712000
2018-11-14,5.103251540849771,5.117599164823573,4.770044027789219,4.877897262573242,526580000
2018-11-15,4.8719606142460865,5.0785151716487364,4.836091788136995,5.006530284881592,840708000
2018-11-16,4.040054377114323,4.2216241027539105,3.9977536752859915,4.067512512207031,1963520000
2018-11-19,4.002207400149291,4.002949103971042,3.577719498242671,3.579451084136963,1697820000
2018-11-20,3.316248565605062,3.8159367939608377,3.297695827476737,3.6877989768981934,1692032000
2018-11-21,3.824842780223556,3.841663935187077,3.552487891584983,3.5796985626220703,1025496000
2018-11-23,3.5450660979424735,3.7004145730867912,3.532202822863743,3.58687162399292,411968000
2018-11-26,3.7078354904420414,3.796394056170175,3.6254610911594645,3.7860045433044434,814832000
2018-11-27,3.760031700190718,3.8839644255744283,3.724163098958527,3.8028268814086914,738060000
2018-11-28,3.9203273328214707,3.9648540955246956,3.7879841613545278,3.9596593379974365,804524000
2018-11-29,3.961887935753284,3.999030540692202,3.866307468648602,3.896516799926758,549172000
2018-11-30,3.9061734352238338,4.05746803205743,3.855906969630096,4.046820640563965,729564000
2018-12-03,4.273887246491347,4.325391841975348,4.143639921140175,4.21049690246582,890804000
2018-12-04,4.165924821161724,4.17087729419902,3.875221360444782,3.8903262615203857,812112000
2018-12-06,3.7499269793302012,3.9244976492330004,3.7343271134482365,3.9195454120635986,692308000
2018-12-07,3.923753905767971,3.9339063322430428,3.605812600742179,3.655088424682617,681676000
2018-12-10,3.6102703696963077,3.785088756441355,3.606556014736308,3.760326862335205,629472000
2018-12-11,3.8519450829701536,3.8601164740954412,3.590460566960948,3.6694507598876953,671912000
2018-12-12,3.6751462375945487,3.7831076499447813,3.5860038455252448,3.6870319843292236,654136000
2018-12-13,3.7338310937601453,3.797964097788894,3.6508790730952585,3.6867835521698,471384000
2018-12-14,3.6451844460507377,3.7288794023038903,3.6028418859003852,3.6263656616210938,471820000
2018-12-17,3.5964034794123507,3.6684601640487577,3.4973561485793327,3.5552988052368164,662868000
2018-12-18,3.5991271888681555,3.722440974942913,3.5718892969335556,3.638498544692993,564372000
2018-12-19,3.6048235029570654,3.6583091400735137,3.3782529949304823,3.429757595062256,745364000
2018-12-20,3.4213375498695466,3.511222851201115,3.2856428206917148,3.3453187942504883,749588000
2018-12-21,3.3718137648403164,3.404747047028429,3.1809003349097695,3.208385944366455,863740000
2018-12-24,3.132120004078285,3.2185386771140743,3.0828439351668155,3.1467294692993164,463840000
2018-12-26,3.19278626959552,3.2967858408120705,3.081853425117454,3.295795440673828,695100000
2018-12-27,3.2435481147353684,3.277967000968328,3.0996819782329377,3.2480051517486572,637044000
2018-12-28,3.268557192282664,3.4020234061374777,3.2267098361325357,3.3094141483306885,628728000
2018-12-31,3.352747375093456,3.385185222164874,3.2749952987569935,3.3057000637054443,465140000
2019-01-02,3.2348809239183947,3.429013258388677,3.2202714611216474,3.373051643371582,508752000
2019-01-03,3.31288056659941,3.3468042474041915,3.1618336982213986,3.169262170791626,705552000
2019-01-04,3.242309633257826,3.4104422086734654,3.2116051054063632,3.3723092079162598,585620000
2019-01-07,3.4295095174791683,3.587737410041579,3.378252408279678,3.55084228515625,709160000
2019-01-08,3.6323083116588215,3.634537066324582,3.389890270266063,3.462442398071289,786016000
2019-01-09,3.5136986726392108,3.577831915590519,3.463184728907773,3.5305368900299072,617260000
2019-01-10,3.5112230484738736,3.6048224734389516,3.450804153386844,3.596155881881714,523156000
2019-01-11,3.5738703955257685,3.708079538497349,3.546137301225491,3.6852986812591553,874764000
2019-01-14,3.6330510639730837,3.750421983358888,3.609527289244213,3.7251648902893066,730168000
2019-01-15,3.7578503426020893,3.797221699312551,3.6927269296751715,3.7110507488250732,617012000
2019-01-16,3.738288382204007,3.771221427393537,3.6800982464634497,3.6855456829071045,470104000
2019-01-17,3.6526134277595066,3.7967270572444844,3.6253752950622045,3.7568604946136475,493436000
2019-01-18,3.806631345995397,3.911869037587816,3.7551267594139857,3.885869026184082,651336000
2019-01-22,3.8556598047693034,3.8672978334715524,3.6536035256723487,3.6838128566741943,661552000
2019-01-23,3.739031926253848,3.827679121889104,3.6654893966310533,3.6966891288757324,591020000
2019-01-24,3.7811270421483245,3.9259833480829425,3.776422286838493,3.908402681350708,708972000
2019-01-25,3.848974150204566,3.9836782623502893,3.746460406726317,3.965602159500122,1154572000
2019-01-28,3.381222655413644,3.5072601341348086,3.243794869420688,3.417374849319458,2511528000
2019-01-29,3.371319346140535,3.419605021487195,3.2440436966893182,3.258653163909912,1153932000
2019-01-30,3.3346716185944336,3.4163855399650047,3.255186215779982,3.4020237922668457,974228000
2019-01-31,3.398804902318965,3.5951660470436764,3.3770144428723934,3.559509038925171,842852000
2019-02-01,3.5780794122343567,3.6347839467533984,3.530536904544244,3.5837745666503906,625048000
2019-02-04,3.59962191780994,3.7311070778713593,3.5775839835067473,3.6939644813537598,528592000
2019-02-05,3.7058500632451805,3.7496784508051646,3.6721741021013155,3.713031053543091,542424000
2019-02-06,3.7462128231283276,3.8529363617477665,3.740765385567621,3.78855562210083,702464000
2019-02-07,3.7422507749665708,3.744479293492757,3.6075466655780306,3.6503844261169434,637120000
2019-02-08,3.5832798133270645,3.679603194977889,3.5689180664556606,3.6689558029174805,461604000
2019-02-11,3.624879825182458,3.6791081322542047,3.578079991863121,3.6263656616210938,495180000
2019-02-12,3.6647467753100678,3.7588416520713945,3.650384790225353,3.743241548538208,591060000
2019-02-13,3.7727073505082047,3.8586308150604207,3.7590882867916373,3.78558349609375,605372000
2019-02-14,3.784593687951043,3.8546695815008256,3.741507971816293,3.8264410495758057,827264000
2019-02-15,4.034934774498316,4.057715393110544,3.873240272941682,3.8960211277008057,1516748000
2019-02-19,3.8853736497137206,3.9591638895349415,3.8663071487243155,3.878687858581543,551892000
2019-02-20,3.9079075629097284,3.993088129381964,3.896764969055961,3.9259836673736572,540988000
2019-02-21,3.9386119879459383,3.963125928417421,3.8425360819180625,3.8571455478668213,448548000
2019-02-22,3.908897113680459,3.9606491757765387,3.8952780505406968,3.9418301582336426,401740000
2019-02-25,4.025277974848738,4.092629906107369,3.920782969091811,3.9294497966766357,656020000
2019-02-26,3.9247446663612737,3.9807062824177173,3.8566495873057502,3.890078067779541,488464000
2019-02-27,3.875716447675701,3.9022114203693636,3.791278584709584,3.8482308387756348,500256000
2019-02-28,3.8420343108237707,3.8643429349671288,3.801383218768535,3.8236916065216064,324944000
2019-03-01,3.8735143122949323,3.9201144040319287,3.8152641976236867,3.877976179122925,357188000
2019-03-04,3.9163965477958653,3.939200883740636,3.8296408345573885,3.8861560821533203,409992000
2019-03-05,3.8705392050412786,3.9178829732090192,3.816255018887514,3.8797106742858887,362924000
2019-03-06,3.870787047533414,3.8792145963499296,3.7661845981278033,3.768911123275757,403524000
2019-03-07,3.745364104479161,3.7550312863394715,3.653651045477072,3.6997554302215576,450104000
2019-03-08,3.6105204731827922,3.744619944571655,3.58920327157,3.733961343765259,422416000
2019-03-11,3.757509054703572,4.017031980745326,3.710413025385301,3.994227886199951,859728000
2019-03-12,4.021990285337991,4.074787111462643,3.9458931773160653,4.028435230255127,579576000
2019-03-13,4.065865125042431,4.208887915368859,4.058428756910561,4.179638862609863,768900000
2019-03-14,4.188809466845982,4.200707464275836,4.096104749050729,4.10378885269165,519384000
2019-03-15,4.146918075590544,4.251768511099473,4.143447866293532,4.209134578704834,661484000
2019-03-18,4.240614882158362,4.294403607702958,4.16079958269572,4.1878180503845215,486992000
2019-03-19,4.282256971964195,4.399749093979504,4.265401871257319,4.355379581451416,854972000
2019-03-20,4.384381717046923,4.437674500448435,4.2882067807375135,4.322909355163574,719148000
2019-03-21,4.3459598390483,4.585652922155928,4.341002262962438,4.559378147125244,824312000
2019-03-22,4.532114647894637,4.58069759358795,4.385869391069872,4.399750232696533,747644000
2019-03-25,4.3590980863019135,4.423296963469352,4.2413582249487405,4.307540416717529,525212000
2019-03-26,4.449076385380852,4.505095692844781,4.327866298455655,4.384133815765381,703508000
2019-03-27,4.409663941641556,4.456015819945909,4.305557190848552,4.3749613761901855,474372000
2019-03-28,4.400988196292479,4.459238546118691,4.340507267685018,4.393552303314209,480264000
2019-03-29,4.460231072796453,4.475103808001466,4.409913023083517,4.450811862945557,456896000
2019-04-01,4.542522851773016,4.548471848259924,4.470887629751247,4.518231391906738,483824000
2019-04-02,4.542276137523133,4.580448440193339,4.499393994882644,4.536078929901123,440920000
2019-04-03,4.585652666769136,4.73437663159882,4.580695090959375,4.675382614135742,783504000
2019-04-04,4.660016045538845,4.708847191535176,4.603749006002984,4.666460990905762,457376000
2019-04-05,4.709590303097136,4.750489603716596,4.673153105395864,4.733138084411621,481744000
2019-04-08,4.7026502006155395,4.778995283235704,4.678606470878102,4.753960132598877,424192000
2019-04-09,4.720495543361932,4.731649851943021,4.649108062999045,4.691246509552002,439972000
2019-04-10,4.6905036497578685,4.7874217629055575,4.686042020097901,4.761642932891846,444772000
2019-04-11,4.764122306002446,4.795602400034655,4.698436065190567,4.747762680053711,374600000
2019-04-12,4.786431695138717,4.790397851946734,4.7011633424018155,4.7098388671875,471708000
2019-04-15,4.702155077037097,4.707112655182622,4.5385587804801535,4.578218460083008,440092000
2019-04-16,4.617381963527399,4.684059630158757,4.584662709190543,4.665221214294434,394964000
2019-04-17,4.700171840361227,4.720993099487899,4.62010880387607,4.6424174308776855,351004000
2019-04-18,4.649111763269992,4.683070189927109,4.590117702029764,4.617879390716553,380988000
2019-04-22,4.594331047087191,4.687283523852291,4.562851413944454,4.671667575836182,279936000
2019-04-23,4.684802944457456,4.757430076453827,4.675136000252518,4.726197719573975,346856000
2019-04-24,4.736608356517647,4.779242762354824,4.67587969287701,4.73859167098999,318204000
2019-04-25,4.698435532353966,4.720744153643242,4.553429966754181,4.632997035980225,499296000
2019-04-26,4.479315470538155,4.483777573015792,4.295641659746213,4.41437292098999,868988000
2019-04-29,4.422304799143129,4.472871039316649,4.350173621257163,4.4451093673706055,391920000
2019-04-30,4.412887409561635,4.512036616457512,4.393801252241527,4.48650598526001,362920000
2019-05-01,4.538805230617688,4.580943682956027,4.473118527608206,4.473366737365723,354280000
2019-05-02,4.483034721987003,4.582431642632066,4.439904838935968,4.5407891273498535,394684000
2019-05-03,4.549216779186023,4.559131460862227,4.474854539101852,4.536327362060547,336824000
2019-05-06,4.3501735919769935,4.470144483988638,4.312992714045154,4.457998752593994,422176000
2019-05-07,4.409664906665212,4.409664906665212,4.2428461427667425,4.290933609008789,555220000
2019-05-08,4.2634183789142295,4.391072900167956,4.251520384477504,4.311009883880615,419168000
2019-05-09,4.242101798416919,4.251768743017239,4.099822736698089,4.21855354309082,660248000
2019-05-10,4.187816626065282,4.253255116963289,4.065119219241282,4.18459415435791,569500000
2019-05-13,4.052727521049334,4.075779834219739,3.911687588626702,3.927551507949829,656912000
2019-05-14,3.967211042572837,4.051736192801045,3.9285430190502435,4.016538143157959,524880000
2019-05-15,3.9610132584113797,3.9919974055631218,3.901771726020397,3.9555602073669434,502320000
2019-05-16,3.9501069539339073,4.013314643034374,3.9077207575150528,3.9706802368164062,781088000
2019-05-17,3.9287902508678076,4.057932163280862,3.8405474063361402,3.8799591064453125,1022068000
2019-05-20,3.7813051589114903,3.8363330317771744,3.7366879135846607,3.7614753246307373,572064000
2019-05-21,3.8222041530704325,3.8593850325820225,3.78353590599983,3.8435211181640625,361848000
2019-05-22,3.804853518983099,3.830880090177963,3.7617234009611513,3.772629976272583,325868000
2019-05-23,3.7104138991528792,3.7104138991528792,3.591930587012482,3.651668071746826,591844000
2019-05-24,3.6705058291125585,3.705703868653798,3.591186489834491,3.59787917137146,357584000
2019-05-28,3.615479272237586,3.6481985331124838,3.550784198132876,3.552767276763916,428356000
2019-05-29,3.5051742789553133,3.540124343200313,3.4439496731796475,3.478652000427246,559800000
2019-05-30,3.4818785056992767,3.5176129997385956,3.413883688106398,3.4520998001098633,394300000
2019-05-31,3.4032129575069305,3.470463243115982,3.3597855892986193,3.361522674560547,389720000
2019-06-03,3.372689410740046,3.411401795892144,3.2905498980071615,3.3198323249816895,478644000
2019-06-04,3.383856828522054,3.553843877651576,3.3617709959566513,3.5486326217651367,641836000
2019-06-05,3.6223351684382408,3.6277946810863457,3.469719200713851,3.5059499740600586,511616000
2019-06-06,3.510168309378134,3.5925560834584522,3.507686691465688,3.567988634109497,408140000
2019-06-07,3.5739442379149793,3.6449167079298492,3.5548360649678163,3.610671281814575,348856000
2019-06-10,3.666754762775281,3.7518724125005205,3.666754762775281,3.6833813190460205,402780000
2019-06-11,3.743186806959417,3.7809066430594696,3.701496760735297,3.7409534454345703,383872000
2019-06-12,3.6975256211119234,3.7037296653156537,3.6129044934497947,3.628041982650757,358892000
2019-06-13,3.650128093826062,3.6975259065653265,3.632508985583392,3.6791625022888184,308080000
2019-06-14,3.5861047585942663,3.610423956504296,3.5446627248805522,3.5893306732177734,394428000
2019-06-17,3.5875927831475054,3.6359833849299616,3.5647624194156107,3.599008083343506,276040000
2019-06-18,3.6603025933790496,3.8491493120688105,3.6493838060369956,3.7938106060028076,581920000
2019-06-19,3.829048729718864,3.8404637930278342,3.7737097883346435,3.7997663021087646,331644000
2019-06-20,3.8903432021280926,3.904239883182645,3.8096925167306535,3.8240854740142822,350168000
2019-06-21,3.809196547210423,3.858331447746775,3.759565133744916,3.766017198562622,434428000
2019-06-24,3.787359221550051,3.8178824642901206,3.74020942002957,3.7883517742156982,282948000
2019-06-25,3.793314151543314,3.8682573040058146,3.756338851532463,3.759068489074707,311868000
2019-06-26,3.886372914472934,4.013180844258709,3.873468785349139,3.952134132385254,584072000
2019-06-27,4.037747898512495,4.0697599636115775,4.001765150254064,4.050652027130127,445440000
2019-06-28,4.094575522317128,4.103757460552952,4.028814309330252,4.075467586517334,397668000
2019-07-01,4.282429770761454,4.316675433416628,4.086138206588349,4.123610019683838,709756000
2019-07-02,4.10698294598494,4.1280764589695265,4.012683843586055,4.025835990905762,400228000
2019-07-03,4.049162668133274,4.05487043601337,3.9789347351642497,4.038740158081055,246636000
2019-07-05,3.9804233358587147,3.984890057742626,3.9129245748436814,3.9762046337127686,396552000
2019-07-08,3.91664803088725,3.935507948974914,3.8712355575910116,3.9012622833251953,329788000
2019-07-09,3.8590755684712126,3.9317853634338737,3.846419695875436,3.9037437438964844,342860000
2019-07-10,3.9471708283790288,4.0293103394768774,3.9332741478297986,3.9719865322113037,452076000
2019-07-11,4.044944453629627,4.1670374051469015,4.0077211313339385,4.126339912414551,682560000
2019-07-12,4.154132464844888,4.230316653100433,4.154132464844888,4.159343719482422,506392000
2019-07-15,4.180437480835474,4.196567285208484,4.12261716355152,4.150906562805176,289840000
2019-07-16,4.1360171073993905,4.173240422642708,4.0906044072096694,4.146191596984863,341444000
2019-07-17,4.147928224186284,4.218404637618319,4.118645804050444,4.211456298828125,348204000
2019-07-18,4.22188059377172,4.285904734954432,4.165300833974736,4.223121166229248,442192000
2019-07-19,4.26133614307838,4.267787969750726,4.173984913353387,4.179940700531006,344896000
2019-07-22,4.201282090787382,4.264313656871329,4.193837238735219,4.251409530639648,315940000
2019-07-23,4.290618089905579,4.361094029264546,4.274983854474603,4.359108924865723,428176000
2019-07-24,4.402289025354331,4.439264324799109,4.326353321613568,4.43355655670166,366236000
2019-07-25,4.392114168962921,4.404770276305939,4.279203175179153,4.302529811859131,392700000
2019-07-26,4.32957936095483,4.3911218696456285,4.32957936095483,4.344468593597412,274160000
2019-07-29,4.337271913005272,4.354394742272245,4.250169174840338,4.338264465332031,248160000
2019-07-30,4.291859974102234,4.366058598546031,4.277466779509722,4.353899002075195,197772000
2019-07-31,4.322381776910833,4.323374802458657,4.144702148503868,4.186888694763184,359416000
2019-08-01,4.1973109690028405,4.287639843169303,4.0404763660870255,4.092589378356934,421212000
2019-08-02,4.000027179718018,4.069263023315142,3.952629615343231,4.000027179718018,428348000
2019-08-05,3.8166411229256076,3.81788193191472,3.6950446819140272,3.741946220397949,589156000
2019-08-06,3.816641475956048,3.8620539531895375,3.7330128829674027,3.780658721923828,361272000
2019-08-07,3.7198604941277384,3.830786414031856,3.702489640001422,3.8188748359680176,372560000
2019-08-08,3.8764468257068865,3.928559620416878,3.819122775191908,3.927318811416626,309300000
2019-08-09,3.8863732094457433,3.889847380115059,3.7756955509944152,3.826071262359619,341816000
2019-08-12,3.7739579119890703,3.826070701043557,3.7364863362244636,3.758324146270752,279200000
2019-08-13,3.7568354485894377,3.918385086800619,3.717875040369741,3.872476100921631,351956000
2019-08-14,3.784380838530552,3.795547882888534,3.6804035054272526,3.724078893661499,419880000
2019-08-15,3.7429387166698227,3.7627911868770045,3.657573047446917,3.6918184757232666,477200000
2019-08-16,3.954367973426272,4.00871389430151,3.893073237992671,3.9595792293548584,1007960000
2019-08-19,4.072737422351326,4.25389123267945,4.056607145910567,4.238008975982666,815112000
2019-08-20,4.23255052653228,4.233047039437114,4.144703241392675,4.165796756744385,463188000
2019-08-21,4.231805651765932,4.304267184161182,4.21021609857475,4.249176502227783,427244000
2019-08-22,4.25885432323449,4.301288890703132,4.216171262710166,4.255380153656006,303488000
2019-08-23,4.178948538511534,4.233294687427818,4.011194876201635,4.031047344207764,568056000
2019-08-26,4.109712182842662,4.133783347843299,4.067525639163611,4.105741500854492,318208000
2019-08-27,4.143959583603636,4.146689221855993,3.9858843249287412,4.015166759490967,290968000
2019-08-28,3.988835102822662,4.057393748788544,3.9495873946582023,4.004732608795166,255612000
2019-08-29,4.096144619244449,4.180601248407322,4.092667010059698,4.148309230804443,357976000
2019-08-30,4.194512616324888,4.244193164669285,4.142844997659137,4.160978317260742,290616000
2019-09-03,4.08819559751691,4.1212328826029285,4.055158312430891,4.0780110359191895,296140000
2019-09-04,4.138622099089851,4.199480746845919,4.138622099089851,4.192028522491455,227728000
2019-09-05,4.294121570349542,4.470983604443548,4.292382765536366,4.464773654937744,695676000
2019-09-06,4.4414228081546065,4.498306828145142,4.399691498658127,4.437696933746338,376976000
2019-09-09,4.468747664893921,4.57009581931913,4.4672571254435836,4.483651638031006,417524000
2019-09-10,4.4508622737446295,4.5768019505612365,4.441174715633058,4.550223350524902,352812000
2019-09-11,4.564878797911657,4.626979230477164,4.535815651439235,4.578789234161377,361512000
2019-09-12,4.625240853510472,4.679889068655952,4.569350364277171,4.577299118041992,327840000
2019-09-13,4.510727553957993,4.547739457034524,4.475702720883678,4.519421577453613,324592000
2019-09-16,4.444405251157067,4.510976849319995,4.433972420580039,4.476449012756348,231832000
2019-09-17,4.48315465741563,4.502033242595779,4.43670346411562,4.497810363769531,223048000
2019-09-18,4.49085449887501,4.506503737913489,4.384289956200634,4.470733642578125,258152000
2019-09-19,4.476695827451891,4.495077881473768,4.38453871342928,4.3952202796936035,245476000
2019-09-20,4.394228930732988,4.417826936303332,4.279467300695959,4.289651393890381,350244000
2019-09-23,4.289898053534859,4.388513382593779,4.286171705354058,4.343055725097656,249712000
2019-09-24,4.374353578897681,4.403913248882776,4.250152743369989,4.285674095153809,317268000
2019-09-25,4.2851787543212065,4.44688854752959,4.240466360368865,4.42726469039917,308432000
2019-09-26,4.417577462812419,4.42627148742333,4.354234742031431,4.405157089233398,234564000
2019-09-27,4.363426628085974,4.414100719905488,4.205939671452677,4.266550064086914,362056000
2019-09-30,4.292383506119842,4.3341148288361575,4.261084540293746,4.323930263519287,186184000
2019-10-01,4.347029594926277,4.496070704367189,4.317469922551285,4.3221893310546875,366008000
2019-10-02,4.3003307282140195,4.312254094391925,4.226058665558821,4.298343658447266,293372000
2019-10-03,4.30281615031141,4.509983162740951,4.272511194825309,4.503773212432861,450588000
2019-10-04,4.506007221819678,4.5494778087583105,4.440926184733962,4.520166397094727,265524000
2019-10-07,4.584999182660187,4.678398096787563,4.576305160004113,4.578789234161377,480984000
2019-10-08,4.487127780001681,4.487127780001681,4.384289593549024,4.402422904968262,444436000
2019-10-09,4.479180201486422,4.538300033345435,4.450365792127868,4.48886775970459,292412000
2019-10-10,4.486633654486099,4.597420651810806,4.4814172391086275,4.5464982986450195,309124000
2019-10-11,4.630457031874789,4.703238559929826,4.611578446526381,4.62002420425415,446404000
2019-10-14,4.61132922970183,4.654302809756783,4.580279015346232,4.633437156677246,200040000
2019-10-15,4.723607756181353,4.950398575300106,4.709696845354287,4.877864837646484,664124000
2019-10-16,4.843833064710887,4.94865880010307,4.812782852757612,4.824209213256836,428944000
2019-10-17,4.868674204295252,4.913634858641434,4.771797203408737,4.826197624206543,263436000
2019-10-18,4.826693335136558,4.859234086458171,4.65753183937539,4.731803894042969,307440000
2019-10-21,4.7931591612441276,4.8823356610131095,4.7742805786822595,4.868921756744385,261868000
2019-10-22,4.925806218529679,5.030880232247028,4.851285890080237,4.8589863777160645,328720000
2019-10-23,4.777015098409995,4.860229471534852,4.745219604513323,4.846070766448975,279916000
2019-10-24,4.887303293197778,4.9235699189172255,4.853272476100206,4.890036106109619,232020000
2019-10-25,4.970519153793073,5.1016752495667195,4.962818665307215,5.080809593200684,423092000
2019-10-28,5.124528522221476,5.189113041993195,5.095217104547726,5.136700630187988,330792000
2019-10-29,5.122790146229932,5.1292488356422385,5.021194184760677,5.040569305419922,211236000
2019-10-30,5.0673965602975635,5.073109979768941,4.974494151837034,5.042556285858154,205960000
2019-10-31,5.021689843522698,5.042555500236992,4.913635211403139,4.993371963500977,209732000
2019-11-01,4.958099442770782,5.064664021687049,4.933010903968749,5.032371997833252,283640000
2019-11-04,5.1133511126908875,5.241278369050281,5.090250115444236,5.22885799407959,376716000
2019-11-05,5.228609110134573,5.254691183804037,5.1588081745604795,5.20674991607666,300868000
2019-11-06,5.182654128470489,5.208239193813134,5.070127883140323,5.157565593719482,269012000
2019-11-07,5.244010249079237,5.258665958605948,5.130490448135259,5.1752028465271,280340000
2019-11-08,5.158310994282021,5.192838822826329,5.120802086957309,5.161291599273682,189100000
2019-11-11,5.1605454129544865,5.194327965803184,5.074349989554942,5.171226978302002,243436000
2019-11-12,5.209482256110299,5.262640412360373,5.174457418762158,5.20674991607666,283504000
2019-11-13,5.175451155287931,5.203023769608301,5.1145929810242095,5.1809163093566895,300188000
2019-11-14,5.189857129426733,5.2134555964181795,5.129992507282294,5.211219787597656,518080000
2019-11-15,5.208983478352055,5.2606510774349315,4.9839315040429035,5.07211446762085,1053628000
2019-11-18,5.064663468615245,5.299651321277817,5.061682863543426,5.273072719573975,574588000
2019-11-19,5.242022061927123,5.26562005658897,5.108381899695247,5.166507720947266,414564000
2019-11-20,5.143657438304539,5.329461826579395,5.130988795766841,5.245750427246094,472588000
2019-11-21,5.241278727561399,5.296920495111723,5.199298662730025,5.220909595489502,288388000
2019-11-22,5.2435111842483835,5.289962369352295,5.214945046231308,5.238543510437012,224100000
2019-11-25,5.366470300704654,5.499862175374023,5.3535534010512755,5.494894027709961,506476000
2019-11-26,5.4772591154009564,5.481978999429625,5.383860181618634,5.390318870544434,385244000
2019-11-27,5.435808848094439,5.470113228547502,5.398769637902279,5.425119400024414,215784000
2019-11-29,5.394297050863872,5.422635358785173,5.363969257933239,5.387833595275879,141556000
2019-12-02,5.380871533007133,5.394295337032082,5.186478142091579,5.20164155960083,372036000
2019-12-03,5.018186152052847,5.166094076664347,4.980898491762538,5.162117004394531,465232000
2019-12-04,5.245641816283171,5.268014509863485,5.177281018849271,5.205868244171143,273424000
2019-12-05,5.227743187677746,5.2434039758007955,5.1583876592407085,5.188963890075684,184884000
2019-12-06,5.258069935828416,5.307041305159171,5.248126308412968,5.274227619171143,232236000
2019-12-09,5.251358034736814,5.328916621679605,5.242657597817423,5.274227619171143,211880000
2019-12-10,5.304307958637612,5.370929143014458,5.251607951361957,5.319223403930664,256388000
2019-12-11,5.329662529230811,5.408215385385708,5.327176622335865,5.402746200561523,233796000
2019-12-12,5.373911964126551,5.588192169629249,5.364963076233889,5.570045471191406,404348000
2019-12-13,5.573028875466691,5.692101147516369,5.514113860741178,5.568057060241699,454704000
2019-12-16,5.615534990360436,5.66922924985056,5.5874446701416876,5.596890926361084,320976000
2019-12-17,5.615536780813981,5.697569835117651,5.606090521582747,5.674948692321777,321196000
2019-12-18,5.709750933664233,5.7656826740905744,5.701298941930753,5.7052764892578125,343548000
2019-12-19,5.739828646095502,5.866607074155543,5.734856831472361,5.853183269500732,445360000
2019-12-20,5.919556591738878,5.97573677951805,5.900415623542293,5.950381278991699,603044000
2019-12-23,5.978967929874309,6.011035330842272,5.9260194747075206,5.936708450317383,355060000
2019-12-24,5.921296894457324,5.948889855209329,5.886992029924898,5.931737422943115,138864000
2019-12-26,5.93521671269074,5.973996015905677,5.916324195165126,5.945906162261963,182852000
2019-12-27,5.9610684104857095,5.974492213404706,5.861882950029795,5.888233184814453,254644000
2019-12-30,5.866359712672192,5.871579976752275,5.743807256919645,5.7751288414001465,258056000
2019-12-31,5.739828891899906,5.858652706134479,5.72068792633329,5.849206447601318,231004000
2020-01-02,5.9349671466123946,5.963802814483643,5.884504609303141,5.963802814483643,237536000
2020-01-03,5.8442348634514465,5.912098763641108,5.819376262428301,5.868347644805908,205384000
2020-01-06,5.775128603488166,5.8981779512429595,5.749027284163017,5.89295768737793,262636000
2020-01-07,5.921295338837738,6.010040281790685,5.876301509096684,5.964300632476807,314856000
2020-01-08,5.960075367023141,6.016752920110511,5.920053346777654,5.97548770904541,277108000
2020-01-09,6.061746457974927,6.113452193523961,5.987419581657777,6.04111385345459,255112000
2020-01-10,6.148252382379654,6.178579686055436,6.059259007093538,6.073428153991699,316296000
2020-01-13,6.156457847574533,6.288953447003874,6.133836231355337,6.263846397399902,319840000
2020-01-14,6.221089716905771,6.2464456898529646,6.1338363992497795,6.147011756896973,359088000
2020-01-15,6.15968810642731,6.182060796386267,6.078649335978341,6.104502201080322,263104000
2020-01-16,6.1579480451360356,6.193992987350218,6.134581087056249,6.1880269050598145,284192000
2020-01-17,6.207168756490065,6.214626478954624,6.149248487016599,6.196728229522705,253792000
2020-01-21,6.160186565756033,6.196977333866192,6.129361880964774,6.163418292999268,217916000
2020-01-22,6.208660534025002,6.303868469663997,6.189768016004906,6.217360973358154,239240000
2020-01-23,6.25738300125643,6.294173292221765,6.168638052545545,6.285721302032471,244516000
2020-01-24,6.401063843902919,6.450781034287568,6.17236562158241,6.22655725479126,373512000
2020-01-27,5.922290610131101,6.0219734668079825,5.772891023514302,5.97101354598999,470536000
2020-01-28,6.036886854345319,6.19647847807783,5.98368948838839,6.164162635803223,310976000
2020-01-29,6.149746442669968,6.185791393466993,6.063984285660603,6.103758335113525,258848000
2020-01-30,6.0060631260830695,6.123892669348195,5.951126138120667,6.110468864440918,290504000
2020-01-31,6.064730001738358,6.076662168956458,5.835534813466124,5.8772969245910645,370420000
2020-02-03,5.85914847292443,5.993633051226416,5.8529339426473035,5.974243640899658,255564000
2020-02-04,6.115936955202383,6.1624224187891,6.065971316764821,6.143280982971191,271544000
2020-02-05,6.264094359762809,6.2742864375752365,6.15024236438546,6.233518600463867,208220000
2020-02-06,6.26782374742976,6.320274829864502,6.1867849664456935,6.320274829864502,218284000
2020-02-07,6.2802526606422955,6.302376904478737,6.228795373447548,6.254151344299316,189752000
2020-02-10,6.2767724236215585,6.5377865327702835,6.2718006088987535,6.537041187286377,529608000
2020-02-11,6.645176474451545,6.7739434592052445,6.583278652712815,6.659345626831055,638556000
2020-02-12,6.712043650970629,6.781399175304886,6.673264355662587,6.774935722351074,374644000
2020-02-13,6.717016286330041,6.7983035102749065,6.689671780436804,6.731185436248779,528016000
2020-02-14,7.140853290182661,7.332512319115875,7.10953171400664,7.203745365142822,1041924000
2020-02-18,7.100583231884326,7.390682416654508,7.081193817797439,7.372286796569824,620164000
2020-02-19,7.494590248906968,7.8406206663356475,7.494590248906968,7.822970867156982,694332000
2020-02-20,7.774994022694895,7.863241593793257,7.366817357632579,7.6738200187683105,810052000
2020-02-21,7.561707956830877,7.586815002385468,7.2253722619940195,7.3101396560668945,768180000
2020-02-24,6.716518843394687,7.006866456625877,6.662078754814775,6.793331623077393,856916000
2020-02-25,6.868405127821072,6.930302945472241,6.412500210276758,6.514171600341797,1055496000
2020-02-26,6.5144194445871815,6.847274989769168,6.512928279510308,6.653378486633301,747732000
2020-02-27,6.340222943534122,6.641191014108092,6.190734008300934,6.283014297485352,906416000
2020-02-28,6.030797544626237,6.77699866718428,6.014132526651322,6.717551231384277,1133252000
2020-03-02,6.887436477672803,6.904599164176833,6.491949845703625,6.87574577331543,890744000
2020-03-03,6.931462850373076,6.991158887369875,6.528265410526086,6.61358118057251,652792000
2020-03-04,6.720785660126154,7.086175484127031,6.646165254678037,7.076723575592041,597408000
2020-03-05,6.877486487233338,7.044138079809449,6.753119641263759,6.797643184661865,540328000
2020-03-06,6.618307294181749,6.675765011958639,6.417330292148614,6.617312431335449,515412000
2020-03-09,5.967121698181325,6.452152626694076,5.924339753977124,6.104920387268066,614160000
2020-03-10,6.381016056279252,6.493941307067871,6.118602323837332,6.493941307067871,580648000
2020-03-11,6.354152046429975,6.3825077726804995,6.033534363514282,6.130540370941162,499964000
2020-03-12,5.607950774664352,5.8731009372494505,5.367674080920537,5.380359649658203,816540000
2020-03-13,5.733312068605224,5.994979953996098,5.462441346775268,5.990502834320068,634836000
2020-03-16,5.283352557854332,5.623869353339023,4.825433894923929,4.885129928588867,726972000
2020-03-17,4.997309431523579,5.493533447583742,4.7508144907275,5.404237747192383,833632000
2020-03-18,4.977161091110081,5.22191485104539,4.49412041552813,5.044816493988037,874268000
2020-03-19,5.023425058031686,5.390804989871851,4.810260686946355,5.297281265258789,765512000
2020-03-20,5.44726918222169,5.728835787493225,5.102275677674732,5.117697238922119,804636000
2020-03-23,5.116701401410118,5.3845880223773275,4.93786188180685,5.290317535400391,643876000
2020-03-24,5.6960015590237685,6.284505766219802,5.672372028631309,6.197946071624756,1101644000
2020-03-25,6.312862785818038,6.512347277962248,6.060646761736831,6.10939884185791,793432000
2020-03-26,6.316344419292104,6.522296211921472,6.218343548888782,6.3984270095825195,696108000
2020-03-27,6.21834371533813,6.54468246183584,6.185510868111897,6.286248207092285,638828000
2020-03-30,6.351664371055623,6.615322467118645,6.307638489346079,6.606119155883789,602252000
2020-03-31,6.646163442091053,6.850125448485772,6.411110201599804,6.556619644165039,949960000
2020-04-01,6.358877795314713,6.505133062019152,6.001447365136863,6.045970439910889,656912000
2020-04-02,6.0750723908705835,6.367583396823031,6.0270670594457165,6.354400634765625,675764000
2020-04-03,6.316840186678727,6.358378663538482,5.929562064377031,6.066863059997559,663212000
2020-04-06,6.348678972084709,6.712825281839305,6.291221263715193,6.6760125160217285,727884000
2020-04-07,6.897385702203857,6.921015708413255,6.399918279480084,6.442949295043945,784520000
2020-04-08,6.551894702646605,6.664819927163349,6.482000494418423,6.639946460723877,542444000
2020-04-09,6.76555762990454,6.7884408976976,6.477523735926655,6.5404534339904785,525564000
2020-04-13,6.4807566311857645,6.7207846897053765,6.392456281522787,6.712079048156738,398408000
2020-04-14,6.840178335247063,7.096871470661911,6.812568872966926,7.062795162200928,530948000
2020-04-15,6.894899655370678,7.068267211312,6.849630308417041,6.985438823699951,366148000
2020-04-16,7.140647674170319,7.437138127768252,7.127464912267185,7.3301825523376465,745620000
2020-04-17,7.41226513448081,7.433656345818027,7.137165873276941,7.270984649658203,539120000
2020-04-20,7.144627829354325,7.300335006334705,7.095627159726841,7.139901638031006,449388000
2020-04-21,7.0220011645795735,7.08318925121462,6.643925834474063,6.703621864318848,735160000
2020-04-22,6.895645491403493,7.160298464980973,6.850127550160316,7.117516040802002,483356000
2020-04-23,7.1595510947877585,7.291379655385693,7.039163692591461,7.064285755157471,424160000
2020-04-24,7.054088445216467,7.205069426004072,6.979468044624654,7.203079700469971,352328000
2020-04-27,7.337396152234377,7.54906850647414,7.312771282405198,7.389381408691406,479388000
2020-04-28,7.53663104306545,7.566479296297554,7.241633139529117,7.247105121612549,442904000
2020-04-29,7.381671326882136,7.476439012322255,7.306553724860844,7.423707485198975,379160000
2020-04-30,7.3697314829466665,7.423706940505074,7.2560604626028455,7.269989490509033,375916000
2020-05-01,7.0727439323957615,7.185917767812462,6.985438429326991,7.033692836761475,342096000
2020-05-04,6.986433684527206,7.259046052360772,6.986433684527206,7.245365619659424,317556000
2020-05-05,7.34933499237457,7.468727056760737,7.245364011573555,7.306303977966309,368896000
2020-05-06,7.38565081334239,7.511758806368057,7.3478431802598525,7.407041549682617,323464000
2020-05-07,7.546084248410527,7.646323918023772,7.4948452521720315,7.583145618438721,373732000
2020-05-08,7.654779633814353,7.779146485620993,7.620951929825824,7.772928237915039,339216000
2020-05-11,7.7679559822995365,8.071411503262857,7.739351653989757,8.024649620056152,469060000
2020-05-12,8.08235371634575,8.131105315022058,7.753279002014851,7.762979507446289,493060000
2020-05-13,7.877397272370404,8.037581571057249,7.556281934861087,7.740593910217285,625852000
2020-05-14,7.802033345891298,7.995299617166315,7.6485644451576436,7.989827632904053,602312000
2020-05-15,7.849786375477367,8.457442491393842,7.834116221625606,8.447742462158203,987660000
2020-05-18,8.716126021314118,8.871335982321789,8.636531315491272,8.705927848815918,774460000
2020-05-19,8.745724677106145,9.0414688152822,8.718363820712609,8.760897636413574,717320000
2020-05-20,8.945457898801426,8.997194547800392,8.843725728905925,8.924564361572266,587536000
2020-05-21,9.00565317637838,9.006647564701275,8.693243502257346,8.730802536010742,761068000
2020-05-22,8.780546752937473,9.046941243580594,8.669114557191229,8.980528831481934,1038764000
2020-05-26,9.110370081279614,9.135244023656483,8.628075582392123,8.673593521118164,770780000
2020-05-27,8.581314301909094,8.589024607829826,7.956246272031052,8.482069969177246,1175892000
2020-05-28,8.369642255768241,8.716128787061324,8.336809405476911,8.444014549255371,734896000
2020-05-29,8.511172107077769,8.830546379089355,8.442024146641526,8.830546379089355,745256000
2020-06-01,8.788508985175579,8.795970693494391,8.645486899720394,8.761645317077637,389876000
2020-06-02,8.7516956542315,8.792487396907989,8.614145567728748,8.780548095703125,391320000
2020-06-03,8.777565804011429,8.821342618286915,8.655934444253308,8.725082397460938,365440000
2020-06-04,8.687752876236223,8.902010324242097,8.63748582686999,8.726076126098633,424280000
2020-06-05,8.753948963501875,8.955514629700385,8.667847647401274,8.878870010375977,481748000
2020-06-08,8.83631482994791,8.848756999932231,8.645698165784353,8.764398574829102,387736000
2020-06-09,8.759422705552621,9.067744029316774,8.710897571535652,9.004287719726562,468488000
2020-06-10,9.125477007268065,9.456194614625154,9.111291963518875,9.323558807373047,632180000
2020-06-11,9.107807709528801,9.21854464450774,8.745486794003435,8.75568962097168,583652000
2020-06-12,9.120251596693144,9.14488723008976,8.663118775221182,8.891311645507812,570908000
2020-06-15,8.774602299815214,9.139909650009946,8.703431219632431,9.131448745727539,400004000
2020-06-16,9.182465893211678,9.224023347395823,8.797996315079203,9.026686668395996,535716000
2020-06-17,9.07172781257394,9.256122973976474,9.028427490860382,9.193413734436035,408304000
2020-06-18,9.184454427604352,9.239698546814658,9.072472976600096,9.175496101379395,254408000
2020-06-19,9.19988122589456,9.401446849001816,9.184701341752877,9.218544006347656,524160000
2020-06-22,9.257118524157914,9.487302056324824,9.230491304611464,9.48282241821289,398468000
2020-06-23,9.506958630029597,9.598036991562761,9.364120951569074,9.406424522399902,375108000
2020-06-24,9.432553235534522,9.512433926958058,9.10233306985164,9.192914009094238,449372000
2020-06-25,9.312609776761736,9.461171600336776,9.139909742005443,9.446240425109863,376072000
2020-06-26,9.456195773769487,9.456195773769487,9.082924887962797,9.112786293029785,592084000
2020-06-29,9.127467403493844,9.162057151917535,8.858960660515779,9.157577514648438,342248000
2020-06-30,9.271052779473228,9.482323840413832,9.223772146240533,9.45395565032959,367892000
2020-07-01,9.476847385994699,9.531594070429003,9.369594310080467,9.486054420471191,326648000
2020-07-02,9.59455267019897,9.692598718504767,9.534082792451693,9.567926406860352,364056000
2020-07-06,9.696829246456272,9.863059004757494,9.667713977846143,9.793879508972168,315892000
2020-07-07,9.900389486802665,10.023568630701273,9.805329828732345,9.82623291015625,357800000
2020-07-08,9.94766768707391,10.177852135345317,9.919548208152843,10.168892860412598,365480000
2020-07-09,10.332385556783915,10.521260318665224,10.186311788352297,10.460541725158691,494548000
2020-07-10,10.539924201198593,10.606117275097947,10.330892492239586,10.430929183959961,497676000
2020-07-13,10.546146184871182,10.74248607038914,9.978773838195186,10.005898475646973,457076000
2020-07-14,10.028544566254594,10.35478353495252,9.740379198636003,10.32915210723877,542676000
2020-07-15,10.366227924927914,10.384890705042778,10.009380570559676,10.180089950561523,403984000
2020-07-16,9.968820569091442,10.159685972931204,9.84987143136345,10.088018417358398,344964000
2020-07-17,10.178351366171277,10.201245080090619,10.041236843957755,10.154461860656738,266284000
2020-07-20,10.226872952721909,10.4826878325373,10.109914470168976,10.462282180786133,284852000
2020-07-21,10.464524220514964,10.51130838501067,10.23931776030554,10.280875205993652,277036000
2020-07-22,10.319694046760755,10.553610081158391,10.24404428269113,10.390615463256836,367292000
2020-07-23,10.401815036980182,10.49836789312907,9.984996075999454,10.08304214477539,411660000
2020-07-24,9.829463828665853,10.316955374000012,9.731916157211755,10.147490501403809,473292000
2020-07-27,10.185068171231439,10.393601505544966,10.170634417210804,10.373445510864258,292132000
2020-07-28,10.326417433629597,10.334131259924751,10.162178243812226,10.1683988571167,271636000
2020-07-29,10.342838679361162,10.467759731459614,10.299290598378333,10.417243957519531,284508000
2020-07-30,10.32715949631909,10.574016079653706,10.247777173412945,10.565057754516602,308880000
2020-07-31,10.514541633004042,10.71685531257527,10.384892248538662,10.565804481506348,386080000
2020-08-03,10.683013803473292,11.047575106546473,10.665843280404173,10.95948314666748,412720000
2020-08-04,10.999047691929793,11.17597770690918,10.855711635123345,11.17597770690918,310336000
2020-08-05,11.192151740156225,11.319312100889427,11.11476005840119,11.23470401763916,249924000
2020-08-06,11.297415830981054,11.305628025623456,11.127204783408471,11.283231735229492,244316000
2020-08-07,11.260338450705653,11.45170224316212,10.986606845979392,11.147859573364258,342516000
2020-08-10,11.281985893399753,11.355644071852428,10.806438122163634,11.113515853881836,427796000
2020-08-11,11.022686125227102,11.0853962946979,10.745968163927468,10.799968719482422,354512000
2020-08-12,10.940072354232733,11.41412607866207,10.907721944778629,11.387499809265137,464412000
2020-08-13,11.492762578632881,11.667702949626834,11.303390348482495,11.390237808227539,374460000
2020-08-14,11.476837523719949,11.650782117722994,11.387750711887294,11.51068115234375,366436000
2020-08-17,11.79660376231853,12.352528815873693,11.762761090180327,12.28011417388916,621300000
2020-08-18,12.392592403457424,12.43838077420562,12.030520161674376,12.204215049743652,503448000
2020-08-19,12.239801481703257,12.258215556136781,12.042216127810235,12.08253002166748,622624000
2020-08-20,11.919780399145482,12.317935510689423,11.823973702467411,12.085014343261719,921388000
2020-08-21,12.145485258162156,12.74968661731478,12.139014987859298,12.625014305114746,999868000
2020-08-24,12.824342222900356,12.85296007261866,12.449826868277539,12.661596298217773,490564000
2020-08-25,12.572507468754125,12.702405554694398,12.515770144609954,12.691207885742188,289076000
2020-08-26,12.74022967965195,12.80916045999538,12.619289925922455,12.71410083770752,321244000
2020-08-27,12.72256667034822,12.790751345600363,12.508557844715538,12.570023536682129,317604000
2020-08-28,12.616554072790118,13.087372581370376,12.584203668831243,13.08712387084961,537160000
2020-08-31,13.12196361348135,13.51240499533192,12.977632707337218,13.312829971313477,500840000
2020-09-01,13.421856199944589,13.933390315737588,13.378543881864474,13.761385917663574,511316000
2020-09-02,14.640328637897767,14.663230147107154,13.840045378460548,14.28462028503418,874012000
2020-09-03,13.769104949191176,13.824614387808259,12.823202579111951,12.959362983703613,945128000
2020-09-04,12.728608789534096,13.118171798924816,11.654263373150707,12.568055152893066,1463684000
2020-09-08,11.683886817797339,12.495869670621197,11.653767694372018,11.861617088317871,795728000
2020-09-09,12.346515345038622,12.75400040657726,12.17899096545241,12.660157203674316,736200000
2020-09-10,12.933224521841012,13.008896928842086,12.114520712963447,12.258646965026855,698684000
2020-09-11,12.43164944591997,12.59792898020748,11.844442792781821,12.11203384399414,636928000
2020-09-14,13.024577957063135,13.25756789875659,12.576767920086505,12.816727638244629,1201744000
2020-09-15,13.222719102887627,13.241388418414578,12.7724202640412,12.934966087341309,727556000
2020-09-16,12.901361003410214,13.036276504289093,12.459774389516712,12.46052074432373,556384000
2020-09-17,12.079918130588368,12.535445188714483,11.982838842675774,12.40973949432373,792512000
2020-09-18,12.539429199310245,12.578011754525583,11.937039210189646,12.136673927307129,698460000
2020-09-21,11.873565272826937,12.468487983542184,11.85315351112342,12.463260650634766,721044000
2020-09-22,12.5207622481134,12.593447344321817,12.103072204677165,12.58324146270752,646452000
2020-09-23,12.521260177157716,12.67210744174115,12.027151349496169,12.07145881652832,647012000
2020-09-24,12.020179888363417,12.515284736210981,11.962180709019703,12.294739723205566,731240000
2020-09-25,12.393810139922095,12.827929401956277,12.19293055034486,12.818221092224121,588016000
2020-09-28,12.984004264530533,12.995455019452848,12.695006353439096,12.978776931762695,573808000
2020-09-29,12.881699222732806,13.384770004371227,12.87746797882626,13.168705940246582,621460000
2020-09-30,13.100749000983756,13.563743503042675,13.093530438991557,13.472140312194824,689184000
2020-10-01,13.698657963887262,13.70338677682619,13.402689348438638,13.555776596069336,525004000
2020-10-02,13.167957222470799,13.461186360734684,12.994706996717781,13.005908966064453,552496000
2020-10-05,13.178909786872856,13.585398755238357,13.165716588093956,13.583656311035156,479820000
2020-10-06,13.770349630542391,14.081004214097689,13.60606133146238,13.677252769470215,784420000
2020-10-07,13.93936759398313,14.058352336172709,13.803704762237526,13.90377140045166,418084000
2020-10-08,14.014293230360343,14.023752757482931,13.698661038381376,13.779062271118164,378900000
2020-10-09,13.70762040717948,13.764623499410625,13.601828874328715,13.703388214111328,346892000
2020-10-12,13.929159770375568,14.285117857821534,13.852492225225067,14.164639472961426,434744000
2020-10-13,14.234835409119126,14.28661116418,13.958283407222073,14.186793327331543,344604000
2020-10-14,14.22885981694376,14.280884353455278,13.899785727248714,14.034452438354492,276100000
2020-10-15,13.751180888345079,13.945339502121929,13.70836613749125,13.909744262695312,267224000
2020-10-16,13.976205093854658,14.060589716200548,13.73300832168819,13.75192642211914,242392000
2020-10-19,13.843033967891985,13.923186408800927,13.348924223292842,13.439532279968262,298068000
2020-10-20,13.524912268022215,13.740229967654253,13.448742284587745,13.586645126342773,229212000
2020-10-21,13.566230372279033,13.7320122878027,13.4193665559545,13.466412544250488,219596000
2020-10-22,13.464172894859765,13.55303754182434,13.174676497160581,13.303369522094727,290480000
2020-10-23,13.391988089723265,13.534620695938601,13.233923218355963,13.531633377075195,233484000
2020-10-26,13.369084922504582,13.633688585873971,12.98226043969902,13.084567070007324,336896000
2020-10-27,13.248608056703024,13.384022089343704,13.134601874770123,13.338967323303223,250520000
2020-10-28,13.141073702441242,13.20280655451587,12.554614456414914,12.57253646850586,376520000
2020-10-29,12.783123011626987,13.13584495995668,12.695004720775675,12.967823028564453,320080000
2020-10-30,12.79457453694031,12.880700654470314,12.246946659369481,12.479937553405762,416820000
2020-11-02,12.603152981885287,12.781380795725333,12.341536637952245,12.526485443115234,299652000
2020-11-03,12.65368609633132,13.04847556317801,12.548392129595152,12.96334457397461,272900000
2020-11-04,13.331497901537697,13.76785813556174,13.279473362811475,13.734750747680664,410228000
2020-11-05,14.101415339384825,14.277153437233792,13.930654840153293,14.098925590515137,319028000
2020-11-06,14.048891455608413,14.525825518344906,13.835068378723031,14.499191284179688,383348000
2020-11-09,14.489729930526279,14.628130315864713,13.552042441365499,13.571955680847168,582976000
2020-11-10,13.54781121416907,13.54781121416907,12.573781115211155,12.714920043945312,644068000
2020-11-11,12.997445519056676,13.377051459709095,12.892400350122854,13.360124588012695,404744000
2020-11-12,13.4208615944081,13.706623391136638,13.258564550225856,13.398707389831543,365812000
2020-11-13,13.56847323205472,13.609794327141808,13.00292326551335,13.23964786529541,346312000
2020-11-16,13.115682790684902,13.590625584856218,13.099254438617393,13.456954956054688,413776000
2020-11-17,13.49404517800945,13.537606285755135,13.246368351488899,13.364356994628906,312028000
2020-11-18,13.407172128790208,13.54706619704426,13.128131296756674,13.370829582214355,510924000
2020-11-19,13.155760695717245,13.429325390449687,13.043496960142532,13.382279396057129,565936000
2020-11-20,13.395972839403445,13.436297849853242,13.008649722926164,13.031302452087402,341088000
2020-11-23,13.114440599717943,13.324778798429607,12.959362101310216,13.083325386047363,361356000
2020-11-24,13.08581200094348,13.105227670734758,12.829422986955962,12.901859283447266,346500000
2020-11-25,12.976288525531565,13.212265811659313,12.963842630406676,13.177665710449219,259916000
2020-11-27,13.317309884312802,13.34966996860032,13.113691752498204,13.204050064086914,167276000
2020-11-30,13.20778593658098,13.354649779706577,12.916298264592438,13.343696594238281,286952000
2020-12-01,13.434054894917562,13.470397438236995,13.171192706053294,13.332245826721191,296948000
2020-12-02,13.292918568026222,13.61452540332225,13.177169923536924,13.486082077026367,283360000
2020-12-03,13.532891248388985,13.605100097734832,13.275431014926465,13.342161178588867,199520000
2020-12-04,13.394448782293157,13.505501389453034,13.334939318795286,13.503758430480957,202244000
2020-12-07,13.546584299478042,13.676061924602873,13.445741541863303,13.552062034606934,223244000
2020-12-08,13.53040088587082,13.544095699558415,13.22812050077017,13.296345710754395,271920000
2020-12-09,13.247043357447485,13.360086828024684,12.816530607506692,12.878779411315918,401300000
2020-12-10,12.817278981162264,13.01622611811567,12.797856623609862,12.920113563537598,207764000
2020-12-11,12.915132393146711,12.96767096745661,12.77146224084269,12.96094799041748,209264000
2020-12-14,13.035397836313285,13.334938860612665,13.024940082840144,13.255260467529297,270156000
2020-12-15,13.38573457742504,13.409887145651437,13.133752090709104,13.306803703308105,193016000
2020-12-16,13.368554535432228,13.383245733797809,13.159398488926833,13.189278602600098,223116000
2020-12-17,13.313029806135399,13.325729187944816,13.125536778993428,13.287632942199707,231384000
2020-12-18,13.325227800290302,13.351123325763458,13.017968362309006,13.218658447265625,342064000
2020-12-21,13.022199838320807,13.316263107075995,12.915380685357526,13.278664588928223,302332000
2020-12-22,13.26572057425923,13.283647883438702,13.001536398216391,13.224884986877441,185580000
2020-12-23,13.20272169186044,13.221645381169145,12.952731046047212,12.956963539123535,179144000
2020-12-24,12.984851528834119,13.079718838543478,12.886748109468082,12.941526412963867,97884000
2020-12-28,13.009999423359698,13.009999423359698,12.711952513384338,12.848152160644531,212564000
2020-12-29,12.873053464210267,13.019960686571482,12.790635724681074,12.891229629516602,170372000
2020-12-30,12.938041984526887,13.160643991606976,12.844918572910682,13.092917442321777,225396000
2020-12-31,13.083702589161886,13.098143976917555,12.863092439192675,13.002530097961426,192424000
2021-01-04,13.051581365786737,13.597628037496744,12.9104007529022,13.06079387664795,560640000
2021-01-05,13.04710135296224,13.389469813350296,13.03440292226786,13.350875854492188,322760000
2021-01-06,13.169355987451675,13.19176559346477,12.535414800402618,12.563799858093262,580424000
2021-01-07,12.915382094628498,13.32398392120334,12.834708264575642,13.290369033813477,461480000
2021-01-08,13.308793649429084,13.36705786522473,12.989581430224522,13.223387718200684,292528000
2021-01-11,13.364819940572676,13.904891272024647,13.308796388895459,13.566755294799805,518344000
2021-01-12,13.697229058684814,13.69922182626303,13.291367462132946,13.43055534362793,291476000
2021-01-13,13.435781431552286,13.570239074194301,13.331203898280512,13.477363586425781,210028000
2021-01-14,13.520439774298518,13.545090057040834,13.12752555150125,13.147195816040039,283120000
2021-01-15,13.17483621037775,13.271695346356372,12.796861987374657,12.807817459106445,277780000
2021-01-19,12.963935787634238,13.041373506221632,12.79237828621631,12.972900390625,226188000
2021-01-20,13.059051941538538,13.376521226677053,13.004273639082106,13.312031745910645,258572000
2021-01-21,13.364572650281392,13.942989151180981,13.199738085917478,13.811768531799316,337780000
2021-01-22,13.68477640464162,13.786117826642263,13.572479512634926,13.657386779785156,246820000
2021-01-25,13.72635884482473,13.772921018082734,13.183300345613404,13.59837532043457,251112000
2021-01-26,13.525916915766077,13.589908674618952,13.333692780784402,13.381251335144043,163980000
2021-01-27,13.176826544521976,13.17956588706727,12.742330152960971,12.865832328796387,371272000
2021-01-28,12.94401620453668,13.286135761458496,12.908409501804401,12.99854564666748,228316000
2021-01-29,13.022449229079449,13.281155615738037,12.859606529711234,12.937541961669922,271552000
2021-02-01,13.000790921127258,13.21741654968703,12.85089546558324,13.183802604675293,217204000
2021-02-02,13.3448990521838,13.517451986494493,13.232103488617547,13.502264022827148,220440000
2021-02-03,13.581197172944663,13.875759181686776,13.462178228664209,13.47612190246582,245408000
2021-02-04,13.476617397100561,13.618544596229361,13.284144388776067,13.609332084655762,201340000
2021-02-05,13.66984110418182,13.682041819578815,13.491310776070629,13.536378860473633,169152000
2021-02-08,13.672078622183603,14.415578363671342,13.672078622183603,14.380719184875488,434624000
2021-02-09,14.283114817717069,14.524640523472257,14.165340166311495,14.205926895141602,287560000
2021-02-10,14.405122263766792,14.84509644211504,14.283861699388261,14.704912185668945,485352000
2021-02-11,14.920043907883057,15.21087016144193,14.865015793501902,15.18945598602295,450828000
2021-02-12,14.989512421221601,15.229792846310929,14.715617109549683,14.901119232177734,374756000
2021-02-16,15.003703165313603,15.310714660298338,14.889912181045197,15.268633842468262,321960000
2021-02-17,15.11002462754426,15.162314342745137,14.72059633006822,14.846090316772461,274756000
2021-02-18,14.669800236515742,14.813470372969363,14.516418923223352,14.76939868927002,233868000
2021-02-19,14.964115141640802,15.116002383057575,14.7870798988498,14.866509437561035,271724000
2021-02-22,14.71536943669712,15.07242908936118,14.267427053399269,14.298053741455078,325884000
2021-02-23,14.018679913027913,14.181523573742238,13.335685999500365,14.085162162780762,391780000
2021-02-24,14.065990089420389,14.448446595280082,13.700713365709305,14.440727233886719,448320000
2021-02-25,13.989049754794058,14.316976805653484,13.16313319589413,13.254015922546387,824436000
2021-02-26,13.697228301041338,13.798818598724198,13.307302217792548,13.659381866455078,500932000
2021-03-01,13.819234727310848,13.869033961341506,13.498778190317397,13.786118507385254,353184000
2021-03-02,13.844135500255799,13.864553293096154,13.342161365725818,13.352370262145996,264116000
2021-03-03,13.372288481570262,13.397436481579216,12.747309959818812,12.753286361694336,377592000
2021-03-04,12.749303604657026,12.922853894741422,12.035185217858675,12.320533752441406,573344000
2021-03-05,12.499561345964047,12.499561345964047,11.632310492022057,12.411417007446289,542840000
2021-03-08,12.399963861900977,12.421128231216294,11.520014506906492,11.54665756225586,543112000
2021-03-09,12.085668531876562,12.570380320180579,12.014929374310588,12.474235534667969,521824000
2021-03-10,12.793306731118925,12.932293687337854,12.41171496237117,12.422425270080566,384376000
2021-03-11,12.902405394482225,12.998302184299803,12.687697531280483,12.945745468139648,299916000
2021-03-12,12.60176150260014,12.84137800317836,12.54372612258318,12.808748245239258,243964000
2021-03-15,12.8174670258616,13.158210052490965,12.720325527727177,13.142766952514648,221988000
2021-03-16,13.307410755933141,13.462837548611631,13.068541996245397,13.242401123046875,272128000
2021-03-17,12.991827836219349,13.403808019028105,12.941762456312304,13.292220115661621,243864000
2021-03-18,13.088219157514716,13.13554423645725,12.67026061604295,12.675740242004395,293896000
2021-03-19,12.703139313327759,12.874009196386721,12.56614486370807,12.798537254333496,299208000
2021-03-22,12.8652925575449,13.34527153839692,12.859314092199842,13.137786865234375,297804000
2021-03-23,13.205537648297126,13.295455977336987,12.973394165887411,13.022712707519531,222048000
2021-03-24,13.102915085638799,13.110886055698332,12.59030636238717,12.596532821655273,245840000
2021-03-25,12.453562514626949,12.66802144997611,12.226898653291949,12.489180564880371,295144000
2021-03-26,12.508356491147842,12.808997613768744,12.328021986506789,12.792059898376465,363968000
2021-03-29,12.773132589205469,13.014492713127513,12.653324782729335,12.900662422180176,273520000
2021-03-30,12.794802331642357,12.927562839023832,12.658305758509186,12.824442863464355,200204000
2021-03-31,12.967662254162988,13.420989848582142,12.934783551601091,13.299189567565918,314776000
2021-04-01,13.522369358755661,13.819024583083182,13.46159272623592,13.76098918914795,308276000
2021-04-05,13.816530686429957,13.962491864814922,13.682524535818397,13.936089515686035,255672000
2021-04-06,13.948298669088535,14.002597999831714,13.722880480460747,13.810556411743164,191744000
2021-04-07,13.829735341708554,14.191152220575374,13.661107830911533,14.091520309448242,251284000
2021-04-08,14.20036660361676,14.418312621618602,14.196629588023145,14.26438045501709,244416000
2021-04-09,14.161759195266548,14.355046432497897,14.12290297240524,14.347075462341309,195172000
2021-04-12,14.237230908904042,15.296074841669363,14.087283745856782,15.153101921081543,869324000
2021-04-13,15.17551855147795,15.642296785961808,15.070157136320923,15.621871948242188,676212000
2021-04-14,15.56757439683238,15.662723403944465,15.17153526617019,15.220853805541992,385500000
2021-04-15,15.604936219474224,16.154658563081032,15.574050016503216,16.07794189453125,598480000
2021-04-16,15.994000959162806,16.106337579853726,15.806941121261284,15.854018211364746,335208000
2021-04-19,15.479397321409937,15.74940120021796,15.177012626643881,15.305289268493652,404420000
2021-04-20,15.266932701181231,15.440044046604253,14.908007196915346,15.11549186706543,334132000
2021-04-21,15.063182531098462,15.306037228333295,15.046743653685485,15.304044723510742,216776000
2021-04-22,15.318491630862203,15.381758649575245,14.729165313862191,14.795670509338379,277788000
2021-04-23,14.879362682597167,15.278639983279946,14.845488196208844,15.209146499633789,227500000
2021-04-26,15.129191549679522,15.422110695504312,15.069411647383998,15.421113967895508,197796000
2021-04-27,15.521241884321276,15.612903751038674,15.298065206668875,15.325215339660645,164572000
2021-04-28,15.308030914991681,15.475164740857569,15.15957836730446,15.220602989196777,209416000
2021-04-29,15.343400960325498,15.37976679134769,15.016108481125764,15.268427848815918,173196000
2021-04-30,15.118728737053257,15.308527889547474,14.941880391047532,14.954334259033203,201912000
2021-05-03,15.06941043878628,15.19071284416774,14.733151247079403,14.782219886779785,203912000
2021-05-04,14.583453950082967,14.583702894438511,13.958758495262643,14.298504829406738,405324000
2021-05-05,14.654940249491606,14.75905695265572,14.334622020113388,14.40536117553711,292024000
2021-05-06,14.441976491548107,14.517697387535478,14.16574610808728,14.469624519348145,193380000
2021-05-07,14.753823675891304,14.915725847718134,14.617825015407917,14.757808685302734,229328000
2021-05-10,14.732903760867538,14.75158504127591,14.197628684614322,14.2133207321167,268904000
2021-05-11,13.774191435763795,14.301994417843918,13.699467258930792,14.25367259979248,285584000
2021-05-12,13.9580113483226,14.207840322870009,13.658865734558306,13.707934379577637,303408000
2021-05-13,13.982169938542986,14.028998076504566,13.409532427846457,13.61502456665039,285404000
2021-05-14,13.838951467039104,14.275341444847527,13.697971040090284,14.190653800964355,258616000
2021-05-17,14.104968793564424,14.117173718298679,13.802585013316975,14.11343765258789,216980000
2021-05-18,14.214565990259484,14.35131151460924,13.952532083750327,13.964239120483398,186256000
2021-05-19,13.516639700292195,14.02775479367314,13.493475521861324,14.014055252075195,344000000
2021-05-20,14.249935764831699,14.629784989317054,14.218053780494753,14.558796882629395,321592000
2021-05-21,15.108016123390577,15.166052454228243,14.814848087607245,14.93664836883545,672992000
2021-05-24,15.156589134652451,15.687132304008871,15.120223305868196,15.554621696472168,554816000
2021-05-25,15.708055773561385,15.760362594796842,15.425597988720599,15.590240478515625,435408000
2021-05-26,15.676423080242675,15.735704145609564,15.52896724992977,15.642298698425293,370440000
2021-05-27,15.642047824221699,15.692113190945143,15.403179081309112,15.431076049804688,581476000
2021-05-28,15.444034637929313,16.21768077012577,15.444034637929313,16.18480110168457,644536000
2021-06-01,16.210203934751263,16.328019228538366,15.844801122756069,16.204723358154297,472804000
2021-06-02,16.192519278165797,16.856569802587472,16.175830504462102,16.716585159301758,594168000
2021-06-03,16.63936684781397,17.195565429117057,16.522049469970472,16.907377243041992,580008000
2021-06-04,17.049601597313153,17.5960856255782,17.032665784160628,17.513641357421875,617120000
2021-06-07,17.5066719180592,17.747034348298172,17.12956302093456,17.554244995117188,575756000
2021-06-08,17.462830794677384,17.556734115441593,17.18759528524921,17.392839431762695,323848000
2021-06-09,17.455372530301904,17.514418168620654,17.196268545386232,17.29841423034668,381656000
2021-06-10,17.29019648734641,17.43170722377166,17.116796462616325,17.36493682861328,287772000
2021-06-11,17.419248285060828,17.877414660065863,17.383622077318115,17.76380729675293,416308000
2021-06-14,17.84427977971432,17.97731876578179,17.601868346834245,17.956640243530273,321376000
2021-06-15,17.85325126082189,17.954151966900646,17.666895541106463,17.72718620300293,243032000
2021-06-16,17.729423980176904,17.8928582145457,17.52388380440414,17.748855590820312,307124000
2021-06-17,17.713230770641097,18.770074396069546,17.69504416542192,18.592937469482422,809656000
2021-06-18,18.719256436939983,19.308219005834278,18.51994502882804,18.574506759643555,968856000
2021-06-21,18.37170132235496,18.47260390090823,17.761313426706515,18.36372947692871,672384000
2021-06-22,18.407828248625574,18.89838188023769,18.32262225653675,18.821645736694336,580144000
2021-06-23,18.942227287360627,19.086727909037208,18.84257162066044,18.99155616760254,332356000
2021-06-24,19.161473823483938,19.35306044926967,19.022453105749324,19.139299392700195,320924000
2021-06-25,19.21403708375664,19.278813549364894,18.829368014022474,18.965396881103516,278364000
2021-06-28,19.294512263445398,20.009539746281707,19.25240821728546,19.916112899780273,495436000
2021-06-29,19.813968049037626,20.02947213929642,19.589245203319127,19.957721710205078,367632000
2021-06-30,19.93031668352851,20.09300396046819,19.795283772661914,19.933555603027344,326568000
2021-07-01,20.055630160644014,20.38548859722356,19.949994640023817,20.142330169677734,480136000
2021-07-02,20.36979576583469,20.43457225231236,20.21782125954532,20.416383743286133,342764000
2021-07-06,20.666020436292737,20.770160059245526,20.28010622792403,20.627155303955078,446708000
2021-07-07,20.781620788688226,20.803046315753402,20.261918703161886,20.301530838012695,418428000
2021-07-08,19.788056528694977,20.063602249461436,19.632843115344528,19.83414649963379,503300000
2021-07-09,19.893685513393702,20.011029776539825,19.686153340670238,19.98113250732422,296624000
2021-07-12,20.170231770581537,20.461972057856865,20.118161969430805,20.44179344177246,321984000
2021-07-13,20.33018116670877,20.390722726429324,20.04466967248551,20.180200576782227,290708000
2021-07-14,20.287580628248975,20.34737328738898,19.68466640492016,19.773109436035156,380100000
2021-07-15,19.743459705435733,19.778587910474652,18.793494657119066,18.9008731842041,550564000
2021-07-16,18.964904144857933,19.090967290639107,18.010704097196164,18.098400115966797,688224000
2021-07-19,17.853497190988364,18.976362343498174,17.803917401134495,18.715017318725586,749060000
2021-07-20,18.665435297973314,18.77306281313049,18.10138637367849,18.547842025756836,434687000
2021-07-21,18.81691214625468,19.459689233832748,18.67739534613808,19.34309196472168,371017000
2021-07-22,19.574293617288724,19.818448030291623,19.209554105329772,19.526458740234375,323826000
2021-07-23,19.588247101340414,19.63209605947266,19.183646421770963,19.490585327148438,195672000
2021-07-26,19.244436793032506,19.374983858977348,18.848803969588506,19.227495193481445,203943000
2021-07-27,19.19859694685459,19.554366791908347,18.676402898513324,19.141794204711914,248863000
2021-07-28,19.2524080782056,19.57828058191226,18.92952549207066,19.435773849487305,202191000
2021-07-29,19.45171630566952,19.784566529734352,19.26137470574474,19.59422492980957,190781000
2021-07-30,19.351061621688924,19.562330709731967,19.196597153535997,19.43178367614746,183497000
2021-08-02,19.63209411744404,19.892194121271995,19.294261963742557,19.681921005249023,217444000
2021-08-03,19.67195614363054,20.152295043077654,19.153748123448008,19.7466983795166,301811000
2021-08-04,19.92109911933117,20.247969602176056,19.759656839937854,20.204120635986328,231309000
2021-08-05,20.429335766295853,20.66153240927619,20.271879455166875,20.56586265563965,211435000
2021-08-06,20.453251740531083,20.4990927022112,20.1403330525304,20.295795440673828,178497000
2021-08-09,20.375524755184056,20.437311323897866,20.073569653993285,20.225046157836914,146443000
2021-08-10,20.25195008967123,20.35957761344973,19.766627375953473,19.867280960083008,179238000
2021-08-11,19.97391190338551,19.979891738651794,19.363025922279018,19.6310977935791,185925000
2021-08-12,19.801508432244812,19.959958849718042,19.552370188713052,19.836387634277344,151652000
2021-08-13,19.836388472220936,20.1443233694404,19.782573757798062,20.118412017822266,183063000
2021-08-16,20.0655949890892,20.21707147166275,19.385944729446937,19.88123321533203,210876000
2021-08-17,19.61714701214786,19.70185501306102,19.2005885511107,19.39093017578125,204585000
2021-08-18,19.432786399803497,19.56632529724626,18.93450982544956,18.97437286376953,285913000
2021-08-19,19.42680433496521,20.424355275719023,18.697327164065186,19.72975730895996,766555000
2021-08-20,19.92209227489408,20.79308023295475,19.864293533156978,20.74424934387207,675741000
2021-08-23,20.89871719014443,21.92117981464418,20.877789664818607,21.882314682006836,575807000
2021-08-24,21.678021018612597,21.883310344893474,21.46077202046187,21.71788215637207,297299000
2021-08-25,21.66206982160792,22.392542896960293,21.64712213641012,22.136428833007812,347701000
2021-08-26,22.123473040488136,22.262989824998456,21.714886542330508,21.991928100585938,237940000
2021-08-27,22.10753410004748,22.643679777066232,22.090592499579266,22.55797576904297,304722000
2021-08-30,22.751303423762153,22.963568544992565,22.47326582404602,22.609792709350586,262580000
2021-08-31,22.62075674664323,22.62075674664323,22.04763890496798,22.311771392822266,259850000
2021-09-01,22.411444728207552,22.622751099548815,22.28386320003959,22.36758804321289,201767000
2021-09-02,22.444337387679806,22.51909280352411,22.222067304803737,22.322736740112305,187834000
2021-09-03,22.251971049959415,22.910808082103483,22.127379950913973,22.76827621459961,280532000
2021-09-07,22.758307882725695,22.82409196545465,22.4483244181334,22.587867736816406,198107000
2021-09-08,22.439353122725205,22.53603592576677,21.905105352001236,22.26592254638672,254434000
2021-09-09,22.23901265299159,22.464273188352024,22.058604988452572,22.104454040527344,196856000
2021-09-10,22.2748946360381,22.55198511877038,22.197150672313043,22.404470443725586,248376000
2021-09-13,22.609797693327096,22.888882461215875,21.786499434109167,22.079538345336914,297500000
2021-09-14,22.202133951589552,22.336692569612442,22.013753027023114,22.16924285888672,199755000
2021-09-15,22.236020817611784,22.293831645548725,21.894142459272885,22.267915725708008,166538000
2021-09-16,22.110435843651945,22.20412821528791,21.855272750166648,22.16924285888672,156033000
2021-09-17,22.227050730218956,22.247981943060058,21.758588894411496,21.828359603881836,294503000
2021-09-20,21.076826867613953,21.362888683857676,20.594410879277827,21.043935775756836,349440000
2021-09-21,21.3469404733302,21.35491372577289,20.88146906785273,21.17650032043457,204688000
2021-09-22,21.29610478128571,21.888161496452156,21.126660825026075,21.869224548339844,268726000
2021-09-23,22.067576479469295,22.46128483770894,21.81839426303045,22.408458709716797,248555000
2021-09-24,21.997802477816837,22.076544517927047,21.78948654099759,22.008766174316406,217655000
2021-09-27,21.638981339967028,21.7276909027937,21.255242424863432,21.58914566040039,245215000
2021-09-28,21.144607100297833,21.34893644407722,20.583447115090674,20.631290435791016,343069000
2021-09-29,20.871502966534447,20.94825075454832,20.400048738103138,20.449886322021484,218394000
2021-09-30,20.700059532620926,20.997084994573704,20.620321319441768,20.648229598999023,221009000
2021-10-01,20.682119903644967,20.790762583446227,20.136908439010178,20.67414665222168,240978000
2021-10-04,20.43692580745961,20.47480160606298,19.49103082581489,19.667451858520508,345635000
2021-10-05,19.884744983978333,20.580461803916965,19.78905832754663,20.384105682373047,279282000
2021-10-06,20.054183467600772,20.652219202114356,20.014313404708272,20.632286071777344,297202000
2021-10-07,21.023000423462637,21.25224946522736,20.903394046211478,21.006057739257812,256919000
2021-10-08,21.03197853908757,21.13663462820632,20.707044670967722,20.762861251831055,151258000
2021-10-11,20.507693882375722,20.994096456605053,20.44390216537423,20.627300262451172,163388000
2021-10-12,20.759862367878053,20.98811330819256,20.460844548765365,20.603376388549805,162134000
2021-10-13,20.849571259430128,20.921336231312484,20.645241941754325,20.870502471923828,180652000
2021-10-14,21.218361862587606,21.683833248654274,21.052904524091133,21.674863815307617,243589000
2021-10-15,21.738651631224155,21.859256088546132,21.591136975232704,21.790481567382812,226994000
2021-10-18,21.677854960050606,22.218081780697908,21.57319699245635,22.149307250976562,189494000
2021-10-19,22.20313074793577,22.30579445739423,21.964914136514288,22.217086791992188,161473000
2021-10-20,22.232033823134188,22.359615354512936,21.910090500609137,22.03069496154785,146276000
2021-10-21,22.024716293024067,22.636708092213606,22.010762150737015,22.617769241333008,187590000
2021-10-22,22.748341829119337,23.054336786211532,22.487199745002837,22.65165901184082,249384000
2021-10-25,22.897848159028317,23.278598494667374,22.695513113631097,23.09021759033203,230235000
2021-10-26,23.9105273389636,25.17637336256749,23.84573943509634,24.636144638061523,485898000
2021-10-27,24.39394293454579,25.007927133813123,24.20256965592996,24.371017456054688,245990000
2021-10-28,24.79662140845552,24.868386389920456,24.442783111276334,24.85941505432129,234204000
2021-10-29,24.91921376694326,25.62489787147844,24.91821758575926,25.483362197875977,292503000
2021-11-01,25.565094542912135,25.80929200930688,25.144474150231424,25.742511749267578,265740000
2021-11-02,25.737527951466095,26.590726680343938,25.71559865861731,26.314632415771484,294112000
2021-11-03,26.582755112755702,26.69638250653968,26.149178650654214,26.510990142822266,239910000
2021-11-04,27.139927249878582,31.26239704427072,27.02929029769168,29.703514099121094,1153631000
2021-11-05,30.088251003295557,31.297282321186877,29.313792339899493,29.654674530029297,851260000
2021-11-08,30.050379427191398,30.998268813095162,29.809170458233044,30.703237533569336,503101000
2021-11-09,32.17639923609389,32.204307519629445,29.86598118563401,30.556713104248047,646746000
2021-11-10,29.259970949508748,30.74908322904024,28.68386069593988,29.362632751464844,636206000
2021-11-11,30.368332333995184,30.489932984419298,29.679592774599925,30.290586471557617,332172000
2021-11-12,29.911830378451516,30.579638725096128,29.53307238423617,30.290586471557617,413054000
2021-11-15,30.45206106579167,30.543759180639718,29.151329561322342,29.92678451538086,384909000
2021-11-16,29.66164877670332,30.29058317308719,29.608820758848818,30.10419464111328,264484000
2021-11-17,30.318494131813672,30.409197952977312,28.70578699749506,29.165279388427734,428508000
2021-11-18,32.26111820971524,32.65283033546003,31.218538566380822,31.571380615234375,781711000
2021-11-19,32.13753223855901,32.97976943566429,31.800638500382686,32.877105712890625,533867000
2021-11-22,33.40735781762492,34.533662437419686,31.795648655207987,31.851465225219727,754335000
2021-11-23,31.431844462985936,32.25414653332147,30.778986374975506,31.642154693603516,532163000
2021-11-24,31.358077087355277,32.74751577697891,30.8268198317491,32.567108154296875,435162000
2021-11-26,32.493355877058754,32.60299664841291,31.2474468349952,31.399946212768555,283069000
2021-11-29,32.26012461188157,33.30270053648563,31.931202291527786,33.26681900024414,454964000
2021-11-30,33.06049435573746,33.24389436052743,31.759764944757165,32.56910705566406,622066000
2021-12-01,33.114384343880765,33.18416358693001,31.281173351154255,31.336000442504883,484368000
2021-12-02,31.11569943003582,32.37571869369958,30.927293561836475,32.02482604980469,472890000
2021-12-03,31.89922925543246,32.02782463570663,30.035117209227543,30.596345901489258,544325000
2021-12-06,29.78589864714848,30.145761817550646,27.949700565814876,29.942405700683594,658938000
2021-12-07,30.859514259780514,32.346816391112846,30.554476224251633,32.32488250732422,593053000
2021-12-08,31.898232211155804,32.188316185516875,31.322051376993954,31.72577667236328,475551000
2021-12-09,31.63406386343503,32.10358318046431,30.332176907618503,30.39398193359375,488507000
2021-12-10,31.051899183722014,31.206411727993792,29.76695906181619,30.10289764404297,488825000
2021-12-13,30.1537389247884,30.19859728465225,28.027454948851968,28.07231330871582,598344000
2021-12-14,27.611769480974516,28.587686497132797,27.16418406880267,28.247760772705078,667035000
2021-12-15,28.310561418103585,30.40394841022342,27.750331012948195,30.36307716369629,698297000
2021-12-16,31.053895348302806,31.061869576386897,28.004528853648427,28.2976016998291,707366000
2021-12-17,27.896868119225253,28.83091752139496,27.672576326059648,27.71344757080078,713758000
2021-12-20,27.219012340762006,28.05536898927544,27.059516359346297,27.6317081451416,461847000
2021-12-21,28.284643989318436,29.028294944690636,27.314706725168943,28.983436584472656,524385000
2021-12-22,28.800013421604074,29.461921824667396,28.359404087389027,29.307409286499023,395184000
2021-12-23,29.66129326312554,29.964336743268632,29.33831421297981,29.546655654907227,343022000
2021-12-27,29.56659806861277,30.98910437388651,29.54666059393546,30.847551345825195,403686000
2021-12-28,31.213395052745707,31.231338018752773,29.917487766927692,30.226512908935547,420591000
2021-12-29,30.177663603854032,30.451797181054715,29.273518478931255,29.906518936157227,343139000
2021-12-30,29.733062868834047,30.361079819131565,29.446967990476463,29.492822647094727,308864000
2021-12-31,29.580552622443367,29.935432431024672,29.23863236196779,29.31838035583496,266530000
2022-01-03,29.72110791823675,30.614286167328913,29.691201708964883,30.02614402770996,391547000
2022-01-04,30.181652811785955,30.37205130388123,28.259724925855497,29.19776153564453,527154000
2022-01-05,28.857832469761814,29.323362739600288,27.446293309746405,27.51706886291504,498064000
2022-01-06,27.552954288101756,28.348441526045892,26.979766244192536,28.08926010131836,454186000
2022-01-07,28.052377508601495,28.33249270432617,26.971789766731415,27.161191940307617,409939000
2022-01-10,26.497290128969677,27.382494114013422,25.5632406683439,27.313711166381836,594681000
2022-01-11,27.2369568124406,27.976620750573424,26.754481727173197,27.729400634765625,404089000
2022-01-12,27.978608560513216,28.504945618330236,27.52105444566208,27.910823822021484,383413000
2022-01-13,28.289625832276567,28.390307586035668,26.414549141387052,26.491308212280273,540171000
2022-01-14,26.217172683523167,27.1113490250758,26.127455968299266,26.85715103149414,395832000
2022-01-18,26.177300546732358,26.554110383396345,25.688843914417376,25.82142448425293,424270000
2022-01-19,25.996872119985937,26.459409683048193,24.97310593684919,24.98805809020996,488315000
2022-01-20,25.22431503185262,25.498448638286458,24.00217414256686,24.07394790649414,435181000
2022-01-21,23.432970816782724,24.74482640351697,23.189739748176777,23.300390243530273,718958000
2022-01-24,22.25967504955575,23.306367476743638,20.82221696787781,23.29839324951172,913982000
2022-01-25,22.47499743870543,22.87074846480711,21.930717378924925,22.25369644165039,664616000
2022-01-26,23.16681347265323,23.98124005243623,22.22977314342867,22.700286865234375,755959000
2022-01-27,23.493785506024345,23.919440934944628,21.60674498365233,21.87489891052246,573353000
2022-01-28,21.942680495703392,22.786017001467613,21.228935667863265,22.76807403564453,543774000
2022-01-31,23.10899542114048,24.43181805477135,22.97940564831107,24.408889770507812,564680000
2022-02-01,25.02494354865154,25.065814798100266,23.814765930647102,24.56041145324707,518925000
2022-02-02,25.712769688020778,25.735696069563566,24.475676742278374,25.162508010864258,543419000
2022-02-03,24.38097948355901,24.99802967321124,23.705115075622988,23.87258529663086,410178000
2022-02-04,23.89650713053911,24.55741930721573,23.557577711661764,24.242414474487305,354829000
2022-02-07,24.295251385703413,25.102700132495116,24.125786646120726,24.650131225585938,376868000
2022-02-08,24.282288838178633,25.150546207819467,23.90448265925914,25.0289306640625,410359000
2022-02-09,25.541309655752155,26.64083667175982,25.27315770145827,26.620899200439453,524282000
2022-02-10,25.913134866611202,26.84020442347212,25.519378382520046,25.742671966552734,513200000
2022-02-11,25.834385491481136,26.069642339244744,23.698134593993387,23.873579025268555,605472000
2022-02-14,23.85862696314563,24.79666354683214,23.680189818886806,24.19057846069336,440424000
2022-02-15,24.870429246985168,26.461403743864466,24.705949858768733,26.411561965942383,699869000
2022-02-16,26.176304019794223,26.498286759029188,25.471529825588878,26.427509307861328,732676000
2022-02-17,25.549283587406155,25.70379613633401,24.088899004953028,24.429821014404297,810595000
2022-02-18,24.590318819110674,24.907318216224986,23.027257619895654,23.567550659179688,761255000
2022-02-22,22.9624522816011,23.98821082892475,22.92756266443645,23.316333770751953,633422000
2022-02-23,23.727044613283795,24.078933611616357,22.230771994916,22.316499710083008,566511000
2022-02-24,20.948820693767292,23.72505025027843,20.82421433341637,23.673213958740234,735801000
2022-02-25,23.64630285356059,24.14073932913622,23.307373366996057,24.080928802490234,528866000
2022-02-28,23.916448303789124,24.58732932029643,23.63234593831366,24.308210372924805,477319000
2022-03-01,24.214504305072836,24.300233919081215,23.059153777179308,23.403066635131836,412056000
2022-03-02,23.685225970986814,24.336280413234043,23.34524228336605,24.147842407226562,389642000
2022-03-03,24.189714450005976,24.253524852561736,23.39907779476586,23.643348693847656,365095000
2022-03-04,23.314331446054602,23.609449084190494,22.415018401859665,22.867666244506836,431415000
2022-03-07,22.749016800661877,22.96437474060364,21.266447763904743,21.288381576538086,450821000
2022-03-08,21.24551054038405,22.306339565350985,20.58847361397796,21.449899673461914,557467000
2022-03-09,22.3202962123776,23.150814439662312,22.180713956250962,22.9454288482666,492742000
2022-03-10,22.46387173081111,22.720105999777736,21.816805180949956,22.59049415588379,428066000
2022-03-11,22.953408821575593,23.076043457185644,21.980316832138143,22.034156799316406,367209000
2022-03-14,21.80384262804617,22.195671367540292,21.095958926406958,21.266448974609375,385354000
2022-03-15,21.45388943534592,22.96936124008591,21.258474245006287,22.90455436706543,491996000
2022-03-16,23.42998833057086,24.523720247964146,23.10296639709602,24.42302131652832,671422000
2022-03-17,24.048141553865687,24.76798876220505,23.834778411537343,24.692216873168945,471941000
2022-03-18,24.725112338972878,26.489839164055603,24.55063450386545,26.374183654785156,730719000
2022-03-21,26.42802540885607,27.07110416186951,25.889633364007818,26.654348373413086,591727000
2022-03-22,26.647374967141474,27.156854192669332,25.994327541568634,26.44498062133789,547007000
2022-03-23,26.048159533733372,26.53271160406256,25.498802493887702,25.557626724243164,502120000
2022-03-24,26.088045093021876,28.23562710130492,25.82981594503605,28.066133499145508,877379000
2022-03-25,27.8029135702572,28.273507371801568,27.189746185956608,27.6094913482666,579016000
2022-03-28,27.673309683402085,28.165837438525198,27.12494710554609,28.134929656982422,425494000
2022-03-29,28.609502941441008,28.85975453924561,27.896633131852415,28.570619583129883,488984000
2022-03-30,28.219671024878537,28.411098411151755,27.421056956130638,27.607500076293945,463487000
2022-03-31,27.699226807551824,28.163838026854247,27.188753110757293,27.20470428466797,523440000
2022-04-01,27.29343862106805,27.41407840137785,26.188740006342908,26.632413864135742,517235000
2022-04-04,26.648367352938315,27.475894378510496,26.533710211634048,27.278484344482422,397120000
2022-04-05,27.172798887898374,27.237605758755578,25.743071345725753,25.853740692138672,436615000
2022-04-06,24.859710266858784,25.224619010193965,23.931484383526115,24.334280014038086,703833000
2022-04-07,24.36817746055008,24.648340351477188,23.408047395474252,24.13587188720703,557992000
2022-04-08,23.845742196501757,23.851724837527705,22.99329001527572,23.050119400024414,524781000
2022-04-11,22.147817756385205,22.253500942815894,21.59546745592254,21.851701736450195,575207000
2022-04-12,22.46985514903304,22.65729475827579,21.218593162457935,21.439931869506836,662258000
2022-04-13,21.6632614326222,22.432960597266536,21.391074129015756,22.136844635009766,516943000
2022-04-14,22.437950489268136,22.70914138808518,21.099949624918715,21.194665908813477,569097000
2022-04-18,21.13684014323295,22.02219313271973,21.016200346382977,21.718103408813477,525701000
2022-04-19,21.655293632492693,22.30634816958261,21.25050300327346,22.13187026977539,512781000
2022-04-20,22.4499095537878,22.602453560138684,21.13683419085272,21.417993545532227,468974000
2022-04-21,21.644320110833693,22.325285752038848,19.940412249254727,20.122867584228516,656209000
2022-04-22,20.242508087919838,20.424963414737594,19.44190107394043,19.45685577392578,624713000
2022-04-25,19.14479141968029,19.885577840769354,19.039108228053102,19.84270668029785,641566000
2022-04-26,19.659252706344454,19.729043844449905,18.614374777282016,18.732023239135742,653143000
2022-04-27,18.542591397089467,19.109896444638807,18.235510346277362,18.360137939453125,499460000
2022-04-28,18.910488306653104,19.977301919519842,18.434910207307524,19.723060607910156,570327000
2022-04-29,19.344193301516768,20.068030059623467,18.461829879065967,18.491741180419922,500435000
2022-05-02,18.48575893149055,19.515680231778166,18.33620622488366,19.474803924560547,572049000
2022-05-03,19.3421965619345,19.765931398834063,19.07599190108986,19.543594360351562,475751000
2022-05-04,19.863641752299557,20.33921986356432,18.695132726502678,20.27341651916504,648855000
2022-05-05,19.807807888219486,19.865633741473076,18.444880215286258,18.78785514831543,626331000
2022-05-06,18.680180965141894,19.453868144607874,17.936403191321382,18.619361877441406,633297000
2022-05-09,17.98027188540069,18.20061223010109,16.776867157808468,16.89950180053711,644455000
2022-05-10,17.636297548198513,18.143781837571737,16.974276274336525,17.542577743530273,761474000
2022-05-11,17.295316703632178,17.70010720962238,16.518638315122686,16.58045196533203,670167000
2022-05-12,16.170677698614824,16.73798268883239,15.520620763164581,16.126808166503906,708728000
2022-05-13,16.73798718077489,17.874590412167816,16.543568407159412,17.65325164794922,670437000
2022-05-16,17.456837299175664,17.73500542241008,17.055038053763205,17.212566375732422,521446000
2022-05-17,18.020150928461515,18.316266948710442,17.581463204511554,18.122844696044922,585830000
2022-05-18,17.652250113395763,18.064019738570103,16.813756162184983,16.887535095214844,545161000
2022-05-19,16.886535872778936,17.63430122078651,16.68413969929211,17.072978973388672,621310000
2022-05-20,17.28036591060508,17.35813265366858,15.70806343146981,16.64426612854004,739105000
2022-05-23,16.2255129579709,16.864603890150594,16.130796688219526,16.847654342651367,639889000
2022-05-24,16.46081730408353,16.54755802651823,15.732991463472423,16.105876922607422,588550000
2022-05-25,15.972272324867756,17.060021530351076,15.952331454150205,16.924427032470703,781132000
2022-05-26,15.988218897337006,18.03809265565369,15.974260672186306,17.79781150817871,996575000
2022-05-27,18.13181926193302,18.82474834379244,18.046075040592772,18.75495719909668,738379000
2022-05-31,18.923450248875827,19.14279599466487,18.295328116993222,18.616369247436523,664100000
2022-06-01,18.668218552747707,18.99623696880328,18.068010839185806,18.26542091369629,544514000
2022-06-02,18.237502324193954,19.56054844841514,18.143782516021254,19.533628463745117,648656000
2022-06-03,19.025151378896318,19.274406575530012,18.46681836923716,18.664228439331055,598779000
2022-06-06,19.081979003796526,19.279389055591135,18.508691344014494,18.730030059814453,422406000
2022-06-07,18.416963933581936,18.94339066834296,18.133809698571795,18.869611740112305,388914000
2022-06-08,18.74695746915526,19.126903243016258,18.48368837591233,18.596376419067383,363252000
2022-06-09,18.429833350813585,18.880581583160353,17.991051027241866,17.998031616210938,395574000
2022-06-10,17.55127599699547,17.648007580932866,16.82229882218963,16.92700958251953,465248000
2022-06-13,15.955702020878928,16.266838484183843,15.562792805356883,15.603679656982422,604153000
2022-06-14,15.687448327103725,16.021520910273885,15.369331242158152,15.792158126831055,469680000
2022-06-15,16.050439932166825,16.821300578805904,15.881908139766276,16.481245040893555,563936000
2022-06-16,15.816090696879078,15.897864407425715,15.358361819515217,15.557807922363281,545749000
2022-06-17,15.604677679322638,15.950717118320277,15.285563915858456,15.83603572845459,630334000
2022-06-21,16.429388214877477,16.960911609240924,16.361575686273117,16.5201358795166,483089000
2022-06-22,16.18107512298737,16.615868797299967,16.135202954286214,16.31470489501953,437135000
2022-06-23,16.473265177528255,16.539082437023865,15.809109627633456,16.18008041381836,463680000
2022-06-24,16.454320190454215,17.092547758876677,16.264845667803225,17.07858657836914,472153000
2022-06-27,17.264072406028497,17.282022223468143,16.579970759321082,16.822298049926758,427968000
2022-06-28,16.853213451837764,17.154377436974972,15.900857361660135,15.937755584716797,461149000
2022-06-29,15.770217280899118,15.776200235548698,15.128000214513376,15.498970031738281,482352000
2022-06-30,15.31847053785556,15.52390051921732,14.820852506876262,15.117030143737793,686070000
2022-07-01,14.857749366858286,15.021294859447558,14.352153126123206,14.482789993286133,577610000
2022-07-05,14.135756008662238,14.92955177197515,14.01608834866183,14.922571182250977,651397000
2022-07-06,14.9684432720513,15.276587784305496,14.748054467101642,15.08811092376709,529066000
2022-07-07,15.413208995404638,15.900854523259023,15.346394102933195,15.814095497131348,492903000
2022-07-08,15.387282758295411,15.992602644864192,15.346395900511634,15.794153213500977,467972000
2022-07-11,15.483015309181383,15.484012943856513,14.996366451757986,15.110051155090332,437321000
2022-07-12,15.225727086961914,15.38827589482835,14.835809855403015,15.040242195129395,458483000
2022-07-13,14.549605743927154,15.33243221201758,14.424951823504246,15.122015953063965,521918000
2022-07-14,15.066171100260284,15.430160316266676,14.68722307156985,15.329440116882324,456235000
2022-07-15,15.615648276832916,15.73830694346338,15.40224003829484,15.718362808227539,385935000
2022-07-18,16.2568630566496,16.85021493548919,15.957694457686417,16.056419372558594,670517000
2022-07-19,16.440358091474902,17.062631077163257,16.127228231279975,16.944957733154297,702366000
2022-07-20,16.90008038178597,17.883350564875844,16.754484694338107,17.75769805908203,760538000
2022-07-21,17.835486394527994,18.09376823842625,17.49642751736756,18.000028610229492,557049000
2022-07-22,17.843467566827737,17.917262123767603,17.089559837420854,17.27105712890625,536671000
2022-07-25,16.971878546789405,17.076589278551587,16.602904032037294,16.976865768432617,480748000
2022-07-26,16.84224178303558,16.872159411075533,16.43238035984879,16.487228393554688,397865000
2022-07-27,16.984846555686445,17.88634506733334,16.866176524140016,17.74074935913086,569776000
2022-07-28,17.925237772890636,18.08977999214664,17.39171903743578,17.93421173095703,474646000
2022-07-29,17.763683382729887,18.193489890290078,17.64301808926749,18.112714767456055,435460000
2022-08-01,18.13166037008038,18.79382347486427,17.940192505913,18.389944076538086,476469000
2022-08-02,18.071827728649904,18.885568560892924,18.041910100984115,18.474708557128906,489527000
2022-08-03,18.133657657387115,18.915487551007924,18.08678689420816,18.840694427490234,418146000
2022-08-04,18.796816360490926,19.220638962108396,18.708062062276774,19.161802291870117,409652000
2022-08-05,18.757920901412877,19.17576145516048,18.614320486775554,18.936426162719727,386068000
2022-08-08,17.45354536402082,18.188504443935763,17.19426496293747,17.743738174438477,981859000
2022-08-09,17.20423899397108,17.398698836090517,16.677700873007122,17.038698196411133,668263000
2022-08-10,17.64900050219798,18.06783774802281,17.269054837998027,18.04689598083496,597422000
2022-08-11,18.080804181955322,18.65520971795895,17.82650909360647,17.89232635498047,509327000
2022-08-12,18.109721945226894,18.666177625548745,17.903294316475968,18.657201766967773,478094000
2022-08-15,18.649226086629287,19.110943606719005,18.56147037086015,18.97930908203125,457666000
2022-08-16,18.867615667988698,19.089001131232823,18.449775142788685,18.82672882080078,451240000
2022-08-17,18.471721894186565,18.63626412135766,18.094768085558428,18.28424072265625,446799000
2022-08-18,18.250332132443727,18.812769810722802,18.13265879882492,18.721025466918945,415447000
2022-08-19,18.35504051013906,18.468725204485096,17.720801686073024,17.799583435058594,441588000
2022-08-22,17.441574209966397,17.509386725743322,16.919024871308032,16.98683738708496,409593000
2022-08-23,16.941968295162376,17.416650378436234,16.923019890108804,17.13343620300293,369986000
2022-08-24,16.964902510641934,17.357812751409767,16.8482277414163,17.1743221282959,522661000
2022-08-25,16.797366467637275,17.897313400062618,16.78639724119501,17.863407135009766,770691000
2022-08-26,17.807561673056387,17.874375614644485,16.192045948797936,16.214982986450195,769127000
2022-08-29,15.97564717969457,16.29276564803654,15.723347381626995,15.75725269317627,496132000
2022-08-30,15.915813141555713,15.994593942634191,15.13996723606161,15.425175666809082,530181000
2022-08-31,15.341407879469896,15.496976116815032,14.91758433882462,15.052210807800293,573710000
2022-09-01,14.169660919691056,14.340187972290808,13.233261435486058,13.898414611816406,1178865000
2022-09-02,14.060963550220945,14.131766129658757,13.55337197606146,13.609217643737793,743157000
2022-09-06,13.6929833994128,13.74085083822802,13.314035378216058,13.427720069885254,535751000
2022-09-07,13.52947084190667,13.803791589417848,13.313007276665285,13.680097579956055,512657000
2022-09-08,13.425725497360691,13.973368965250524,13.335948799799713,13.955412864685059,624873000
2022-09-09,14.122000907484114,14.438217613905524,14.091078359455306,14.351432800292969,486612000
2022-09-12,14.333476599142045,14.511036035425132,14.162898875313989,14.46914005279541,484159000
2022-09-13,13.767879095556324,13.887582320478687,13.06661696561573,13.09853744506836,714956000
2022-09-14,13.22123276604588,13.25714401689083,12.881076192438005,13.095544815063477,588507000
2022-09-15,12.982824382811994,13.200284898230091,12.758380252068209,12.8970365524292,523625000
2022-09-16,12.710497968812046,13.179336268504516,12.585807002502516,13.16537094116211,670751000
2022-09-19,12.979830907792524,13.429716127163072,12.97783599693244,13.348916053771973,569685000
2022-09-20,13.182329079094677,13.44966616014184,13.024719705664902,13.143424987792969,524818000
2022-09-21,13.180334501882477,13.996312044305188,13.07758850400222,13.228215217590332,807679000
2022-09-22,13.037687792673827,13.116492959222398,12.39727571074283,12.529946327209473,759162000
2022-09-23,12.38929449653901,12.579822277960686,12.22669736982,12.48505687713623,663309000
2022-09-26,12.460118479404896,12.627703351069655,12.18380288466906,12.197768211364746,547343000
2022-09-27,12.476080251525241,12.704514210651315,12.227696230944117,12.382312774658203,553854000
2022-09-28,12.37932021781137,12.791299318139588,12.323458902869692,12.704514503479004,542414000
2022-09-29,12.417224823009533,12.469096309319497,11.916466059827378,12.189788818359375,532763000
2022-09-30,12.057117275528151,12.601767882452046,12.045146859340639,12.108988761901855,565638000
2022-10-03,12.316476553047927,12.646658600455845,12.075074233627726,12.48106861114502,547478000
2022-10-04,12.847159012438114,13.187316515119232,12.847159012438114,13.13444709777832,584182000
2022-10-05,12.879079395215982,13.288065568546982,12.58979642251968,13.176342010498047,507131000
2022-10-06,13.187316594180706,13.62223854641482,13.070605273695971,13.097538948059082,644157000
2022-10-07,12.47408277401214,12.638674790247842,11.992277140241855,12.046143531799316,672478000
2022-10-10,12.007238900151382,12.094023691014902,11.379794356345908,11.641146659851074,698699000
2022-10-11,11.532415215278006,11.816710398525156,11.25510269403857,11.557353973388672,667482000
2022-10-12,11.550377105621642,11.705990658240452,11.316955349718189,11.471571922302246,492590000
2022-10-13,10.943875273241852,12.048138702279783,10.78626591637664,11.93043041229248,850103000
2022-10-14,12.0271914472458,12.081057843251315,11.176300644723986,11.199243545532227,713432000
2022-10-17,11.489524053285416,11.9184612819513,11.488527073512962,11.858609199523926,580774000
2022-10-18,12.313482956867912,12.461116834509994,11.589277945577948,11.93741512298584,659362000
2022-10-19,11.849634027138018,12.319470353317195,11.804745194046799,12.021208763122559,523131000
2022-10-20,12.083054517539724,12.737432910817912,12.075073921985922,12.163854598999023,652398000
2022-10-21,12.068090417832614,12.467102092739703,11.85761257031653,12.4351806640625,609494000
2022-10-24,12.477078338119243,12.678578622776968,12.034175742763328,12.567852973937988,517457000
2022-10-25,12.662617544617813,13.26711930987685,12.63269102706923,13.228215217590332,505482000
2022-10-26,12.837184898566917,13.354900896725308,12.676582681545735,12.864117622375488,532953000
2022-10-27,13.59630304820485,13.803788998303101,13.089558589412318,13.143424987792969,583113000
2022-10-28,13.071604141512527,13.815760155792058,13.028710226197942,13.799798965454102,521040000
2022-10-31,13.74393706149706,13.803789144395994,13.264126272475048,13.463631629943848,486341000
2022-11-01,13.776853766844887,13.89057223464228,13.485575885802234,13.509516716003418,432817000
2022-11-02,13.815759886644688,14.174869538553562,13.17833970749939,13.186319351196289,672628000
2022-11-03,13.01075449802835,13.74692988442399,12.92396969143258,13.387819290161133,500065000
2022-11-04,13.951423355113537,14.1938226319805,13.663137321682004,14.121003150939941,612576000
2022-11-07,14.19282459299917,14.376369715229352,13.919502771881342,14.265644073486328,410061000
2022-11-08,14.764407269491864,14.854184915550686,14.180853521426073,14.565899848937988,595292000
2022-11-09,14.126986819932588,14.175866414863753,13.724983283457384,13.741941452026367,454414000
2022-11-10,14.763409444549325,15.734003424063605,14.51103468975513,15.711060523986816,700819000
2022-11-11,15.767920535169456,16.348481436653724,15.443724222491777,16.28663444519043,655487000
2022-11-14,16.177907561308043,16.499112040814346,15.882638829501316,16.254716873168945,527852000
2022-11-15,16.68066295893642,16.955979752198513,16.341503294428332,16.624801635742188,545876000
2022-11-16,16.122044306055884,16.321548716407033,15.833758273609781,15.87066650390625,649547000
2022-11-17,15.676147926956387,16.225786282199604,15.496592636887353,15.6382417678833,710894000
2022-11-18,15.926529043321702,15.962441247903389,15.082620775152405,15.370906829833984,492072000
2022-11-21,15.109551164252508,15.438735202574657,15.042716425610418,15.279130935668945,404739000
2022-11-22,15.29010813802562,16.01830401963345,15.084617057750513,15.998353004455566,472866000
2022-11-23,16.05820026675545,16.486140496528126,16.008324643497133,16.478158950805664,427241000
2022-11-25,16.277659960613633,16.44624088571978,16.1320209884095,16.229778289794922,167934000
2022-11-28,15.986377823696634,16.31656076749582,15.686123298163908,15.787870407104492,303741000
2022-11-29,15.787871013684132,15.89261191979211,15.48163079273218,15.600336074829102,298384000
2022-11-30,15.662198222921692,16.892465330806235,15.56242050073122,16.885480880737305,565298000
2022-12-01,16.961311508590725,17.22672059418411,16.598118225185257,17.097009658813477,470977000
2022-12-02,16.622066938764753,16.895459640770735,16.408540682249722,16.838584899902344,371389000
2022-12-05,16.64202078226574,16.957320143368804,16.43547900431618,16.57317352294922,352255000
2022-12-06,16.493352558842304,16.536256494140442,15.783928452332743,15.951556205749512,352694000
2022-12-07,15.737033837548465,16.150116510882306,15.632266127408133,16.08426284790039,372388000
2022-12-08,16.236922259213415,17.140913726572844,15.923617339692608,17.130935668945312,515456000
2022-12-09,17.121956228129644,17.544018774553155,16.93736690492108,16.963308334350586,465338000
2022-12-12,16.999227301100692,17.499115967644453,16.75975964222129,17.496122360229492,457328000
2022-12-13,18.48991676619764,18.7483433376604,17.671735017061216,18.03193473815918,656589000
2022-12-14,17.94711905663919,18.2115327974786,17.381376762267838,17.63481330871582,496888000
2022-12-15,17.10798934374783,17.281603394082957,16.662978923275983,16.914419174194336,478542000
2022-12-16,16.826611361927757,17.003218983176044,16.373617447522786,16.534259796142578,478232000
2022-12-19,16.53525994983705,16.57217667143344,16.109206574205285,16.21796417236328,354039000
2022-12-20,16.028385941930914,16.27384085919094,15.81685699546008,16.049339294433594,403260000
2022-12-21,16.078273493531086,16.59013659325073,16.066299063788986,16.464414596557617,325025000
2022-12-22,16.058317929250357,16.102221001275094,14.849005155476785,15.304991722106934,565045000
2022-12-23,15.162309883054668,15.304992495444772,14.850004092190744,15.172287940979004,349326000
2022-12-27,15.040579253955626,15.066521631264365,14.024835696731898,14.089692115783691,464902000
2022-12-28,13.896122364527548,14.23037967097622,13.85321747946532,14.004880905151367,351066000
2022-12-29,14.370071654140734,14.650447871616409,14.195459433216843,14.570625305175781,354923000
2022-12-30,14.30222215199044,14.596568233600799,14.201446229451317,14.581602096557617,310490000
2023-01-03,14.818073166185235,14.96275213841312,14.06474698864116,14.2832612991333,401277000
2023-01-04,14.534704309371103,14.820069526606867,14.209426861493185,14.716300010681152,431324000
2023-01-05,14.458874351118146,14.53171246808561,14.116634353930149,14.233375549316406,389168000
2023-01-06,14.441911689218768,14.976723649540899,14.002887570575863,14.826058387756348,405044000
2023-01-09,15.250113252108315,16.020400961589182,15.107429705260227,15.593350410461426,504231000
2023-01-10,15.472619594978903,15.926610744079499,15.437697345288079,15.87372875213623,384101000
2023-01-11,15.804882316459198,15.992465239813418,15.528496008879637,15.965524673461914,353285000
2023-01-12,16.06430761543747,16.600115869170452,15.457654762499619,16.474395751953125,551409000
2023-01-13,16.24190878461204,16.88448193196626,16.129160360121443,16.86153221130371,447287000
2023-01-17,16.861534824609727,17.68869739083552,16.861534824609727,17.66275405883789,511102000
2023-01-18,17.62783226446367,17.833374940410984,17.243685577032387,17.338476181030273,439624000
2023-01-19,16.998229980422312,17.158874241400532,16.693907773124163,16.72783088684082,452932000
2023-01-20,16.973284656262667,17.816412427942808,16.787698117134013,17.799449920654297,564967000
2023-01-23,18.023949346098004,19.202332601538465,17.77849636841415,19.150447845458984,655163000
2023-01-24,18.7852576049282,19.451777728959655,18.778273155345232,19.222286224365234,496204000
2023-01-25,18.87107002531869,19.327057588077132,18.538808102919397,19.280160903930664,449537000
2023-01-26,19.657322688857523,20.121291926493868,19.235260153653364,19.758098602294922,489535000
2023-01-27,19.41885115591402,20.582266410433473,19.36197832095678,20.319849014282227,542142000
2023-01-30,19.905769395745818,20.09534677439952,19.10754194271611,19.119516372680664,488611000
2023-01-31,19.127497873404206,19.64335181995639,18.907986325068734,19.493684768676758,498017000
2023-02-01,19.647348666725506,21.145020678253445,19.56752608810673,20.896574020385742,660477000
2023-02-02,20.953440010374486,21.90033534849852,20.654105914331332,21.66086769104004,564276000
2023-02-03,20.95344017438409,21.696789246514708,20.74290754825101,21.053218841552734,429366000
2023-02-06,20.759872338931974,21.522178471104034,20.739916222678673,21.042245864868164,452197000
2023-02-07,21.33459738007037,22.209653931499272,21.10311135974189,22.123844146728516,664150000
2023-02-08,22.33736696829217,22.827279543884256,21.959207503696422,22.155771255493164,559651000
2023-02-09,22.55588404014392,22.968965772411735,22.07096142740167,22.287479400634766,523876000
2023-02-10,21.64191049076745,22.02904881959799,20.7648596572667,21.217851638793945,550737000
2023-02-13,21.490250748186387,21.99912031573908,20.91552751667087,21.739696502685547,474919000
2023-02-14,21.530162952307947,22.9979025693658,21.31863304066526,22.920076370239258,675474000
2023-02-15,22.49900422442741,22.80432551871884,22.056987553870204,22.71352767944336,420575000
2023-02-16,22.083928543019674,22.50000383331045,21.878385888019974,21.95322036743164,412026000
2023-02-17,21.58304317749563,21.691800771351655,20.92849743532747,21.3405818939209,465888000
2023-02-21,20.95343770145244,21.446341861161894,20.572284722285456,20.609203338623047,410015000
2023-02-22,20.661090150563847,21.05720930150761,20.375723053454355,20.707984924316406,513184000
2023-02-23,23.388035501899783,23.835042267919597,22.97395461774742,23.61153793334961,1117995000
2023-02-24,23.173511315975173,23.421959839225643,22.89612775467356,23.234375,589716000
2023-02-27,23.617520428698207,23.827053916300855,23.401999726272685,23.448894500732422,452994000
2023-02-28,23.320184085898383,23.772180806302725,23.15455174201123,23.16452980041504,455963000
2023-03-01,23.140580708274207,23.204439895549427,22.45809718193452,22.647676467895508,460026000
2023-03-02,22.438144871095187,23.328165597904217,22.382267363825353,23.262311935424805,389415000
2023-03-03,23.26830010651087,23.847014191551843,23.078720796703625,23.8370361328125,412393000
2023-03-06,23.8380361602402,24.194243164611763,23.43493056523591,23.50178337097168,437429000
2023-03-07,23.551677824513874,24.07560247170694,23.193411743392723,23.24031639099121,515154000
2023-03-08,23.438907679098733,24.150448993437568,23.37603695159869,24.131486892700195,513573000
2023-03-09,24.125499097663184,24.403929057492398,23.33512096029611,23.38801383972168,501257000
2023-03-10,23.36106942050816,23.578623466893095,22.679467330163575,22.917978286743164,474866000
2023-03-13,22.70541520633813,23.250296778148737,22.251346912588748,22.918975830078125,421890000
2023-03-14,23.447890629973315,24.169409811888126,23.411963139447696,24.013729095458984,474910000
2023-03-15,23.712347660414334,24.23627231190452,23.312169659954225,24.17839241027832,524486000
2023-03-16,23.97780468614888,25.535607427755508,23.845075681386035,25.488704681396484,583253000
2023-03-17,25.928800789668877,26.34494677671912,25.615442640620632,25.672327041625977,848547000
2023-03-20,25.56255140531931,25.970714347329455,25.07854386503028,25.846967697143555,432747000
2023-03-21,26.126393120823032,26.337958914805075,25.329029397408142,26.145353317260742,547408000
2023-03-22,26.370891881444173,27.53250995771594,26.183277100976117,26.41380500793457,797295000
2023-03-23,27.059479880369732,27.442694389660254,26.635350859477686,27.135324478149414,564889000
2023-03-24,26.975655534647398,27.11137676176223,26.301039016509158,26.724170684814453,454920000
2023-03-27,26.782048221700336,26.944714568093122,26.311014571134052,26.476675033569336,361026000
2023-03-28,26.392847592513167,26.45871243560378,25.79706988863312,26.35592269897461,356104000
2023-03-29,26.77007993924964,27.0225603089149,26.542546101088504,26.928752899169922,393694000
2023-03-30,27.17324320124841,27.442690778412167,27.046502452400244,27.326927185058594,364516000
2023-03-31,27.08442473492415,27.777003872770962,27.04949655680014,27.720121383666992,433933000
2023-04-03,27.452673959085395,27.942667821784,27.280027855037655,27.907739639282227,398716000
2023-04-04,27.908739678999307,27.942670460474673,27.251088574745484,27.39678955078125,368592000
2023-04-05,26.77406658654195,26.9427192704289,26.3409552107088,26.825960159301758,515015000
2023-04-06,26.52956827718351,27.024552994988376,26.372890149473246,26.98164176940918,397654000
2023-04-10,26.76807521785466,27.56444150970001,26.614391229529172,27.52252769470215,395279000
2023-04-11,27.667236759205327,27.73310161069259,27.070459671596023,27.113372802734375,314378000
2023-04-12,27.313958486817846,27.4117573972983,26.393845475280525,26.440750122070312,446259000
2023-04-13,26.67926041012461,26.831947015202942,26.275090880655256,26.408815383911133,353615000
2023-04-14,26.44973120006375,26.827954885781043,26.166312310977247,26.703210830688477,395660000
2023-04-17,26.510607005107396,26.950704014318593,26.378877313961777,26.946712493896484,321471000
2023-04-18,27.476625156577658,28.05244337278638,27.30098493529646,27.610349655151367,604812000
2023-04-19,27.304973482039863,27.942664953460447,27.176237922113327,27.87380599975586,358660000
2023-04-20,27.614340416338198,27.972606485594795,26.944714827313312,27.04850196838379,427713000
2023-04-21,26.896814866617028,27.127342787585114,26.66728625337911,27.063472747802734,345103000
2023-04-24,26.957691440868356,27.309967410410923,26.61639072563291,26.986631393432617,339282000
2023-04-25,27.02255332861515,27.191207903080986,26.171301222877446,26.187267303466797,378527000
2023-04-26,26.94671176186849,27.274039268907778,26.65031901312097,26.90080451965332,406337000
2023-04-27,27.306972360442714,27.43870204664904,26.57048262204744,27.170251846313477,377161000
2023-04-28,27.169253428500934,27.701161077962098,27.015567531365026,27.692180633544922,292216000
2023-05-01,27.782994624988884,28.998501044313812,27.7231180146928,28.85080337524414,570329000
2023-05-02,28.621275795478528,28.776956510510566,28.025498077141993,28.152236938476562,402730000
2023-05-03,27.782995617159955,28.30891697061435,27.415749094927655,27.745073318481445,383387000
2023-05-04,27.594380294690612,27.801954572191782,27.184222567509938,27.505563735961914,321850000
2023-05-05,27.76902351276572,28.696120235561477,27.67421872062941,28.621274948120117,361494000
2023-05-08,28.46359684267218,29.160167550884644,28.291950055367597,29.09130859375,344979000
2023-05-09,28.839830211659567,28.91367810469715,28.391750121433198,28.512500762939453,314869000
2023-05-10,28.94560847700235,29.053389041510602,28.402723651406696,28.825855255126953,369350000
2023-05-11,28.8368313012262,28.890721581405018,28.188162647959096,28.519481658935547,322149000
2023-05-12,28.47058123775665,28.72106862682804,27.988570462268328,28.28196907043457,274222000
2023-05-15,28.449626392092515,28.90968288930767,28.09435634331566,28.893714904785156,293926000
2023-05-16,28.781944947212995,29.808839206478215,28.77296450239682,29.153182983398438,449405000
2023-05-17,29.523423532319487,30.137164031905737,29.369739532230806,30.116207122802734,432535000
2023-05-18,30.347732971846412,31.76282877397273,30.257917101676483,31.613136291503906,748725000
2023-05-19,31.471429856400064,31.51534039145064,30.852700362166704,31.199987411499023,473908000
2023-05-22,30.83772890145582,31.45546287720747,30.617182635048753,31.112167358398438,372000000
2023-05-23,30.936525465603022,31.223935873295638,30.568281535055462,30.625164031982422,356253000
2023-05-24,30.14814019154648,30.54432854642124,29.74496810397816,30.4754695892334,721419000
2023-05-25,38.44412056648187,39.39916178020132,36.55998587698389,37.9022331237793,1543911000
2023-05-26,37.81241541975771,39.08979325980009,37.47311145513567,38.86625289916992,714397000
2023-05-30,40.51188361880298,41.852132355940626,39.867206384616175,40.028873443603516,923401000
2023-05-31,39.40714734389047,40.212494220771234,37.7445581109248,37.756534576416016,1002580000
2023-06-01,38.410189027460895,39.967993574032356,38.2614958531395,39.688568115234375,635873000
2023-06-02,40.014895164925456,40.4170698367897,38.97802122010776,39.2464714050293,482731000
2023-06-05,38.82932905392205,39.48398404045427,38.627743010740026,39.09079360961914,396094000
2023-06-06,38.750494112150655,39.0798164296081,38.069887549884086,38.574851989746094,388729000
2023-06-07,38.8393365135724,39.42220064737449,37.28336583715142,37.40213394165039,511998000
2023-06-08,37.650652361661095,38.78843525380602,37.43208020342754,38.435123443603516,417772000
2023-06-09,38.961101220453585,39.633790585447805,38.49201760502022,38.69462203979492,427717000
2023-06-12,39.12378209838564,39.45313848189554,38.542912981212005,39.40523147583008,388701000
2023-06-13,40.10786106340082,41.021082803319786,39.66272914194445,40.94223403930664,613208000
2023-06-14,40.744627187256896,42.91639507972652,40.47315286932789,42.91340255737305,740465000
2023-06-15,42.51917264005908,43.20483722073351,42.06505544214176,42.570072174072266,568622000
2023-06-16,43.3655191410193,43.63599213320871,42.5780517641451,42.60899353027344,655709000
2023-06-20,42.914401391724816,43.90447325497645,42.591030025374586,43.72282409667969,451153000
2023-06-21,43.41642993280129,43.53021053088489,41.998194849323774,42.9613151550293,551603000
2023-06-22,42.170843097037455,43.3415626918256,42.15188284213235,42.94134521484375,417737000
2023-06-23,42.38144316710673,42.72576983708017,41.93331479288893,42.12693786621094,358140000
2023-06-26,42.378439961624785,42.680852228000454,40.02203048498169,40.55299758911133,594322000
2023-06-27,40.71967665079335,41.85845711307234,40.36936115095312,41.79458236694336,462175000
2023-06-28,40.58094379252524,41.76364114383004,40.43922159164072,41.03705596923828,582639000
2023-06-29,41.47720297369155,41.51912113593417,40.52106530278883,40.74263381958008,380514000
2023-06-30,41.59896849845373,42.46727602955201,41.420315646901514,42.219757080078125,501148000
2023-07-03,42.434326127886784,42.81458581035407,42.11994000015232,42.330528259277344,198209000
2023-07-05,42.053080590984536,43.09305457985884,42.003178561095986,42.2347297668457,323618000
2023-07-06,41.76264574505463,42.096993500956245,41.2656128948708,42.021141052246094,303582000
2023-07-07,42.239708925322894,43.12997664792233,42.097986731680244,42.42035675048828,355881000
2023-07-10,42.57406186731793,42.72776176918797,41.56801853142634,42.09798812866211,353908000
2023-07-11,42.39839653240351,42.67485834432988,41.985203882736315,42.32254409790039,298244000
2023-07-12,42.94932537767914,43.84957190915323,42.693822639384614,43.81663513183594,481277000
2023-07-13,44.43144469055369,46.06525908080091,44.405494267990946,45.88760757446289,478204000
2023-07-14,46.492428621249765,47.99450350820883,44.972390985691305,45.38059616088867,772075000
2023-07-17,46.19899243804096,46.40558684997529,45.17398901453349,46.37065505981445,510488000
2023-07-18,46.6101959109385,47.80287207706954,45.64507706670889,47.40165328979492,569164000
2023-07-19,47.37171073363014,47.7250225002053,46.65111448328101,46.9854621887207,427502000
2023-07-20,46.41657614955658,46.99545027981004,44.974385975713794,45.431495666503906,537865000
2023-07-21,45.698975360580505,45.77682663388391,44.014257511133955,44.22285079956055,963769000
2023-07-24,44.64402903720118,45.02129625877823,43.95437445925072,44.52526092529297,382516000
2023-07-25,44.85361925028961,46.09320109466631,44.83565269586211,45.59018325805664,348081000
2023-07-26,45.93151847506049,45.96345774796509,44.54322423850326,45.363624572753906,364237000
2023-07-27,46.42855649018283,47.302852779891246,45.66105061247082,45.810760498046875,455976000
2023-07-28,46.57726209617673,46.93556524542494,46.29082136263418,46.65910339355469,331194000
2023-07-31,46.66309454574556,47.03836291442901,46.41557565297474,46.63814163208008,251055000
2023-08-01,46.36965545180703,46.80880228796744,45.93749878064168,46.41656494140625,237858000
2023-08-02,45.74189331269121,45.75087468728102,43.302644871740895,44.18292999267578,530142000
2023-08-03,43.71483776411609,45.03027593449394,43.71483776411609,44.42844772338867,324176000
2023-08-04,44.89753933286693,45.553259657619556,44.306691262413594,44.59313201904297,362666000
2023-08-07,45.02329239286848,45.45145915668349,44.47635751419299,45.328697204589844,322154000
2023-08-08,44.76579541158173,45.15403903929904,43.970344091683025,44.57716369628906,353843000
2023-08-09,44.18790919409857,44.22583731482129,42.05207094997095,42.471256256103516,586449000
2023-08-10,42.07802282876671,43.48927487176825,41.753654005905524,42.305580139160156,492705000
2023-08-11,41.66981614067662,41.93629907044149,40.5599788718329,40.77555847167969,533085000
2023-08-14,40.40729130647671,43.71484774310183,40.232632285095086,43.667938232421875,690286000
2023-08-15,44.4733696589914,45.17999337738196,43.625019909517064,43.85457229614258,676512000
2023-08-16,44.43343331071029,44.58813070182248,43.32159721036821,43.40144348144531,527451000
2023-08-17,43.884505920253574,43.97632609118521,42.91738827793847,43.25972366333008,452395000
2023-08-18,42.55210279035976,43.4932701006516,41.57900001272248,43.214813232421875,583768000
2023-08-21,44.4074878070853,46.9734880439128,44.13601730847926,46.87567901611328,692573000
2023-08-22,48.04139885490195,48.093299689189394,45.2448492578766,45.57919692993164,755293000
2023-08-23,45.77682903768783,47.10823512648874,45.12010736864763,47.02439880371094,779046000
2023-08-24,50.118361983877634,50.16826400478164,47.067306662299096,47.07129669189453,1156044000
2023-08-25,46.92059466008382,47.71205208326433,44.936457196698406,45.92852783203125,925341000
2023-08-28,46.3916241394205,46.88865698143186,44.800725372190506,46.74393844604492,685192000
2023-08-29,46.57526237156326,48.98556752704201,46.30079556232575,48.689144134521484,701397000
2023-08-30,48.94863563426867,49.829918115562,48.33083976005429,49.168209075927734,735206000
2023-08-31,49.28399374905417,49.64728445636799,48.86281334141854,49.25904083251953,528570000
2023-09-01,49.66524637506185,49.7031706927899,48.0483934780796,48.41468048095703,463830000
2023-09-05,48.129233017529124,48.756014074010885,47.766939883518965,48.4536018371582,382653000
2023-09-06,48.350789218042244,48.458585985629774,46.49325493569356,46.973358154296875,468670000
2023-09-07,45.440229441727205,46.25770462589442,45.067922908266546,46.1548957824707,433330000
2023-09-08,45.856458279277405,46.519219579428515,45.186706235848995,45.487144470214844,473069000
2023-09-11,46.06206706824175,46.077038527672016,44.22948732817348,45.093875885009766,473966000
2023-09-12,44.654695251427476,45.58795561962286,44.44807996157311,44.78644943237305,349256000
2023-09-13,44.51695245570367,45.84447779885845,44.4201329496468,45.400306701660156,398355000
2023-09-14,45.86443278415264,45.90136263395265,45.0469576802591,45.49612045288086,370097000
2023-09-15,45.256567267439614,45.514086250608685,43.7264210191702,43.81825256347656,506831000
2023-09-18,42.66839815481211,44.15961559349167,41.921789942113186,43.88412857055664,500271000
2023-09-19,43.751381753727316,43.88413352477652,42.92192782259573,43.43896484375,373064000
2023-09-20,43.51881278602881,43.82124998391259,42.14437793528599,42.16034698486328,367108000
2023-09-21,41.5055606260532,42.021596116922694,40.90368294654629,40.94061279296875,450736000
2023-09-22,41.49459285327168,42.036584881029356,41.1542281804466,41.53252410888672,479236000
2023-09-25,41.51354991090628,42.456789851544556,41.100319388968366,42.143375396728516,419091000
2023-09-26,41.92278314195725,42.740258203916966,41.57742680988832,41.832950592041016,402282000
2023-09-27,42.25118391944289,42.79217453974366,41.55148895907964,42.38892364501953,444935000
2023-09-28,42.380939557902295,43.3651037098535,42.03658452900842,43.00876998901367,424663000
2023-09-29,43.74538760189782,44.06179864340564,43.22635545841842,43.417999267578125,397830000
2023-10-02,43.94801356401108,45.09088199561907,43.77932952657343,44.69861602783203,433298000
2023-10-03,44.72456684968937,45.04596969701848,43.16547499563003,43.435970306396484,470850000
2023-10-04,43.660548982906214,44.06080325905543,43.21138616245394,43.95899200439453,361821000
2023-10-05,43.96796969540584,44.816389117042256,43.80627261934712,44.60478210449219,393483000
2023-10-06,44.11070969679084,45.70373848025028,43.9440208476475,45.676788330078125,434436000
2023-10-09,44.75849682767498,45.52007649973999,44.28538045832398,45.18869400024414,409675000
2023-10-10,45.225624939795324,46.17285521109452,45.00403822708207,45.71271514892578,368582000
2023-10-11,46.109976834306515,46.77174426177856,45.96424879463127,46.718841552734375,378137000
2023-10-12,46.68989946190785,47.52035097000379,46.243733198035265,46.85758590698242,481325000
2023-10-13,46.87255982126832,47.02827139098628,45.19568766753486,45.37635040283203,474115000
2023-10-16,44.97908693457242,46.13892190023753,44.82836714020883,46.0091667175293,375099000
2023-10-17,43.91807074145932,44.67066838631244,42.40090056802487,43.85618591308594,812333000
2023-10-18,42.51168892025405,43.13852165493323,41.74711648202066,42.11742401123047,627294000
2023-10-19,42.731286777485096,43.216381906827145,41.8040157217801,42.02260971069336,501233000
2023-10-20,41.81200213030283,42.39092402452541,41.0015137629479,41.309940338134766,477266000
2023-10-23,41.15222297578524,43.16746417608584,40.868751447845426,42.89496994018555,478530000
2023-10-24,42.996784415979555,43.615628825296106,42.611505424258,43.58169174194336,401463000
2023-10-25,43.317183162193714,43.56871659941446,41.47761668487891,41.70119857788086,398379000
2023-10-26,41.77506880872993,42.177318286010724,39.80574303401105,40.250911712646484,541001000
2023-10-27,41.053411354619094,41.1292700454015,39.94048596248548,40.424583435058594,416784000
2023-10-30,41.01049469201982,41.68822738791205,40.405620307517786,41.084354400634766,388028000
2023-10-31,40.37467609597359,40.80287807912132,39.15694672159714,40.70405960083008,517969000
2023-11-01,40.80786677095721,42.30208077870125,40.79289531240805,42.246185302734375,437593000
2023-11-02,43.24732164549146,43.802286120371775,42.81413164942189,43.424991607666016,409172000
2023-11-03,43.9380370334196,45.22463462313267,43.641589151801824,44.92120361328125,424610000
2023-11-06,45.20066640666436,45.84945744639215,44.815383663563225,45.66579818725586,400733000
2023-11-07,45.63387372397261,46.13194133469671,45.07391747451028,45.86943435668945,343165000
2023-11-08,46.014157765591044,46.77973167159943,45.882403587242706,46.48727798461914,346719000
2023-11-09,47.3786111235174,48.14019083451283,46.662947187934414,46.86257553100586,540496000
2023-11-10,47.41155087354873,48.38174104695151,47.194955890683396,48.2449951171875,421245000
2023-11-13,48.23002031531456,49.02453947075824,48.009431181663935,48.52946090698242,384136000
2023-11-14,49.58749116388393,49.74120373030796,48.948683517262864,49.563533782958984,416954000
2023-11-15,49.84201782618033,49.86696898933371,48.11024794590893,48.796966552734375,475497000
2023-11-16,48.58835975878918,49.43278516309001,48.24001057724096,49.38786697387695,339756000
2023-11-17,49.43178439121729,49.62442581647781,48.9157487529458,49.206207275390625,325205000
2023-11-20,49.22017104732575,50.45386941850944,49.08941447880991,50.315128326416016,414120000
2023-11-21,50.03266205340574,50.422932832163035,49.130346021791986,49.85100173950195,565747000
2023-11-22,49.759168450104845,50.24126692176278,47.60119189596065,48.625282287597656,899420000
2023-11-24,48.37974251431558,48.829902895158824,47.656090292901155,47.687034606933594,294645000
2023-11-27,47.7109937696309,48.43963402417859,47.56327053938668,48.15217208862305,395662000
2023-11-28,48.146180818273855,48.233020614585215,47.38460109717888,47.73195266723633,401491000
2023-11-29,48.288918833586436,48.67120510025969,47.770884217997974,48.05036163330078,382005000
2023-11-30,47.934577593167546,48.02041980667685,46.33556313621097,46.68291473388672,526247000
2023-12-01,46.43837411108703,47.112116530587656,46.1010022026633,46.67792510986328,369317000
2023-12-04,45.99120035967438,45.99120035967438,44.926185864436995,45.425254821777344,437543000
2023-12-05,45.385325095795785,46.51731180808335,45.19067140687653,46.483375549316406,371718000
2023-12-06,47.13122440124437,47.30292009715476,45.331422145943435,45.42226028442383,380590000
2023-12-07,45.618910872891085,46.54626331215597,45.52308054469381,46.51332092285156,350823000
2023-12-08,46.51232804934258,47.65629461849747,46.467405912391875,47.42171096801758,359224000
2023-12-11,47.40674269328456,47.44666883134117,45.748690336704186,46.544273376464844,509728000
2023-12-12,45.96430321028968,47.581427820158346,45.96430321028968,47.572444915771484,372387000
2023-12-13,47.54449269431196,48.50778063121328,47.52353004634861,48.00267791748047,447792000
2023-12-14,48.30413968812158,48.58364165791398,47.337858729747325,48.26420974731445,391232000
2023-12-15,48.10848894942567,49.31634111544804,48.034618938742405,48.803253173828125,479948000
2023-12-18,49.312347036005846,50.34351123549537,49.06279063158867,49.98814392089844,412587000
2023-12-19,49.33630266590499,49.61181391094036,48.80824198487287,49.51598358154297,464444000
2023-12-20,49.5668939044448,49.91028529819524,48.012657344636494,48.025634765625,397894000
2023-12-21,48.72439672866285,49.00789323083867,48.33309014213933,48.903079986572266,300425000
2023-12-22,49.10770498591239,49.29537111268927,48.380996155276534,48.74335479736328,252507000
2023-12-26,48.881117433977685,49.51199608268566,48.87313220671744,49.191566467285156,244200000
2023-12-27,49.42315398247824,49.59185284551433,48.997907338293054,49.32931900024414,233648000
2023-12-28,49.55491912329638,49.79548883206165,49.324326187941345,49.43413162231445,246587000
2023-12-29,49.72461566156116,49.90829110638661,48.664499712290464,49.43413162231445,389293000
2024-01-02,49.156625856562634,49.20753405733888,47.510553413556266,48.08253479003906,411254000
2024-01-03,47.40074185532866,48.098499031561545,47.23603372218609,47.48459243774414,320896000
2024-01-04,47.68224124777032,48.413942329548256,47.42370194062123,47.91283416748047,306535000
2024-01-05,48.37601228101952,49.459086175725254,48.220287041681374,49.009883880615234,415039000
2024-01-08,49.424155596522276,52.18225389964643,49.39121320158821,52.1602897644043,642510000
2024-01-09,52.308035615928254,54.22862200693743,51.59829466544945,53.04572296142578,773100000
2024-01-10,53.52086794542818,54.50311934146144,53.39409057576156,54.253562927246094,533796000
2024-01-11,54.90141170121365,55.24779611496442,53.46496584925973,54.72472381591797,596759000
2024-01-12,54.523086018906326,54.87246729450568,54.23360346337735,54.6129264831543,352994000
2024-01-16,54.92038130782368,56.73415487746208,54.80259064863885,56.281959533691406,449580000
2024-01-17,56.24702168282456,56.37080221365978,54.642874592370525,55.95354461669922,474394000
2024-01-18,57.15840086229008,57.497797746406825,56.00744677307047,57.005672454833984,491650000
2024-01-19,57.88610696898355,59.394427545023596,57.12346261571884,59.38544464111328,543501000
2024-01-22,59.94245635666948,60.223957503871716,58.96519328035112,59.54815673828125,452955000
2024-01-23,59.464298025036406,59.80369487757325,58.481045210719586,59.766761779785156,294654000
2024-01-24,60.19700279855746,62.73748534909312,59.831651069260054,61.25312423706055,560271000
2024-01-25,62.23936480631996,62.60771334377325,60.74202640224238,61.507667541503906,482777000
2024-01-26,60.85183724757184,61.67337885004867,60.465526677085045,60.92271041870117,390309000
2024-01-29,61.12334647652739,62.37811598607431,60.79892621300264,62.35416030883789,348733000
2024-01-30,62.788396424260334,63.38034275629544,62.14952879417416,62.66261672973633,410735000
2024-01-31,61.330983989988475,62.15851544921119,60.59229912426738,61.41783142089844,453795000
2024-02-01,61.98981163068563,63.07887923181449,61.5406131324354,62.91516876220703,369146000
2024-02-02,63.86048434942647,66.48182425910672,63.57698787949549,66.04261016845703,476578000
2024-02-05,68.10393877262449,69.37368488045085,67.085752030502,69.20897674560547,680078000
2024-02-06,69.50645284574946,69.630233381063,66.18236704818828,68.1019515991211,683111000
2024-02-07,68.19779148449331,70.09541978332877,67.48006533783501,69.9746322631836,495575000
2024-02-08,69.94966354395652,70.66838724943909,69.33176617612584,69.5174331665039,414422000
2024-02-09,70.40786033375117,72.0569298484953,70.08743069197543,72.0050277709961,436637000
2024-02-12,72.47116950777065,74.47860256491589,71.12356661094503,72.11979675292969,613710000
2024-02-13,70.27509946360114,73.31968365428922,69.4964845401849,72.00003051757812,602580000
2024-02-14,73.0721231436502,74.10428513350574,71.81036588559786,73.76888275146484,504917000
2024-02-15,73.73793302512789,73.8437401296513,72.27153779440317,72.5290756225586,420122000
2024-02-16,73.9685224984471,74.2699886080868,72.37236058649458,72.48416137695312,495327000
2024-02-20,71.8193337960462,71.82832050697183,67.61381202197207,69.32876586914062,704833000
2024-02-21,67.8853441158395,68.7657830962581,66.1304674517911,67.352294921875,673755000
2024-02-22,74.89189108055353,78.43558804957509,74.08831901858908,78.3986587524414,865100000
2024-02-23,80.64664555528343,82.24779566972408,77.43235796782388,78.6771469116211,829388000
2024-02-26,79.55858308487059,80.5029113343283,78.36570371037314,78.95166778564453,503973000
2024-02-27,79.24015705268404,79.338988045559,77.02509990421383,78.56136322021484,391705000
2024-02-28,77.48226929356848,78.79293534780788,76.98814490868608,77.52519226074219,393110000
2024-02-29,78.95366810218512,79.84807446200602,78.2109848648127,78.97163391113281,507289000
2024-03-01,79.8580626053772,82.15398495162512,79.29406260115205,82.13301849365234,479135000
2024-03-04,83.98071640863849,87.5393930852347,83.57045019844777,85.08575439453125,615616000
2024-03-05,85.12269695886387,85.94827183043155,83.27290109267872,85.81549835205078,520639000
2024-03-06,87.8699456446009,89.56900130568565,86.87965493223747,88.54676818847656,582520000
2024-03-07,90.00224735235656,92.60674140930558,89.44720809741612,92.5089111328125,608119000
2024-03-08,94.97363874493585,97.23173191783087,86.35654773150235,87.37678527832031,1142269000
2024-03-11,86.27968352904108,88.64358872381372,84.02059266805003,85.62581634521484,678364000
2024-03-12,87.8969031445505,91.80114256968415,86.0011815049168,91.75422668457031,668075000
2024-03-13,90.89769886633881,91.34592070136199,88.28222228746216,90.73098754882812,635713000
2024-03-14,89.42225831640668,90.48941185201531,86.45039611721776,87.79207611083984,602318000
2024-03-15,86.77983369344113,89.39131202190967,86.10799973550625,87.68526458740234,642086000
2024-03-18,90.23185202169164,92.24536587684682,86.9345566695886,88.30219268798828,668976000
2024-03-19,86.55022352343148,90.38758481674583,84.86314816147532,89.24356842041016,672171000
2024-03-20,89.64187768825083,90.25382534481801,88.07059918494765,90.21588897705078,479063000
2024-03-21,92.14054202127372,92.4879403765992,90.24881163098036,91.27703094482422,480372000
2024-03-22,90.9835569272488,94.61427521165601,90.67708804781446,94.1261215209961,586719000
2024-03-25,93.77871131394467,96.59882785449742,93.34845614456138,94.83787536621094,552136000
2024-03-26,95.68540977780971,96.20850660908965,92.34219634403308,92.40109252929688,513648000
2024-03-27,92.95115660792449,93.07893385392306,88.96904884364167,90.09410095214844,586067000
2024-03-28,89.8445252112995,91.1422825108375,89.03892009399118,90.19991302490234,435212000
2024-04-01,90.14301673764523,92.06568455405531,89.0499070749777,90.20690155029297,452441000
2024-04-02,88.29520668047454,89.93836697964663,87.46864171818919,89.29747772216797,433064000
2024-04-03,88.33115142365672,90.21788597554938,88.24729689318218,88.81031799316406,370067000
2024-04-04,90.24982348069041,90.47743406262694,85.73164109008061,85.75659942626953,434965000
2024-04-05,86.71593914747515,88.32815477151372,85.77756814573236,87.85597229003906,399678000
2024-04-08,88.54676191015398,88.67654220104028,86.58216705957724,86.98247528076172,283220000
2024-04-09,87.29094090122678,87.4836082761363,82.87857850073121,85.20654296875,501700000
2024-04-10,83.78102010903869,87.24901778988773,83.56439211342133,86.88864135742188,431929000
2024-04-11,87.26897200773683,90.58223837088431,86.77582976459976,90.4594497680664,431637000
2024-04-12,89.54403223705786,90.01921543730927,87.37878071175011,88.03364562988281,426805000
2024-04-15,88.94408228829708,90.45646450816476,85.78055803275619,85.85243225097656,443077000
2024-04-16,86.28368645109244,87.965773191981,85.91532822119116,87.26399230957031,370453000
2024-04-17,88.18738725935935,88.62164096734257,83.80497167986917,83.88983154296875,495400000
2024-04-18,84.82320627802973,86.0410998135889,82.25964198597137,84.52471923828125,447260000
2024-04-19,83.00636595540483,84.17833393456459,75.47539894537725,76.06836700439453,875198000
2024-04-22,77.96907171420484,79.93467203595871,76.26802061217705,79.38063049316406,596341000
2024-04-23,80.62947459576492,82.62601974052421,80.1253496885507,82.2806167602539,438559000
2024-04-24,83.80498148732187,83.93675724779338,79.04621772256601,79.53936767578125,512208000
2024-04-25,78.73175253009703,83.1790583894206,78.08787011237102,82.4892578125,424641000
2024-04-26,83.67321658546781,88.17842147858853,83.2429613231266,87.58345031738281,551011000
2024-04-29,87.44368500312586,87.8399947565515,85.11870586410434,87.60540771484375,388971000
2024-04-30,87.08928872900789,88.66556334587189,86.15091777999787,86.25273895263672,363709000
2024-05-01,84.93002290842145,85.85142484392729,81.11461964994571,82.89753723144531,559863000
2024-05-02,84.30311392551386,86.08802721004574,83.05627099401435,85.66875457763672,377898000
2024-05-03,87.63734759857738,89.12676696706856,86.88964093377092,88.6356201171875,398341000
2024-05-06,89.23557796278553,92.06069095925291,88.90115758999175,91.98082733154297,376203000
2024-05-07,90.94063437830519,91.62245320483287,88.8572415302883,90.39757537841797,437342000
2024-05-08,89.32841761603471,91.03646035901207,89.26552291616532,90.25581359863281,325721000
2024-05-09,90.37261598217049,90.91467725150264,88.07858911055452,88.59369659423828,378013000
2024-05-10,90.14898917811553,91.24309639621146,89.07284860877868,89.72272491455078,335325000
2024-05-13,90.32169428450598,90.84080023922876,88.37606371894472,90.24283599853516,289680000
2024-05-14,89.44421267221655,91.49266969851776,88.78036057605543,91.19818115234375,296507000
2024-05-15,92.31226797545344,94.69813898318716,91.44077486128403,94.46653747558594,417735000
2024-05-16,94.74604980958085,95.65347613046144,93.94043705092355,94.19599914550781,323952000
2024-05-17,94.20597874528181,94.57633241179128,91.64740285082287,92.3192367553711,359691000
2024-05-20,93.58804490846175,95.03553695656012,93.27858287715311,94.61626434326172,318764000
2024-05-21,93.43731390021196,95.23520530836203,93.01903897023965,95.22122955322266,328946000
2024-05-22,95.29409598809328,95.85412388547536,93.08791463591838,94.78597259521484,548648000
2024-05-23,101.85173814300114,106.13632317831666,101.34461252537659,103.61968231201172,835065000
2024-05-24,104.2685576920773,106.29105867121642,102.82206339543845,106.28507232666016,429494000
2024-05-28,110.05355122917427,114.74044007562202,109.69317481392171,113.70423126220703,652728000
2024-05-29,112.85472018181774,115.29249558889101,110.70943029840856,114.62664794921875,557442000
2024-05-30,114.45194499585061,115.61892428256706,109.47356046717066,110.30911254882812,484553000
2024-05-31,112.32561724375552,112.52228313915187,106.75526253688238,109.44361114501953,613263000
2024-06-03,113.42472260342709,114.80133819580078,111.80951385006522,114.80133819580078,438392000
2024-06-04,115.51609997186799,116.39856789561996,113.84798144289938,116.23584747314453,403324000
2024-06-05,118.16651413530396,122.2374646244509,117.26507420610801,122.22848510742188,528402000
2024-06-06,123.83368952695288,125.37003219208192,118.11558846545381,120.7889633178711,664696000
2024-06-07,119.56310374577737,121.48178833918006,117.81812979264019,120.6791763305664,412386000
2024-06-10,120.16206002224595,122.88733960177423,116.80786391189227,121.57960510253906,313434100
2024-06-11,121.56962984389475,122.66782593913159,118.54461678500223,120.71105194091797,222551200
2024-06-12,122.85750238613136,126.6712162731191,122.36831081363356,124.99398040771484,299595000
2024-06-13,129.1770893049594,129.5864183097163,126.9507630154097,129.396728515625,260704500
2024-06-14,129.7461556011969,132.62140615970972,128.10885485479358,131.66299438476562,309320400
2024-06-17,132.7711675834259,133.50994014798042,129.36677515556565,130.76446533203125,288504400
2024-06-18,130.92420671975586,136.10566894087242,130.47495024767164,135.35690307617188,294335100
2024-06-20,139.56996619369176,140.52837801062054,129.30688285479897,130.56480407714844,517768400
2024-06-21,126.91083052082259,130.4150570517715,124.09547105255645,126.36173248291016,649445800
2024-06-24,123.03719724453093,124.2551908621237,117.8457572795687,117.91564178466797,476060900
2024-06-25,121.00055473590018,126.29183629953359,119.12365113611966,125.88250732421875,414192600
2024-06-26,125.92244899462368,127.90917229563556,122.39825886605338,126.19200897216797,362975900
2024-06-27,123.8957921998042,126.2019962793405,122.71773358253314,123.78597259521484,252571700
2024-06-28,124.37501298465715,127.49986001719877,122.54802231076043,123.33672332763672,315516700
2024-07-01,123.26683813440599,124.6345790000873,118.63447360818265,124.09547424316406,284885500
2024-07-02,120.93068040128533,123.20693510758652,120.83084647254137,122.46814727783203,218374000
2024-07-03,121.45982152361671,128.0689239501953,121.16031210370706,128.0689239501953,215749000
2024-07-05,127.17038486367325,128.6379747149119,125.47318537524079,125.62294006347656,214176700
2024-07-08,127.28019823232947,130.55480700867955,126.83094180644568,127.98902893066406,237677300
2024-07-09,130.13552958791902,133.59982130546845,128.4383145629174,131.16383361816406,285366600
2024-07-10,133.8094467425138,134.87769332438475,132.20209545632153,134.68800354003906,248978600
2024-07-11,135.52663558437,135.9259713268732,126.84095369862746,127.19037628173828,374782700
2024-07-12,128.04894535138322,131.70292655352904,127.01066335258953,129.02734375,252680500
2024-07-15,130.3451595951711,131.1737956487568,126.97072416574117,128.22865295410156,208326200
2024-07-16,128.22864817880884,128.82765170945768,124.37499938694933,126.15206909179688,214769500
2024-07-17,121.15030890615485,121.64948612259293,116.52793062400055,117.79583740234375,390086200
2024-07-18,121.64948329559192,122.19858126764932,116.36818755438776,120.89073181152344,320979500
2024-07-19,120.15197050658449,121.3999137142076,117.17687816504188,117.73595428466797,217223800
2024-07-22,120.15196984200875,123.86585002604772,119.66277824004172,123.33672332763672,258068900
2024-07-23,122.57795729865761,124.4848179409612,121.89907597271183,122.38826751708984,173911000
2024-07-24,118.9739065074374,119.75262181556741,113.25333936427286,114.06200408935547,327776900
2024-07-25,112.85398157444311,116.43807019163434,106.12507509382444,112.09523010253906,460067000
2024-07-26,115.998801321254,116.00877938122822,111.39638688236367,112.87394714355469,293399100
2024-07-29,113.50293810461493,116.08867288971433,111.11687119487814,111.40638732910156,248152100
2024-07-30,111.33649361290321,111.8057214597651,102.37127421675278,103.55931854248047,486833300
2024-07-31,112.71421539482289,118.1452582531107,110.6975352036146,116.82743072509766,473174200
2024-08-01,117.33660563582859,119.9622829008677,106.63424395188704,109.0302963256836,523462300
2024-08-02,103.58926418951675,108.54110155423277,101.20319756374683,107.0934829711914,482027500
2024-08-05,91.90851949250676,103.23984998207244,90.54077860317504,100.28471374511719,552842400
2024-08-06,103.66912407688663,107.53275860175525,100.38454458708775,104.07845306396484,409012100
2024-08-07,107.6325862976113,108.6209626457341,98.52759897070796,98.74723815917969,411440400
2024-08-08,101.83215026963444,105.32639072006307,97.35951914167633,104.7972640991211,391910000
2024-08-09,105.46617163856445,106.42459107060563,103.2598090475883,104.57763671875,290844200
2024-08-12,106.14506740637984,110.88725205298917,106.08516856402251,108.84062194824219,325559900
2024-08-13,112.25498209343158,116.03874655153282,111.39639661656214,115.94889068603516,312646700
2024-08-14,118.33496052966188,118.40484504167927,113.88230026594151,117.88570404052734,339246400
2024-08-15,118.56458490618095,123.03720888953038,117.27670666159618,122.6578369140625,318086700
2024-08-16,121.73935231230438,124.79431469874058,120.98060074622069,124.37500762939453,302589900
2024-08-19,124.0754979878485,129.7860870361328,123.21691249503145,129.7860870361328,318333600
2024-08-20,128.18871285893894,129.6662885004724,125.68284852553639,127.04061126708984,300087400
2024-08-21,127.11050029285343,129.13716641620366,126.45159025428316,128.28855895996094,257883600
2024-08-22,129.80605728559254,130.5348518103843,122.89743830728821,123.53638458251953,376189100
2024-08-23,125.65290085977209,129.38675225949072,125.01395457447234,129.15711975097656,323230300
2024-08-26,129.35679802537265,131.04400430992783,124.16535012958609,126.25190734863281,331964700
2024-08-27,124.84424526829238,128.98741074794592,123.67616460225028,128.08889770507812,303134600
2024-08-28,127.90917706049713,128.118838213882,122.43819852070378,125.40331268310547,448101100
2024-08-29,121.16030028839229,124.22524823697073,116.51795043355128,117.39649963378906,453023300
2024-08-30,119.33332438937364,121.54967282508414,117.02712769554356,119.17359161376953,333751600
2024-09-03,115.81910218205195,116.01877002584149,107.11345013644421,107.82228088378906,477155100
2024-09-04,105.23653835503072,113.08359673729018,103.94866029689042,106.03521728515625,372470300
2024-09-05,104.8172363950656,109.46957200218677,104.58761912643209,107.03358459472656,306850700
2024-09-06,107.86222325429438,107.97204286084109,100.78388574677186,102.66079711914062,413638100
2024-09-09,104.7074122640328,106.37466998895037,103.5193756446925,106.2947998046875,273912000
2024-09-10,107.63258781478571,109.21997530676359,104.77729355808466,107.92211151123047,268283700
2024-09-11,109.20999835891277,116.99716652085532,107.24323877137772,116.7176284790039,441422400
2024-09-12,116.65772468720782,120.6015672152285,115.2000032170065,118.95413970947266,366052700
2024-09-13,118.8942191250157,119.77284345041441,117.41652479583126,118.9141845703125,238358300
2024-09-16,116.60779536966285,117.99562620382233,114.1815861384539,116.59780883789062,248772300
2024-09-17,117.98564481894722,118.61466685067687,114.65085910577872,115.40966796875,231925900
2024-09-18,115.70919560695407,117.51636932909096,113.04336298957726,113.19313049316406,310318900
2024-09-19,117.16691844656921,119.47331975028854,117.06707598202318,117.68611145019531,293506400
2024-09-20,116.87736694059126,118.43493829364436,115.2099742116256,115.81902313232422,382462400
2024-09-23,116.36817703420066,116.80748542405605,114.68081111279044,116.07862854003906,206228500
2024-09-24,116.33821493002908,121.60998405209612,115.19999404233639,120.68143463134766,354966800
2024-09-25,121.82963321276459,124.74508350925583,121.42027681497308,123.31731414794922,284692900
2024-09-26,126.6021852727835,127.47082313052574,121.609985658202,123.84648895263672,302582900
2024-09-27,123.7765841783136,123.83648812917791,119.07393359818559,121.2105941772461,271009200
2024-09-30,118.1254274144435,121.31045327548797,117.96568098439478,121.25054931640625,226553700
2024-10-01,121.58002164337385,122.24898215671047,115.60935538711523,116.81746673583984,302094500
2024-10-02,116.25833761189251,119.19374556676668,114.9603627706106,118.6645736694336,221845900
2024-10-03,120.73135113827638,124.16598683922703,120.15225416683853,122.65834045410156,277118000
2024-10-04,124.74507834860822,124.84492081095192,121.63992977952229,124.72510528564453,243678100
2024-10-07,124.7949925984476,130.43617917860723,124.75505409102715,127.52073669433594,346250200
2024-10-08,130.0567764001493,133.27175410957346,129.2180905372518,132.68267822265625,285722500
2024-10-09,133.9007832398008,134.31014727855833,131.1750464230449,132.44305419921875,246191600
2024-10-10,131.7042308718923,134.78940697514903,130.79564676847795,134.59970092773438,242311300
2024-10-11,133.80094550922416,135.56818866211125,133.45150063299445,134.5897216796875,170209500
2024-10-14,136.25710420849128,139.38222619629536,136.08737124143596,137.8546142578125,232347700
2024-10-15,137.654906403531,138.3538265330219,128.5391603262797,131.3946990966797,377831000
2024-10-16,133.7709642153392,136.40684475827754,131.37471471629812,135.5082550048828,264879700
2024-10-17,139.12262899690117,140.6702140778628,136.65648092397825,136.7163848876953,306435900
2024-10-18,138.45366668655112,138.6833036103306,137.06583575895257,137.7847137451172,176090200
2024-10-21,137.91451267760561,143.48580932617188,137.78471061125512,143.48580932617188,264554500
2024-10-22,142.6870350476968,144.19467365659466,141.55879320187643,143.365966796875,226311600
2024-10-23,141.80843319617813,142.20780310560568,137.2455702792771,139.34228515625,285930000
2024-10-24,140.6003278006047,141.1294997806309,138.24400879643727,140.1909637451172,172354900
2024-10-25,140.7101495657632,143.90516992810382,140.58036271847078,141.31919860839844,205122100
2024-10-28,142.77689244758375,142.91667341121004,139.83149806296922,140.30076599121094,173586700
2024-10-29,140.0711387385227,142.03806672701694,138.6833077693045,141.02964782714844,157593600
2024-10-30,139.32231985353584,140.11109603583748,136.5965827440961,139.1226348876953,179418100
2024-10-31,137.38534807029694,137.39532698555524,131.9039070664443,132.55288696289062,270039600
2024-11-01,134.48983118439682,137.09575953948232,134.3600443767746,135.18873596191406,207127800
2024-11-04,136.9959472521015,138.74321710094807,135.3585064031532,135.83775329589844,187528200
2024-11-05,137.2355728771189,140.15101580482042,137.11576495412646,139.69174194335938,160537400
2024-11-06,142.7369532584381,146.26144435454805,141.73851350917226,145.3828125,242043900
2024-11-07,146.1616297903136,148.69766066609404,145.9419717733186,148.6477508544922,207323300
2024-11-08,148.53787885494532,149.53631855776948,146.03178545046896,147.399658203125,175665800
2024-11-11,148.44804913905642,148.61779734270107,143.3460354590936,145.03338623046875,182325600
2024-11-12,146.55100082856893,149.41651833977537,145.78219787373922,148.0586395263672,198634700
2024-11-13,148.83742831045777,149.0970171738845,145.67236073742527,146.0417938232422,191903300
2024-11-14,147.40966837696516,148.7675472701728,145.32293261192063,146.53103637695312,194463300
2024-11-15,144.6439744081883,145.0134075079149,139.86145428913719,141.75848388671875,250132900
2024-11-18,139.28237084466085,141.3291757571169,136.93603090489682,139.9313507080078,221205300
2024-11-19,141.09954425974988,146.90047806374457,140.77005724054902,146.78065490722656,227834900
2024-11-20,147.18003223590216,147.32979212988033,142.50732548898966,145.6623992919922,309871700
2024-11-21,149.11703528044754,152.65150653701343,140.48051925989185,146.4412078857422,400946600
2024-11-22,145.70233282975542,146.93042492260167,140.8798813363258,141.72854614257812,236406200
2024-11-25,141.76848775116036,141.82839170792872,135.60811535874635,135.80780029296875,344941900
2024-11-26,137.4851722903331,139.08268223719327,135.45834049580736,136.70639038085938,190287700
2024-11-27,134.7993734587721,137.00593247284488,131.59438972010054,135.1288604736328,226370900
2024-11-29,136.56662423239774,139.13262238748922,135.837767286179,138.03433227539062,141863200
2024-12-02,138.6134117376161,140.23087948399635,137.60499293345052,138.41372680664062,171682800
2024-12-03,138.04428850809262,140.3207301527637,137.7347745914462,140.04116821289062,164414000
2024-12-04,141.77845844597738,145.56253876730494,140.07111960214385,144.91355895996094,231224300
2024-12-05,144.89360218968224,146.32146235801875,143.73532840807314,144.8436737060547,172621200
2024-12-06,144.38436733563313,145.4827177885172,141.09926510716357,142.2275848388672,188505600
2024-12-09,138.76274660606958,139.74128080496888,136.92549436926976,138.6029815673828,189308600
2024-12-10,138.80268748950093,141.60850970621567,133.5904709096604,134.8685760498047,210020900
2024-12-11,137.155160163518,139.96096726526153,135.00837248215075,139.1022491455078,184905200
2024-12-12,136.8755708420711,138.23354324797214,135.59748095840345,137.1351776123047,159211400
2024-12-13,138.73281333743972,139.3918327936691,132.34234795745746,134.0498046875,231514900
2024-12-16,133.9798724705664,134.19954557462145,130.2254857362255,131.80313110351562,237951100
2024-12-17,128.89747709842524,131.39374870651014,126.67080709010266,130.19554138183594,259410300
2024-12-18,133.66035727519176,136.49611794642954,128.08867764771298,128.71774291992188,277444500
2024-12-19,131.56348324328064,133.8301019554315,129.35678784338916,130.48509216308594,209719200
2024-12-20,129.61642290138565,135.07826717246132,128.0287975903948,134.49913024902344,306528600
2024-12-23,136.0767418582626,139.58150132927014,134.9184683016336,139.46168518066406,176053500
2024-12-24,139.79122163679293,141.6883821217358,138.44322876231024,140.01089477539062,105157000
2024-12-26,139.4916759779926,140.6399702368576,137.52461242783102,139.72132873535156,116205600
2024-12-27,138.343360478758,138.81266070877604,134.50909136357467,136.80564880371094,170582600
2024-12-30,134.628921256616,140.06081067569033,133.82013169900247,137.2849578857422,167734700
